date,open,high,low,close,volume,symbol,rsi,ema21,ema50,macd,macd_signal,bb_upper,bb_lower,fear_greed,fear_greed_label,btc_dominance,funding_rate
2025-10-10,1256.48,1280.01,858.45,1176.75,11729.5209,BNB,,1176.75,1176.75,0.0,0.0,,,64,Greed,59.3,
2025-10-11,1147.09,1183.43,1076.85,1136.14,6625.56777,BNB,,1155.4780952380952,1156.0389,-0.9111217948718604,-0.5061787749288114,,,27,Fear,59.3,
2025-10-12,1137.68,1349.0,1105.39,1303.45,12948.9885,BNB,,1209.5705438066466,1207.1542540994537,4.027323076362563,1.35181378707585,,,24,Extreme Fear,59.3,
2025-10-13,1302.64,1375.0,1253.21,1293.46,7408.01658,BNB,,1233.6293385046326,1230.04218592563,5.81404000655607,2.8634080348672524,,,38,Fear,59.3,
2025-10-14,1294.85,1319.81,1143.1,1209.43,5925.75656,BNB,,1227.8259525642495,1225.5834944347407,3.318767995651797,2.998867328294354,,,38,Fear,59.3,
2025-10-15,1209.88,1223.54,1146.4,1162.57,4674.01218,BNB,,1214.2048177266604,1214.003604549379,-0.2473717243556166,2.118956057626373,,,34,Fear,59.3,
2025-10-16,1164.22,1303.47,1123.35,1146.96,4132.06309,BNB,,1201.6480401017332,1203.2391403739841,-3.2372702807499536,0.7634380624994704,,,28,Fear,59.3,
2025-10-17,1144.8,1156.83,1021.79,1072.68,4805.05658,BNB,,1179.671415033171,1184.5450780210929,-8.72278062673081,-1.5162786769045558,,,22,Extreme Fear,59.3,
2025-10-18,1072.28,1131.26,1070.21,1093.11,2040.09821,BNB,,1166.0072597882638,1172.6859600826247,-11.37506589875602,-3.7937074348478608,,,23,Extreme Fear,59.3,
2025-10-19,1093.1,1133.53,1069.37,1110.64,2918.72891,BNB,,1157.8156538266242,1165.306345412537,-12.188072811976554,-5.674532571566087,,,29,Fear,59.3,
2025-10-20,1110.05,1143.46,1088.65,1102.66,1947.94698,BNB,,1150.095710405198,1158.405474706516,-13.029775859029996,-7.283817775473226,,,29,Fear,59.3,
2025-10-21,1102.51,1115.06,1052.25,1057.82,2117.35604,BNB,,1137.784174803106,1148.0593394102707,-15.932707111601758,-9.14123648446017,,,34,Fear,59.3,
2025-10-22,1056.78,1084.21,1053.83,1072.28,2971.96587,BNB,,1129.4009193218544,1140.7311341110985,-17.05742672164024,-10.81657737116734,,,25,Extreme Fear,59.3,
2025-10-23,1072.69,1160.92,1072.11,1127.69,4804.72144,BNB,45.90716454766911,1129.1897821980417,1139.5385572471603,-14.466402527213859,-11.580123517004294,,,27,Fear,59.3,
2025-10-24,1127.69,1143.65,1097.45,1109.03,2293.17231,BNB,44.5210355987055,1126.780252464584,1136.8871201292245,-13.43511791757146,-11.964651782696516,,,30,Fear,59.3,
2025-10-25,1109.01,1122.09,1101.92,1117.0,1067.84796,BNB,48.36510865108651,1125.6438171739949,1135.2374473487293,-12.000342842918826,-11.971996736820063,,,37,Fear,59.3,
2025-10-26,1117.01,1173.11,1115.51,1137.83,2081.9061,BNB,31.131516587677723,1127.0248898408624,1135.443492679983,-9.468148352110347,-11.459690959335218,,,40,Fear,59.3,
2025-10-27,1137.83,1181.0,1131.99,1138.95,6663.30158,BNB,32.034138740959534,1128.3467365060703,1135.7113897566305,-7.342047843231285,-10.621054810321644,,,51,Neutral,59.3,
2025-10-28,1138.92,1167.25,1072.81,1103.87,2903.5365,BNB,36.149162861491625,1125.6866299661563,1133.3659228512904,-7.869156835588683,-10.062627428661587,,,50,Neutral,59.3,
2025-10-29,1102.8,1120.46,1082.9,1107.33,4795.43677,BNB,41.82017413966713,1123.7264819044171,1131.5119526196677,-7.9549276471525445,-9.636170761738997,1269.8369278960404,1008.1280721039599,51,Neutral,59.3,
2025-10-30,1107.58,1128.77,1042.77,1079.01,2464.65538,BNB,40.30310814282045,1119.0261946911676,1127.8892831992664,-9.79948411259602,-9.669137496368732,1266.3045430022808,1001.8864569977192,34,Fear,59.3,
2025-10-31,1079.03,1104.4,1071.89,1088.77,1420.84393,BNB,52.81441315375195,1115.8904134362508,1125.268098723856,-10.456130432614145,-9.827706113497133,1265.4701730633478,997.9838269366523,29,Fear,59.3,
2025-11-01,1087.96,1096.56,1081.24,1094.93,457.24911,BNB,50.33507622063483,1113.7453664048317,1123.2902594587379,-10.422933762585444,-9.947458536852665,1228.5690592868066,1014.0329407131934,33,Fear,59.3,
2025-11-02,1094.93,1094.93,1072.12,1083.38,752.77453,BNB,44.868222891566276,1110.6729495960458,1120.7542590359487,-11.06815322537068,-10.172660962945107,1182.2454344346177,1039.3485655653824,37,Fear,59.3,
2025-11-03,1083.18,1086.95,960.81,993.15,3263.71222,BNB,34.259019692396166,1098.9026979641535,1112.8385217911375,-17.711246954259423,-11.686095756201317,1173.9981765660611,1025.9678234339387,42,Fear,59.3,
2025-11-04,993.43,1112.51,880.0,936.92,10567.67291,BNB,33.17280926400181,1082.8282656237911,1102.1691342840618,-26.623272072816462,-14.682587359693647,1187.2672644369993,990.133735563001,21,Extreme Fear,59.3,
2025-11-05,936.23,967.91,901.0,959.99,3062.42531,BNB,34.736985184178366,1070.7390101531307,1093.7269755228685,-31.620649218373273,-18.078410327558956,1189.4452790338312,969.258720966169,23,Extreme Fear,59.3,
2025-11-06,959.0,964.99,926.79,949.56,1104.07394,BNB,22.414594109084177,1058.9019125035302,1085.335958120068,-35.89449628586931,-21.64853314105852,1197.6874191758654,948.704580824135,27,Fear,59.3,
2025-11-07,949.58,998.32,925.43,990.73,7016.40538,BNB,32.87393595460077,1052.2874970752603,1079.932169558133,-35.843858939525035,-24.49199835004247,1197.4447169686632,938.7092830313369,24,Extreme Fear,59.3,
2025-11-08,990.88,1006.81,980.47,990.18,1906.38215,BNB,31.237424547283723,1046.2981183474456,1074.8957914448845,-35.42825790972233,-26.68196130480469,1194.2634291406032,929.844570859397,20,Extreme Fear,59.3,
2025-11-09,990.18,1006.68,975.59,996.14,849.58596,BNB,28.072673248939978,1041.48767145002,1070.5499064721653,-34.25728812051079,-28.198528603450928,1190.6213708669147,922.8346291330851,22,Extreme Fear,59.3,
2025-11-10,996.79,1018.97,971.93,991.97,1901.69563,BNB,27.466732078248654,1036.7622578320897,1066.2818710116612,-33.25301888890522,-29.210228211551446,1190.41871840745,916.4522815925502,29,Fear,59.3,
2025-11-11,992.27,1008.31,955.51,957.54,920.83203,BNB,27.521582844327057,1029.236186095856,1060.4634525359597,-34.63350526293493,-30.295571539888954,1190.8314734749802,904.5655265250197,26,Fear,59.3,
2025-11-12,957.93,977.79,938.05,952.42,1165.13472,BNB,26.324316062968094,1021.9684177330681,1054.7638571131176,-35.69447822654104,-31.375900669167038,1182.9063804162038,894.9636195837961,24,Extreme Fear,59.3,
2025-11-13,952.43,970.49,905.26,926.64,6790.85466,BNB,26.530297895936698,1012.9824399837152,1048.0952378837853,-38.042307445861866,-32.70972308715841,1178.1326599505242,881.4983400494757,15,Extreme Fear,59.3,
2025-11-14,925.21,932.8,887.13,915.24,1485.32668,BNB,23.405363984674366,1003.7997097900783,1041.2679698629497,-40.29809198583905,-34.22788954007605,1170.5019624299903,868.9530375700097,16,Extreme Fear,59.3,
2025-11-15,915.26,943.77,915.26,931.36,2716.88043,BNB,25.67442967193125,997.0147470733027,1035.6878610155093,-40.38180369689144,-35.458991983906714,1154.2891301657899,864.5188698342104,10,Extreme Fear,59.3,
2025-11-16,931.35,948.61,908.28,926.82,1497.77855,BNB,26.22114216281898,990.4581157907747,1030.223697954894,-40.32744330371975,-36.43288451743501,1134.5205722153712,863.0744277846288,10,Extreme Fear,59.3,
2025-11-17,926.16,937.92,890.44,906.24,1528.55947,BNB,33.257561163552325,982.6112089182367,1024.0684140493045,-41.38833966940126,-37.42414024843684,1121.161667150194,856.6703328498058,14,Extreme Fear,59.3,
2025-11-18,906.64,937.87,884.27,932.5,1058.42192,BNB,49.03737259343149,977.9527153913504,1019.5693428480427,-39.73759689487804,-37.88689308812804,1102.1796478594672,858.1693521405326,11,Extreme Fear,59.3,
2025-11-19,932.51,939.99,870.97,896.75,1348.46916,BNB,36.947907207132836,970.4193325812902,1013.5940673163343,-40.729328431417,-38.45544061512902,1089.1473048913672,852.9756951086327,15,Extreme Fear,59.3,
2025-11-20,894.91,914.12,865.55,865.83,1283.5406,BNB,34.0666032350143,960.7343612341724,1006.4724023447321,-43.41544707359935,-39.4475263041397,1073.2082381044697,846.6207618955303,11,Extreme Fear,59.3,
2025-11-21,866.13,875.94,790.0,830.11,2030.28097,BNB,18.787407695297333,948.658964744936,998.0480614220126,-47.774226461727494,-41.11297968054064,1055.332337463629,838.0146625363711,14,Extreme Fear,59.3,
2025-11-22,830.45,841.4,813.75,833.15,821.15793,BNB,19.777512606335875,937.9972524474542,990.2381270297082,-50.40492339123625,-42.971469608496015,1033.7931030700117,834.5308969299881,11,Extreme Fear,59.3,
2025-11-23,833.19,855.19,832.98,843.42,710.85002,BNB,21.086709579704646,929.2797227688147,983.3406881002891,-51.092185740145055,-44.59568357932175,1030.0743364945226,823.2766635054775,13,Extreme Fear,59.3,
2025-11-24,843.47,875.98,830.69,864.98,1527.58847,BNB,27.443248428008104,923.3604684212852,977.8230029462223,-49.371850479436716,-45.550950245529926,1029.9245612824773,816.2324387175227,19,Extreme Fear,59.3,
2025-11-25,864.63,866.97,837.24,862.39,584.85939,BNB,30.943320648908482,917.7541328571466,972.4813375705031,-47.66115071569959,-45.97300210465257,1026.8463919842975,809.5506080157028,20,Extreme Fear,59.3,
2025-11-26,862.5,896.8,851.48,891.73,976.81591,BNB,38.9199255121043,915.3636629554742,968.7707614335508,-43.489640505065154,-45.47631870832522,1023.5178598694428,807.0961401305573,15,Extreme Fear,59.3,
2025-11-27,890.81,903.71,883.92,895.54,674.10207,BNB,43.82691544263596,913.5444651549776,965.4282721603967,-39.42778714340898,-44.26659081307513,1013.0114623169247,808.0835376830753,22,Extreme Fear,59.3,
2025-11-28,895.27,905.29,877.01,887.65,650.25531,BNB,44.44623374531986,911.1701975477984,961.9008921872745,-36.41267228001914,-42.69578468716974,1001.1475209690714,809.6944790309285,25,Extreme Fear,59.3,
2025-11-29,887.6,889.22,868.84,873.17,242.57215,BNB,38.20871327254305,907.6886727273495,957.9013333466158,-34.76886578402673,-41.11038280445171,985.8216054713722,812.7233945286279,28,Fear,59.3,
2025-11-30,873.29,899.75,870.31,875.72,431.17314,BNB,39.56120281091682,904.7618243737994,954.218575902024,-32.884054420887765,-39.46510209911114,968.6681210620513,818.2518789379487,28,Fear,59.3,
2025-12-01,875.64,876.65,802.75,827.29,1705.74176,BNB,35.519606764241956,897.6735655870322,948.5622370600914,-34.834682131378486,-38.53901133814879,961.3450259563181,812.5499740436819,24,Extreme Fear,59.3,
2025-12-02,826.93,885.0,820.84,876.74,918.39837,BNB,40.57471264367817,895.7593768742787,945.3786352263357,-32.077370123124524,-37.2466755401404,950.9439242116835,815.3830757883165,23,Extreme Fear,59.3,
2025-12-03,877.86,922.74,874.16,920.8,1960.23834,BNB,53.95416132320541,898.0479019689444,944.294698836452,-26.08378636190389,-35.01408726311255,949.9095533805435,815.8334466194565,28,Fear,59.3,
2025-12-04,921.9,928.0,888.25,900.31,1754.15184,BNB,55.87033505856713,898.254540867664,942.364370164123,-22.70512555840753,-32.55228571147843,947.9672582269246,816.2827417730754,26,Fear,59.3,
2025-12-05,900.21,908.05,871.19,884.26,1991.61623,BNB,59.88102623991824,896.9767240777066,939.8262352222482,-21.064798587001746,-30.2547814097958,941.4342293306852,818.1057706693146,28,Fear,59.3,
2025-12-06,883.68,897.86,878.92,890.72,290.29481,BNB,60.37559023897921,896.4056615962538,937.6906985899556,-19.02956391255293,-28.009732534523174,935.8265518193847,820.1034481806151,23,Extreme Fear,59.3,
2025-12-07,890.6,905.71,871.5,894.7,2367.7073,BNB,59.45636940326032,896.2500392346528,935.8290686413411,-16.90368345556692,-25.7885184637311,934.284456498672,820.4915435013284,20,Extreme Fear,59.3,
2025-12-08,894.8,912.47,889.59,897.24,1596.33011,BNB,56.39774710455338,896.3403322144163,934.1648452036399,-14.844647151210552,-23.599740846935052,927.2742993787502,823.9757006212498,20,Extreme Fear,59.3,
2025-12-09,897.41,927.68,882.18,897.21,742.93891,BNB,56.97627824971951,896.419629680662,932.5773096580994,-13.06460956523074,-21.492712007384352,927.3373028127013,823.9586971872985,22,Extreme Fear,59.3,
2025-12-10,897.63,914.69,884.37,893.7,778.2183,BNB,50.44026281678809,896.1717177180471,930.9134154934476,-11.798872599979859,-19.55394222436358,929.117595849702,824.9654041502979,26,Fear,59.3,
2025-12-11,893.28,894.73,860.08,885.98,2082.08827,BNB,47.90019328764718,895.2429060633527,928.9971941610414,-11.284035941970842,-17.899959670107936,927.0810014459588,832.5889985540408,29,Fear,59.3,
2025-12-12,885.88,895.99,871.22,881.81,1298.12363,BNB,48.695962843872806,894.0189872893012,926.9917375791327,-11.082384919614128,-16.536443864116432,924.0919385494653,840.4440614505347,29,Fear,59.3,
2025-12-13,881.94,904.34,880.65,896.49,367.06869,BNB,55.202570051757995,894.2440838418787,925.6996568167783,-9.634248820727066,-15.156004162225722,922.9275262673114,846.9154737326887,23,Extreme Fear,59.3,
2025-12-14,896.66,899.0,870.17,877.61,336.323,BNB,50.393013100436676,892.7290857695776,923.6689232070855,-9.88725142384726,-14.102253191221898,922.5707608012264,848.5352391987734,21,Extreme Fear,59.3,
2025-12-15,877.61,895.06,841.22,858.79,612.72015,BNB,57.470119521912345,889.638505626868,920.9374394951402,-11.465956603440986,-13.57499370421105,922.8965505558277,847.8494494441721,16,Extreme Fear,59.3,
2025-12-16,857.5,877.62,847.28,874.63,631.78733,BNB,49.404728319133326,888.2720023551246,918.9934479563005,-11.314655847658514,-13.12292601666938,922.2105516026146,846.8254483973855,11,Extreme Fear,59.3,
2025-12-17,875.22,875.81,833.51,843.07,772.99589,BNB,26.406847568748915,884.1569978247331,915.8149597356665,-13.573133370392043,-13.212967505934373,923.461838633266,840.327161366734,16,Extreme Fear,59.3,
2025-12-18,842.59,852.76,817.97,828.88,870.12056,BNB,27.456921037682292,879.1254451095211,912.1850957853491,-16.314862462855785,-13.833346599402319,926.665588752654,831.2464112473463,17,Extreme Fear,59.3,
2025-12-19,830.0,861.89,822.06,856.08,765.70559,BNB,41.6912371741951,877.0279902296838,909.8484261710263,-16.115524870190825,-14.289782313645382,926.8483287875437,829.3546712124563,16,Extreme Fear,59.3,
2025-12-20,855.65,858.9,850.52,853.82,431.34347,BNB,38.8438747127827,874.9159627632735,907.5206118639908,-15.955223587714613,-14.622870603537516,926.9478181011893,827.0651818988104,20,Extreme Fear,59.3,
2025-12-21,853.86,859.3,845.77,857.52,249.7096,BNB,38.740157480314956,873.3330056787345,905.4480670958012,-15.353551538116903,-14.769006802765341,923.7296499192524,833.3063500807476,20,Extreme Fear,59.3,
2025-12-22,857.91,869.61,851.48,857.78,532.17038,BNB,37.88232403881587,871.9178721919477,903.4766128260715,-14.68644232192878,-14.75249390548506,923.7239127610853,831.4160872389145,25,Extreme Fear,59.3,
2025-12-23,857.78,860.88,837.86,843.77,402.06447,BNB,34.886877828054295,869.3569612595769,901.0125475142249,-15.110727170182145,-14.824140562287655,917.4769240431124,829.9600759568875,24,Extreme Fear,59.3,
2025-12-24,844.61,849.48,835.0,846.2,373.25669,BNB,36.484179376280466,867.2502772047078,898.7550946082637,-15.077528826029834,-14.874818217222119,914.5393110265383,827.4866889734616,24,Extreme Fear,59.3,
2025-12-25,846.14,847.35,826.49,829.69,273.71535,BNB,34.74608422307736,863.8334864032395,895.9162415305857,-16.19339767541635,-15.138534117961466,915.0364251390844,821.5325748609158,23,Extreme Fear,59.3,
2025-12-26,829.18,846.06,821.28,834.13,386.31387,BNB,37.0981707977054,861.1315734243123,893.3813652744775,-16.529643999866607,-15.416756102023365,913.326172954086,817.5838270459138,20,Extreme Fear,59.3,
2025-12-27,834.47,845.77,833.95,844.62,431.88162,BNB,35.638739686582866,859.629714790082,891.3844708416772,-15.769610782316931,-15.48732703964068,909.6048441581921,816.2971558418079,23,Extreme Fear,59.3,
2025-12-28,844.89,865.74,838.17,858.92,861.39115,BNB,44.69064257712629,859.5651637508068,890.0572781206525,-13.855895713129144,-15.161040768573395,904.8188059464677,817.2511940535325,24,Extreme Fear,59.3,
2025-12-29,858.48,870.65,845.38,851.31,428.92849,BNB,47.73058252427184,858.8143611087097,888.4758696589593,-12.804592770784325,-14.689751162354007,899.227704176376,818.252295823624,24,Extreme Fear,59.3,
2025-12-30,851.12,862.67,848.1,860.75,386.64509,BNB,45.61868686868687,858.9903993049068,887.3460875121641,-11.08320201594438,-13.968441324915638,894.1245224869471,820.0604775130531,23,Extreme Fear,59.3,
2025-12-31,861.04,876.08,856.64,862.72,497.41288,BNB,57.627513391817395,859.3295783180556,886.3441518122626,-9.451320072863155,-13.065017066332535,890.5222905327421,821.3367094672578,21,Extreme Fear,59.3,
2026-01-01,862.96,872.92,855.09,863.01,420.28303,BNB,64.85075276303195,859.6642737073187,885.3961735158114,-8.041971360860543,-12.060407917967774,887.5852752993926,822.3937247006074,20,Extreme Fear,59.3,
2026-01-02,863.11,890.23,858.79,880.98,2982.70648,BNB,61.780847842543515,861.6026545783624,885.2170138058985,-5.4145500429848425,-10.731236335275812,883.1894461570495,825.2385538429504,28,Fear,59.3,
2026-01-03,881.31,883.34,868.27,878.26,2696.69351,BNB,61.51309591106084,863.1173761166679,884.9351562051276,-3.5110567912028046,-9.287200419772894,883.333680952948,825.1593190470519,29,Fear,59.3,
2026-01-04,878.25,902.39,878.15,894.71,769.72216,BNB,65.64050803263521,865.9901525113145,885.3306622772374,-0.6689752862339446,-7.563555386678402,890.289108975428,821.7958910245723,25,Extreme Fear,59.3,
2026-01-05,895.07,916.03,890.27,910.24,3498.21904,BNB,69.55128205128206,870.0137822700804,886.3372803943608,2.802863684240606,-5.490271566348813,899.1163378595022,816.5296621404977,26,Fear,59.3,
2026-01-06,910.36,923.75,892.0,917.62,1434.02934,BNB,78.95397161452206,874.3425164599722,887.5999453755909,6.079122093609499,-3.176392828869968,910.0643263417329,813.036673658267,44,Fear,59.3,
2026-01-07,917.18,919.14,891.8,899.54,906.90605,BNB,68.62690319877075,876.6336280074275,888.0813297102512,7.135708259143257,-1.1139726073546286,913.8703784235659,816.2966215764341,42,Fear,59.3,
2026-01-08,899.23,903.61,874.12,891.6,1318.33959,BNB,72.99606269965084,877.9944401228182,888.2230350728761,7.249323373551192,0.558686591365147,916.8378866865417,816.8811133134586,28,Fear,59.3,
2026-01-09,891.62,900.15,884.79,895.44,559.3017,BNB,72.87515857025596,879.580646847785,888.5133728956879,7.561798668392385,1.9593090084711855,920.0851680762675,817.7958319237326,27,Fear,59.3,
2026-01-10,895.44,914.42,895.43,906.73,681.43791,BNB,73.03612491654921,882.0491189283866,889.2454835759399,8.620403733676653,3.2915279548063086,924.9123925499193,817.8896074500808,25,Extreme Fear,59.3,
2026-01-11,906.74,915.67,897.52,902.63,576.97456,BNB,67.53872080892384,883.9203486718917,889.7828727296666,9.024692612060903,4.438160887148238,928.4937671010142,818.793232898986,29,Fear,59.3,
2026-01-12,903.08,909.19,893.64,904.84,1097.46208,BNB,72.45197550541063,885.8223574398667,890.3868529672586,9.414771642108462,5.433483038759029,931.3440771019771,822.0499228980232,27,Fear,59.3,
2026-01-13,904.87,959.99,901.49,943.25,2185.64298,BNB,77.83776488055068,891.0436069416975,892.5054300949972,12.67537143018319,6.881860717764172,941.7478372650241,821.351162734976,26,Fear,59.3,
2026-01-14,943.29,953.66,928.0,948.55,1982.38666,BNB,78.32486304534352,896.2719658369645,894.7495758529415,15.508060636803862,8.60710070225851,949.57311545917,825.4118845408299,48,Neutral,59.3,
2026-01-15,948.27,948.45,924.0,931.03,1200.95249,BNB,70.1552684603532,899.432064595456,896.2011228123201,16.153727022538305,10.116425966794868,951.9590968906344,832.7159031093655,61,Greed,59.3,
2026-01-16,931.17,938.87,924.14,937.6,623.70277,BNB,67.99288165755688,902.9021538954258,897.8561413417113,16.99934985713776,11.493010745213965,955.4302839745422,838.5427160254577,49,Neutral,59.3,
2026-01-17,937.78,958.76,935.19,946.88,677.30849,BNB,70.93349603416718,906.9004300427034,899.8144949713627,18.208105474825174,12.836029691409784,960.993604382325,841.7753956176748,50,Neutral,59.3,
2026-01-18,946.5,953.1,931.52,931.73,714.36235,BNB,61.38376383763838,909.1578125920765,901.0884904276912,17.739543870341663,13.81673252735598,961.5405632427088,849.2704367572913,49,Neutral,59.3,
2026-01-19,931.01,1235.0,900.28,923.22,12758.72979,BNB,54.17148733770408,910.436269936741,901.9713109010676,16.49165231041627,14.351716484037784,961.03675978743,856.0212402125698,44,Fear,59.3,
2026-01-20,923.25,937.11,882.0,882.92,10648.85683,BNB,40.79575596816975,907.9346544642668,901.211870709235,12.112277096246316,13.903828606432777,959.0269302243937,860.0510697756065,32,Fear,59.3,
2026-01-21,882.83,892.7,863.92,882.51,17561.66067,BNB,45.01551249780484,905.6232076771724,900.4668423915989,8.510421541269125,12.825147193310045,956.807386773351,864.2206132266488,24,Extreme Fear,59.3,
2026-01-22,882.67,896.46,877.3,886.93,798.95381,BNB,48.60438706592551,903.9237485875175,899.9279087316504,5.94396740300931,11.448911235158036,956.3764834504723,865.2465165495278,20,Extreme Fear,59.3,
2026-01-23,887.23,903.62,882.54,890.49,603.68225,BNB,48.51823025803746,902.7024486897044,899.5523873636698,4.149392312063696,9.989007450461209,955.4509366335767,867.3950633664235,24,Extreme Fear,59.3,
2026-01-24,890.16,892.88,885.24,886.14,252.07038,BNB,43.56924230120556,901.1967154660736,899.0190325512531,2.3491792211053735,8.461041804524768,955.8660469452844,866.1229530547156,25,Extreme Fear,59.3,
2026-01-25,885.57,886.05,855.0,865.03,1164.48557,BNB,39.384528514963286,897.9087209352408,897.6681733925301,-0.7716167172072801,6.614510100115251,958.0960000447792,859.3719999552209,25,Extreme Fear,59.3,
2026-01-26,864.56,880.36,864.1,878.39,1141.49196,BNB,42.97476759628153,896.1342371496648,896.9023867627709,-2.1423544603106848,4.863137187982181,957.7394266857364,855.8055733142637,20,Extreme Fear,59.3,
2026-01-27,878.09,899.75,875.26,897.13,833.79713,BNB,36.32103452366829,896.224763577828,896.9114236559973,-1.6972400269011132,3.5510617449768236,957.7022528886953,855.6017471113048,29,Fear,59.3,
2026-01-28,898.19,907.98,893.43,900.96,778.93825,BNB,35.760876069654756,896.6552505651446,897.0720853898273,-1.0236903872505536,2.636111318515338,957.7592092729458,856.480790727054,29,Fear,59.3,
2026-01-29,901.82,905.0,851.48,867.07,1790.46992,BNB,32.570307390451305,893.9656201431934,895.8820539595648,-3.187337957765294,1.4714214632429081,959.2255279638352,852.1774720361645,26,Fear,59.3,
2026-01-30,867.09,868.04,831.24,857.21,2134.95267,BNB,28.478877764094904,890.6241298930428,894.3488174362772,-5.632606754254198,0.0506158197275761,960.9647663891539,845.4862336108464,16,Extreme Fear,59.3,
2026-01-31,857.4,859.23,748.4,780.6,7356.74081,BNB,17.280598189689115,880.6217451326228,889.840946559198,-13.594681951910616,-2.6784437346245116,976.7649723697534,817.4830276302466,20,Extreme Fear,59.3,
2026-02-01,780.67,788.18,740.0,758.29,2686.72397,BNB,16.807012171782915,869.5004841985802,884.6297358008726,-21.457313969691086,-6.434217781664744,990.6029837670353,788.9900162329648,14,Extreme Fear,59.3,
2026-02-02,758.42,780.49,728.38,772.83,3665.87054,BNB,21.867634404579334,860.7121195728529,880.2027039503515,-26.213210029070183,-10.390016231168513,991.4342234713712,771.1167765286287,14,Extreme Fear,59.3,
2026-02-03,771.62,782.29,735.5,753.63,3388.07374,BNB,23.74182541939156,850.9772416687549,875.192608765408,-31.172051462529907,-14.546423277459857,990.7451919157347,752.3138080842652,17,Extreme Fear,59.3,
2026-02-04,753.57,764.18,685.58,695.64,3045.91374,BNB,19.241531421799422,836.8554899331239,868.0880312715254,-39.327429321348404,-19.50262448625575,999.032693360147,720.4873066398529,14,Extreme Fear,59.3,
2026-02-05,696.1,700.78,600.66,606.7,5454.99986,BNB,13.914857451904552,815.932015316984,857.7490164807251,-52.36301401991477,-26.074702393006852,1017.7162455392138,668.713754460786,12,Extreme Fear,59.3,
2026-02-06,607.44,669.33,571.52,657.58,3517.19027,BNB,23.266224375014374,801.5362222816623,849.834155509356,-57.920892767374426,-32.44394046789532,1014.6588337982109,642.8411662017891,9,Extreme Fear,59.3,
2026-02-07,656.6,663.24,630.0,647.41,2089.42589,BNB,22.959472623065963,787.5246101330642,841.8327264256645,-62.42648925065703,-38.44045022445892,1010.4971387894441,618.5708612105559,6,Extreme Fear,59.3,
2026-02-08,646.81,653.05,633.22,640.2,835.37644,BNB,23.705938764531155,774.1313443643222,833.8650696650566,-65.82020145848014,-43.916400471271395,1004.0246107928738,596.7413892071263,7,Extreme Fear,59.3,
2026-02-09,640.7,645.43,615.92,636.15,771.14527,BNB,21.0391659891923,761.5874841302355,826.0545650211533,-68.05204743481295,-48.74352986398551,1000.3488505987536,575.7401494012465,14,Extreme Fear,59.3,
2026-02-10,636.93,641.14,613.38,619.36,477.13405,BNB,16.635837317125933,748.6576175877512,817.8916879921619,-70.36439692363308,-53.06770327591918,995.0141096052427,554.7598903947572,9,Extreme Fear,59.3,
2026-02-11,619.28,623.67,587.37,606.63,2715.14351,BNB,15.386786461885848,735.7459295125087,809.5507525971128,-72.38961974868198,-56.93208657047472,986.5844931924653,535.1595068075349,11,Extreme Fear,59.3,
2026-02-12,607.9,620.15,600.04,613.96,669.39725,BNB,18.25092195378943,724.6744139643223,801.8305821468873,-72.56667502871824,-60.05900426212534,973.2047281627233,520.8862718372766,5,Extreme Fear,59.3,
2026-02-13,613.69,622.45,592.29,618.77,1135.09226,BNB,19.707287325947775,715.0466866767014,794.6068351695263,-71.49473225148301,-62.34614985999801,956.8059320078155,510.5480679921846,9,Extreme Fear,59.3,
2026-02-14,618.86,636.76,615.97,632.33,658.07782,BNB,27.56951378173129,707.526950048973,788.204805149199,-68.75847382591655,-63.62861465318222,940.5518387379026,503.5321612620975,9,Extreme Fear,59.3,
2026-02-15,632.22,641.65,609.26,614.67,972.06819,BNB,27.962928865156826,699.0853705194261,781.3602463065804,-67.23981584214994,-64.35085489097598,919.3205228661218,498.39147713387825,8,Extreme Fear,59.3,
2026-02-16,614.16,630.49,604.98,626.9,442.30685,BNB,27.448616906196875,692.5230368182107,775.2694045183123,-64.30814218363889,-64.34231234950857,888.9372479584565,501.75175204154334,12,Extreme Fear,59.3,
2026-02-17,626.93,630.88,609.96,617.54,462.91491,BNB,28.30958528577348,685.7063713365262,769.0510015666334,-62.02502473279458,-63.878854826165686,851.4863291085223,510.86067089147787,10,Extreme Fear,59.3,
2026-02-18,617.53,624.47,601.09,604.33,423.05175,BNB,33.02346335477634,678.3084939711556,762.5583141592323,-60.583167578614166,-63.219717376655275,817.1930643384983,518.8799356615018,8,Extreme Fear,59.3,
2026-02-19,604.64,613.79,596.06,607.64,1237.04075,BNB,50.256410256410234,671.8840653555499,756.4532366983092,-58.49906089842091,-62.275586081008285,777.3199317572805,533.7960682427195,9,Extreme Fear,59.3,
2026-02-20,607.65,629.45,601.12,625.89,1024.80662,BNB,39.483639742483554,667.7027748103071,751.3089442136419,-54.74375955979076,-60.76922077676462,754.9095549698085,540.7354450301915,7,Extreme Fear,59.3,
2026-02-21,626.65,634.35,623.66,626.03,522.51157,BNB,42.39903299203641,663.9143309541765,746.3737703754063,-51.16654181301624,-58.84868498401479,735.0946330588356,547.3243669411645,8,Extreme Fear,59.3,
2026-02-22,625.32,626.64,609.95,614.63,373.05341,BNB,41.17240903127804,659.4339267135817,741.184847092469,-48.690159964537884,-56.81697998011927,704.3808296902073,562.2181703097929,9,Extreme Fear,59.3,
2026-02-23,614.68,615.18,583.39,596.14,1370.35262,BNB,37.439568029132914,653.6799210967172,735.4730167676366,-47.670049193778254,-54.98759382285097,670.5234478668796,580.3265521331203,5,Extreme Fear,59.3,
2026-02-24,596.75,602.35,577.13,584.05,473.95418,BNB,38.577990554441335,647.3499159893148,729.5109938657712,-47.291989499284114,-53.44847295813753,654.8492907571468,584.8417092428532,8,Extreme Fear,59.3,
2026-02-25,584.08,640.92,581.84,629.58,929.53848,BNB,56.12424614399317,645.7344662320787,725.5770015274744,-42.82490049757871,-51.32375846602568,655.6784701718087,586.3005298281911,11,Extreme Fear,59.3,
2026-02-26,629.55,633.43,615.04,625.74,527.92205,BNB,53.20317598433759,643.9167845693565,721.6473043611454,-39.14332956307635,-48.887672685435746,649.6553580485452,589.1396419514547,11,Extreme Fear,59.3,
2026-02-27,625.83,633.52,605.74,614.24,567.26918,BNB,48.811460355774784,641.2188911306649,717.4202463209015,-36.73019184155419,-46.45617651665938,645.0218945061423,590.4561054938575,13,Extreme Fear,59.3,
2026-02-28,613.41,621.0,589.05,617.03,523.70171,BNB,45.74527252502779,639.0198981140583,713.4698993870567,-34.1984180687557,-44.00462482707861,641.7320670538612,591.4289329461386,11,Extreme Fear,59.3,
2026-03-01,617.21,632.12,611.14,616.79,958.73284,BNB,50.65278975243257,636.9989958511109,709.6660648192259,-31.844253489261177,-41.572550559515086,639.022773835527,592.2022261644729,14,Extreme Fear,59.3,
2026-03-02,618.11,652.92,613.3,637.37,803.91611,BNB,53.066244948163785,637.032723537945,706.8219698436,-27.995238619503652,-38.857088171512764,641.8375103657481,591.1884896342519,10,Extreme Fear,59.3,
2026-03-03,637.57,641.83,620.67,633.62,963.59823,BNB,54.86918604651165,636.7224756347208,703.9425936309415,-24.959735795903043,-36.077617696390796,643.8376872492441,591.8873127507558,14,Extreme Fear,59.3,
2026-03-04,633.71,666.19,626.39,658.5,1070.01195,BNB,65.32043667628258,638.7022523687968,702.1553363329656,-20.312346179186648,-32.92456339294994,651.685170906023,588.4938290939771,10,Extreme Fear,59.3,
2026-03-05,658.49,665.14,646.79,647.43,1525.32554,BNB,60.78027634787318,639.4956846244411,700.0032347650706,-17.322816251141603,-29.804213964588257,655.3846122697643,587.6603877302358,22,Extreme Fear,59.3,
2026-03-06,648.26,651.67,625.03,627.62,1391.59064,BNB,50.46477889420236,638.4160761237982,697.1570399678442,-16.363449230564242,-27.116061017783444,654.897214049047,587.6767859509531,18,Extreme Fear,59.3,
2026-03-07,627.31,630.23,617.82,620.21,617.84533,BNB,48.495190816009945,636.760977168944,694.1317101054464,-16.016435513652368,-24.89613591695722,655.0356265703485,588.0923734296516,12,Extreme Fear,59.3,
2026-03-08,620.07,623.7,608.0,611.95,780.23581,BNB,49.29562657695544,634.5054323956733,690.9008959625443,-16.220946400819685,-23.16109801372971,654.4537051376951,587.1792948623049,12,Extreme Fear,59.3,
2026-03-09,612.07,642.65,611.5,634.67,855.46564,BNB,59.90641230009769,634.520393095383,688.6905028448415,-14.38391482123393,-21.40566137523055,655.8273081046441,587.5186918953559,8,Extreme Fear,59.3,
2026-03-10,635.04,652.57,634.94,642.05,597.24037,BNB,65.28246205733558,635.2049031636815,686.8572721619311,-12.192012340540941,-19.562931568292626,657.8465063328904,589.2714936671096,13,Extreme Fear,59.3,
2026-03-11,642.2,655.56,634.83,651.41,991.57944,BNB,57.10658245979555,636.6780944693575,685.4641227787794,-9.589108181827896,-17.568166890999677,661.320198505301,590.1748014946991,15,Extreme Fear,59.3,
2026-03-12,651.73,657.43,640.64,651.58,645.49373,BNB,58.61792956243331,638.0328137259346,684.1325232845613,-7.426957114916831,-15.539924935783105,664.4345867948869,589.6294132051132,18,Extreme Fear,59.3,
2026-03-13,651.71,679.12,650.84,656.08,2905.23681,BNB,64.63755947383153,639.6734676533016,683.0301890704244,-5.289354316574418,-13.489810811941366,668.1182853433312,588.9507146566688,15,Extreme Fear,59.3,
2026-03-14,655.65,658.08,650.53,657.82,275.66438,BNB,64.3758370339043,641.3231529877207,682.0396243535238,-3.41551418392703,-11.474951486338497,671.7682533776084,589.6197466223917,16,Extreme Fear,59.3,
2026-03-15,657.71,679.11,654.69,673.91,1356.37222,BNB,68.10803956378393,644.2855945649201,681.720217679645,-0.6249566235815109,-9.304952513787098,676.5973669802731,592.5676330197268,15,Extreme Fear,59.3,
2026-03-16,674.68,687.06,670.17,679.59,887.66595,BNB,64.780843019185,647.4950868936426,681.6365292238427,2.021602736964496,-7.039641463636779,678.8314884555261,599.8875115444739,23,Extreme Fear,59.3,
2026-03-17,679.08,686.0,663.77,668.6,1253.12017,BNB,61.65533786485407,649.4137158608407,681.1244078889923,3.1953883494463753,-4.992635501020148,682.5643230317924,600.0566769682077,28,Fear,59.3,
2026-03-18,668.84,676.64,644.7,652.1,1523.59015,BNB,47.74138904573688,649.6579235680562,679.9843030816891,2.7623723659629604,-3.441633927623526,683.470043491137,601.7869565088631,26,Fear,59.3,
2026-03-19,652.15,655.64,633.41,639.08,1034.3023,BNB,47.093225649237645,648.6962939444321,678.3776500951517,1.3530063298844652,-2.4827058761219276,682.5295606115826,605.2114393884176,23,Extreme Fear,59.3,
2026-03-20,639.02,647.48,635.99,642.04,798.24326,BNB,55.68701687963401,648.0911761939342,676.9504570561134,0.4695078496957876,-1.8922631309583846,681.6857151744828,608.5562848255172,11,Extreme Fear,59.3,
2026-03-21,642.36,646.25,628.43,630.25,247.91361,BNB,53.82738639829215,646.4692507949769,675.1163660893502,-1.1685520120929596,-1.7475209071852997,680.6171316950989,610.970868304901,12,Extreme Fear,59.3,
2026-03-22,629.0,637.25,622.6,626.39,435.38827,BNB,55.69580309245818,644.6438640619346,673.2028212119652,-2.7465346400670114,-1.9473236537616423,680.9620556339611,609.5279443660389,10,Extreme Fear,59.3,
2026-03-23,626.73,650.05,620.49,638.88,3075.57403,BNB,51.8064017849481,644.1198763424002,671.8549962985189,-2.9551957660736434,-2.1488980762240426,680.9409686502556,610.0750313497444,8,Extreme Fear,59.3,
2026-03-24,639.78,640.05,625.75,638.05,451.79437,BNB,48.181487543189675,643.5680693279481,670.5275767313456,-3.151209892864358,-2.3493604395521057,679.5178822980291,609.4531177019709,11,Extreme Fear,59.3,
2026-03-25,638.39,652.05,637.6,647.38,559.39135,BNB,48.167348794906786,643.9146085223341,669.6186882784998,-2.5245992776111734,-2.3844082071639194,679.514504677955,609.4514953220449,14,Extreme Fear,59.3,
2026-03-26,647.78,648.32,622.73,628.64,590.0847,BNB,41.07531901649547,642.526007593191,668.0097413781132,-3.499820084520252,-2.607490582635186,679.4649631310781,609.6030368689219,10,Extreme Fear,59.3,
2026-03-27,628.59,631.24,605.78,613.46,861.17485,BNB,34.69109195402298,639.883642999465,665.8680553662404,-5.434935591932344,-3.1729795844946183,680.2300406765113,608.1629593234887,13,Extreme Fear,59.3,
2026-03-28,613.48,618.25,609.69,610.6,350.91286,BNB,33.174173318129974,637.2214933912662,663.6982661793584,-7.1172627921779394,-3.9618362260312834,680.421012112302,607.836987887698,12,Extreme Fear,59.3,
2026-03-29,610.36,614.81,597.0,605.47,730.13556,BNB,23.546691403834302,634.3349937509463,661.4123608358923,-8.763446988721284,-4.922158378569285,682.7181455458037,602.6198544541965,9,Extreme Fear,59.3,
2026-03-30,605.78,620.64,604.91,608.36,1463.8044,BNB,21.86142055779409,631.9736305033616,659.3297368235521,-9.722783116405253,-5.882283326136479,683.8764334705688,598.092566529431,8,Extreme Fear,59.3,
2026-03-31,608.84,619.41,599.0,616.84,1184.87554,BNB,29.1391262292439,630.5978458171705,657.6618265425394,-9.6871325512069,-6.6432531711505645,683.1534208090386,595.3585791909613,11,Extreme Fear,59.3,
2026-04-01,616.92,620.96,609.72,610.6,914.09158,BNB,31.766256590509656,628.7798597196972,655.8145130651266,-10.04658356999255,-7.323919250918962,682.4862254443882,591.9277745556118,8,Extreme Fear,59.3,
2026-04-02,610.53,613.56,570.38,583.17,899.79226,BNB,28.195928554714897,624.6335085995257,652.9631109152523,-12.401859000839977,-8.339507200903165,683.9003581829141,583.2226418170859,12,Extreme Fear,59.3,
2026-04-03,583.59,590.67,582.03,588.24,443.28917,BNB,29.35850214855745,621.3250076461501,650.4227260929782,-13.701384528180824,-9.411882666358698,682.9178904021636,577.2471095978364,9,Extreme Fear,59.3,
2026-04-04,588.18,596.04,587.21,593.52,318.87266,BNB,35.16678782004686,618.7972795591322,648.1893684321318,-14.142194024350488,-10.357944937957058,677.0590510752044,575.0669489247956,11,Extreme Fear,59.3,
2026-04-05,593.26,603.49,586.92,601.4,319.68921,BNB,40.22529922553392,617.2157086223262,646.3530074606255,-13.697789620525668,-11.025913874470781,667.5529594333879,576.7540405666122,12,Extreme Fear,59.3,
2026-04-06,601.4,610.05,596.74,600.21,476.74524,BNB,33.40770617008499,615.669735050962,644.542071903651,-13.288438028471887,-11.478418705271004,659.4658757369997,578.0021242630004,13,Extreme Fear,59.3,
2026-04-07,599.92,624.77,592.24,620.21,768.26379,BNB,43.42667649226237,616.0824864245874,643.5871607666073,-11.220845591164334,-11.42690408244967,654.7488412108953,579.5301587891047,11,Extreme Fear,59.3,
2026-04-08,619.97,621.28,599.34,601.17,829.71874,BNB,34.11044632418678,614.7268057968741,641.9225498046814,-10.99192324343494,-11.339907914646725,652.0091954406778,578.478804559322,17,Extreme Fear,59.3,
2026-04-09,601.06,611.88,597.05,602.75,1063.83434,BNB,39.90643274853803,613.6380052380084,640.3853129676445,-10.561264241886079,-11.184179180094597,648.1668896536254,578.3921103463746,14,Extreme Fear,59.3,
2026-04-10,602.83,610.32,597.24,605.97,545.96527,BNB,46.779602717344574,612.9409138341813,639.0347994648392,-9.84663113028273,-10.916669570132225,646.1468957430042,577.9841042569957,16,Extreme Fear,59.3,
2026-04-11,605.91,614.16,603.73,607.38,328.87672,BNB,48.59804946011842,612.43537620066,637.7926452986873,-9.0620425069377,-10.54574415749332,644.5688673714574,577.6611326285426,15,Extreme Fear,59.3,
2026-04-12,607.14,607.73,589.29,592.41,476.85998,BNB,44.76259223612446,610.6148874151011,636.0118462737582,-9.538252482762687,-10.344245822547194,640.5372818333766,577.0457181666235,16,Extreme Fear,59.3,
2026-04-13,591.95,617.61,591.95,615.02,881.57371,BNB,52.30609418282547,611.0153522035545,635.1881533530541,-7.999007712894581,-9.875198200616673,636.4524242207334,578.8275757792668,12,Extreme Fear,59.3,
2026-04-14,615.73,625.64,610.7,614.09,752.01863,BNB,48.99525027402266,611.2948656446762,634.3603081381394,-6.776077923731464,-9.255374145239632,628.2189553118968,583.7320446881032,21,Extreme Fear,59.3,
2026-04-15,614.14,627.89,610.55,622.8,2676.73954,BNB,54.37840941716908,612.3407869669909,633.9067170609608,-5.04590730868415,-8.413480777928536,626.7989353869574,584.5680646130426,23,Extreme Fear,59.3,
2026-04-16,622.93,637.24,615.36,635.91,791.99464,BNB,71.096,614.4834427294554,633.9853180762823,-2.587045819153559,-7.24819378617354,631.7092227041893,581.9027772958106,23,Extreme Fear,59.3,
2026-04-17,636.14,646.05,627.0,643.8,2031.03251,BNB,71.73368799874822,617.1485843359058,634.3704000830969,-0.0017039433199670384,-5.798895817602825,638.3600567232056,578.5719432767944,21,Extreme Fear,59.3,
2026-04-18,643.72,648.85,628.46,630.05,1024.1268,BNB,63.40157018123119,618.3214403199316,634.2008912071711,0.9270025403146747,-4.4537161460193255,641.0555306749158,578.3344693250841,26,Fear,59.3,
2026-04-19,630.09,630.54,615.0,616.32,450.27786,BNB,55.248346700436215,618.139491197884,633.499356027418,0.5487871784550862,-3.453215481124443,641.5839645186933,578.6020354813069,27,Fear,59.3,
2026-04-20,616.82,632.13,616.54,629.42,622.6518,BNB,59.48068808828301,619.1649920085996,633.3393103163604,1.2912245188313136,-2.5043274811332914,643.2653544675684,578.1786455324316,29,Fear,59.3,
2026-04-21,630.46,640.69,625.34,632.03,567.37207,BNB,54.32460120005852,620.3345382005463,633.2879429304575,2.0663964481949506,-1.5901826952676428,645.7024674678933,577.8845325321067,33,Fear,59.3,
2026-04-22,632.29,655.79,631.52,637.77,984.20713,BNB,64.83463035019459,621.9195801957569,633.4637818468075,3.108067810878424,-0.6505325940384292,647.508509849,581.538490151,32,Fear,59.3,
2026-04-23,637.78,640.51,631.29,638.56,905.52173,BNB,64.60797911397569,623.4323456441692,633.6637121632142,3.9517924439683156,0.26993241356292,649.2505719604903,584.8284280395098,46,Fear,59.3,
2026-04-24,638.79,640.41,632.24,636.53,452.58689,BNB,62.5885648376998,624.6230415030445,633.7761580938892,4.405858303538139,1.097117591557964,650.5204869181454,587.8595130818545,39,Fear,59.3,
2026-04-25,636.38,638.6,627.48,628.63,399.34316,BNB,58.30922030186911,624.9873104596342,633.5742746851108,4.081199405162579,1.6939339542788872,650.9805479468079,590.1224520531922,31,Fear,59.3,
2026-04-26,628.8,638.11,627.18,635.98,302.46819,BNB,68.11642411642418,625.9866458781831,633.6686497707153,4.366652289391368,2.2284776213013835,651.9281925241111,592.7518074758888,33,Fear,59.3,
2026-04-27,636.05,639.78,618.93,626.98,720.52887,BNB,55.60765191297828,626.0769507988239,633.406261852228,3.8225867099606603,2.547299439033239,652.3189469566711,593.0380530433289,47,Neutral,59.3,
2026-04-28,626.62,627.49,619.41,624.43,915.01067,BNB,54.77554036578604,625.9272279982141,633.0541382125406,3.149343494595769,2.667708250145745,651.700325512737,595.982674487263,33,Fear,59.3,
2026-04-29,624.59,629.53,610.13,617.22,579.28681,BNB,47.38666167103787,625.1356618131135,632.432999474456,2.010827184250502,2.5363320369666966,650.8230958944428,598.3069041055571,26,Fear,59.3,
2026-04-30,617.33,620.32,613.2,614.89,546.98943,BNB,39.04980204209208,624.2042380082364,631.7448341834626,0.9100429001440489,2.211074209602167,650.2213545143379,599.8006454856622,29,Fear,59.3,
2026-05-01,615.12,622.79,613.89,615.16,408.72309,BNB,33.79357175192392,623.3820345499851,631.0942627575814,0.05877267130392738,1.7806139019425191,649.6881084180729,601.111891581927,26,Fear,59.3,
2026-05-02,615.25,621.17,614.17,617.93,556.87199,BNB,42.16851899715686,622.8863950438205,630.5778754866548,-0.3878780789859775,1.3469155057568198,645.7987628482161,607.553237151784,39,Fear,59.3,
2026-05-03,618.01,622.27,615.13,617.28,599.12029,BNB,50.74650077760491,622.3767227655945,630.0562526765915,-0.7852497074433131,0.9204824631167933,645.6466237829316,607.9313762170684,47,Neutral,59.3,
2026-05-04,617.18,638.77,615.61,622.58,770.15317,BNB,43.94690265486733,622.3952025142268,629.7629920266928,-0.6648400646945447,0.6034179575545257,645.2310029230105,609.1959970769894,40,Fear,59.3,
2026-05-05,622.58,634.56,622.58,630.52,2250.87695,BNB,48.7789099142811,623.1338204692934,629.7926858391497,0.07046474717378715,0.49682731547837794,645.5495388212938,609.6494611787062,50,Neutral,59.3,
2026-05-06,630.32,663.77,629.38,647.69,1516.16453,BNB,56.770406770406815,625.3662004316158,630.4947054170566,2.0154417211530244,0.8005501966133074,647.9667115896749,608.410288410325,46,Fear,59.3,
2026-05-07,648.04,653.12,633.48,637.22,1522.18957,BNB,49.19218712322166,626.4438185763839,630.7585017122758,2.6811024797855225,1.1766606532477508,646.7429547185362,608.9760452814638,47,Neutral,59.3,
2026-05-08,637.1,651.61,634.47,649.44,1510.3762,BNB,56.9311714807259,628.5343805278437,631.4912676243516,4.146892423387612,1.7707070072757232,650.0342584342869,607.623741565713,38,Fear,59.3,
2026-05-09,649.67,655.92,646.36,649.83,560.84848,BNB,62.380284980144836,630.4703459376516,632.210582745597,5.2791564215584685,2.4723968901322726,652.8148473516013,608.1941526483987,38,Fear,59.3,
2026-05-10,649.8,666.5,644.76,663.36,1681.35944,BNB,64.91285403050108,633.4603144933347,633.4323719164879,7.185412679536853,3.415000048013189,658.8967850361188,605.5062149638812,47,Neutral,59.3,
2026-05-11,664.25,672.83,649.33,669.86,1290.63489,BNB,74.00895856662932,636.769376816711,634.8611798259187,9.115551732477797,4.5551103849061105,665.6545002645486,602.5314997354513,48,Neutral,59.3,
2026-05-12,670.51,671.38,650.47,664.78,1073.6367,BNB,71.96994446259393,639.3157971093109,636.0346826925924,10.11864586482784,5.667817480890457,669.8506720033032,601.036327996697,49,Neutral,59.3,
2026-05-13,664.78,685.34,663.53,671.28,1322.21276,BNB,79.66417910447754,642.2216337390672,637.4170962480118,11.307752110330398,6.795804406778447,675.0388031243455,599.1201968756546,42,Fear,59.3,
2026-05-14,671.21,687.14,665.45,678.08,2396.89129,BNB,83.0526205670049,645.48148522073,639.0119906649757,12.65297489834552,7.967238505091862,681.3064464470318,597.0075535529683,34,Fear,59.3,
2026-05-15,678.03,689.99,668.83,672.07,5413.31982,BNB,78.08151583933682,647.8986229302255,640.3085946606676,13.083300751803222,8.990450954434136,685.6171269107746,597.0408730892253,43,Fear,59.3,
2026-05-16,671.66,674.64,649.99,656.07,1419.63758,BNB,66.64629888268158,648.6414753917537,640.9267858591453,11.99499997164844,9.591360757876998,687.0203313465073,597.6466686534926,31,Fear,59.3,
2026-05-17,656.54,657.16,639.24,648.97,3900.74426,BNB,63.09395917692753,648.6713412652541,641.2422535171677,10.439265765364098,9.760941759374418,687.6084192664896,599.2575807335104,27,Fear,59.3,
2026-05-18,649.06,649.06,633.9,642.99,3926.47237,BNB,58.38606294683209,648.154855695318,641.3108025106823,8.624382678602046,9.533629943219944,687.6259851861712,601.0960148138288,28,Fear,59.3,
2026-05-19,642.99,646.6,636.15,639.43,763.17592,BNB,53.797630210553216,647.3616869952306,641.2370352973504,6.820193573119923,8.99094266919994,686.9046335883382,604.0383664116617,25,Extreme Fear,59.3,
2026-05-20,639.15,650.74,637.01,648.87,761.71253,BNB,50.53841941960209,647.4988063593812,641.5364072213978,6.081980505106685,8.40915023638129,686.0304003032774,608.3105996967225,27,Fear,59.3,
2026-05-21,648.98,658.76,645.68,657.55,1011.15054,BNB,59.43037387512751,648.4125512362896,642.1644718281347,6.126719755480394,7.952664140201111,685.3196737353447,613.2603262646552,29,Fear,59.3,
2026-05-22,658.03,663.39,647.62,649.81,718.59713,BNB,50.17907269383404,648.5395920330524,642.4643334237951,5.474515826098468,7.457034477380582,683.7542606910324,618.0137393089674,28,Fear,59.3,
2026-05-23,649.63,662.82,634.81,655.58,1069.8795,BNB,52.645137547152444,649.1796291212395,642.9787342089699,5.361427085049968,7.03791299891446,681.642081009264,623.955918990736,28,Fear,59.3,
2026-05-24,656.13,661.44,649.16,655.92,671.4793,BNB,46.104712041884795,649.7923901104639,643.486292580114,5.238848417154145,6.6781000825623975,679.5662649598431,629.3657350401569,25,Extreme Fear,59.3,
2026-05-25,656.43,672.33,655.04,662.35,895.09096,BNB,46.065178664990064,650.9339910099295,644.226126692137,5.596043484359598,6.461688762921837,678.6788675188469,633.4361324811531,30,Fear,59.3,
2026-05-26,662.56,667.15,652.89,655.58,739.15003,BNB,45.26359143327847,651.3563554637125,644.6714233972984,5.272067624948136,6.223764535327097,678.7315640135364,634.1724359864636,34,Fear,59.3,
2026-05-27,655.82,660.0,646.0,648.0,1031.58544,BNB,38.14663951120167,651.0512322396465,644.801968987165,4.353487488668975,5.849709125995473,677.7834894335381,636.1985105664619,25,Extreme Fear,59.3,
2026-05-28,647.31,648.13,627.38,637.47,961.78011,BNB,30.07946630040226,649.8165747629763,644.5144129107176,2.744189818534551,5.228605264503289,678.7317219390873,634.0532780609128,22,Extreme Fear,59.3,
2026-05-29,637.48,643.85,630.37,642.27,849.59906,BNB,35.20651310563939,649.1305225116255,644.4263885181613,1.8349772239664617,4.549879656395924,679.0657696077245,632.9632303922755,23,Extreme Fear,59.3,
2026-05-30,642.89,727.93,642.89,717.94,6382.61454,BNB,69.28736205499094,655.3859295574414,647.3095332918715,7.138072937796892,5.067518312676118,694.7429948941407,622.7440051058592,23,Extreme Fear,59.3,
2026-05-31,719.35,744.62,702.19,709.34,4703.98056,BNB,68.64537649020937,660.2908450532304,649.7423098147491,10.525534569123352,6.159121563965565,703.0552969120986,618.3797030879014,28,Fear,59.3,
2026-06-01,709.6,728.84,673.17,692.19,3965.11637,BNB,64.21472321738125,663.1907682307528,651.4070626587187,11.69148846178382,7.265594943529217,706.6933381747733,617.4826618252266,29,Fear,59.3,
2026-06-02,691.81,694.52,641.75,649.99,2951.9909,BNB,52.49409541804442,661.9906983913891,651.3514871624575,9.105367039254588,7.633549362674292,705.7212627015939,616.3257372984061,23,Extreme Fear,59.3,
2026-06-03,650.0,656.3,615.95,619.59,2222.18033,BNB,43.7075560904324,658.1360894461204,650.1058436442268,4.550367467049682,7.01691298354937,705.6600060980034,610.5379939019965,11,Extreme Fear,59.3,
2026-06-04,620.93,623.41,587.91,603.92,2181.90062,BNB,38.81076569997914,653.2073540412338,648.2945013606006,-0.3202489077829114,5.5494806052829135,707.512325747363,601.8706742526371,12,Extreme Fear,59.3,
2026-06-05,603.63,607.02,556.37,571.97,2949.4203,BNB,35.24975365724249,645.8221400365401,645.3011729209439,-6.681327251785206,3.1033190338692895,714.9519032959306,586.0210967040694,12,Extreme Fear,59.3,
2026-06-06,571.8,583.87,559.71,574.11,845.38514,BNB,34.34653959958497,639.3028545779142,642.5091733615088,-11.418225359713233,0.1990101551527844,719.7119330522933,573.7750669477068,12,Extreme Fear,59.3,
2026-06-07,574.5,609.9,573.3,604.01,841.22774,BNB,41.04351426895338,636.0944132523099,640.9993037315423,-12.614162923498839,-2.363624460577541,720.2258271442216,569.3631728557785,12,Extreme Fear,59.3,
2026-06-08,604.29,610.0,592.04,601.54,956.00226,BNB,39.36255816394359,632.9531029563433,639.4517834273247,-13.604436934121281,-4.6117869552862905,720.7626937222567,565.0373062777433,8,Extreme Fear,59.3,
2026-06-09,601.58,605.33,583.54,593.12,802.37014,BNB,39.13663559204118,629.3319117781773,637.6347417356051,-14.896937228834645,-6.668817009995961,721.0079490620401,559.2170509379598,10,Extreme Fear,59.3,
2026-06-10,593.35,597.71,580.03,585.98,784.11066,BNB,39.19662764771461,625.3908288889389,635.6089488233249,-16.309386889061443,-8.596930985809058,720.456894285558,552.611105714442,9,Extreme Fear,59.3,
2026-06-11,585.88,606.3,585.86,604.94,1254.21669,BNB,44.49521101973128,623.5316626261739,634.4061783394662,-15.71766641072304,-10.021078070791855,719.1132386284058,549.4677613715943,12,Extreme Fear,59.3,
2026-06-12,604.87,612.57,595.68,603.47,1389.23296,BNB,43.35934825768469,621.7078751145838,633.1929303213519,-15.192213996306123,-11.05530525589471,716.9544163720079,546.415583627992,12,Extreme Fear,59.3,
2026-06-13,603.42,611.83,599.38,609.71,1787.18043,BNB,25.70158502087918,620.617159195011,632.2719840134833,-14.109626335079042,-11.666169471731578,714.3827914779603,544.36620852204,13,Extreme Fear,59.3,
2026-06-14,608.91,616.84,602.55,616.54,614.39121,BNB,28.998823209921227,620.2465083590808,631.655013160712,-12.555808354194482,-11.84409724822416,710.8101937005428,543.3578062994574,18,Extreme Fear,59.3,
2026-06-15,616.64,632.24,612.33,617.62,1546.702,BNB,31.800654073314774,620.0077348718798,631.1045945134808,-11.109189613345507,-11.697115721248432,707.9072896672458,542.4647103327543,20,Extreme Fear,59.3,
2026-06-16,617.67,618.84,601.38,604.5,1385.82764,BNB,37.06126628363388,618.5979407925548,630.0612297760251,-10.89580809283757,-11.53685419556626,705.4937578537465,540.5282421462537,23,Extreme Fear,59.3,
2026-06-17,604.81,612.17,594.62,601.22,810.14851,BNB,43.82188740162776,617.0181279931672,628.9301518860145,-10.866112506276181,-11.402705857708245,703.9362050875825,538.4607949124174,22,Extreme Fear,59.3,
2026-06-18,600.95,603.58,572.79,578.03,1041.07017,BNB,41.71201741468724,613.4737527209297,626.9339839524808,-12.568930914733187,-11.635950869113234,702.2535312693481,533.7194687306521,15,Extreme Fear,59.3,
2026-06-19,577.7,582.21,570.37,581.17,738.36167,BNB,53.611241953210836,610.537047928019,625.1392457454449,-13.50932789167291,-12.01062627362517,682.4647589664282,539.8312410335718,14,Extreme Fear,59.3,
2026-06-20,581.19,588.42,579.56,587.75,524.17775,BNB,55.173721741769064,608.4654981163173,623.6729441638613,-13.567253411927027,-12.321951701285544,659.9856081674525,550.1513918325477,23,Extreme Fear,59.3,
2026-06-21,587.39,591.48,583.26,583.55,714.79293,BNB,40.35996984545797,606.2004528329527,622.099436964866,-13.793066813834344,-12.616174723795305,636.9353761083947,562.3376238916052,23,Extreme Fear,59.3,
2026-06-22,583.54,601.62,583.54,589.57,363.90847,BNB,44.54271906628983,604.6885934844641,620.8237272731129,-13.33257228015475,-12.759454235067196,625.6039183588792,567.6270816411208,20,Extreme Fear,59.3,
2026-06-23,589.33,591.87,570.54,577.49,645.62585,BNB,43.104208947322,602.2159940767286,619.1243071877547,-13.783494540249308,-12.96426229610362,622.5739487696035,566.4470512303965,23,Extreme Fear,59.3,
2026-06-24,578.21,580.88,546.36,563.58,1083.05032,BNB,40.674437968359726,598.7036309787707,616.9460273499107,-15.089333977515935,-13.389276632386084,623.3673958209029,561.619604179097,17,Extreme Fear,59.3,
2026-06-25,564.07,571.57,540.01,559.65,1309.80467,BNB,28.44770153231181,595.1533008897239,614.6990532431654,-16.25397360453394,-13.962216026815655,624.8929036617675,558.8620963382326,12,Extreme Fear,59.3,
2026-06-26,560.4,569.36,550.06,566.83,1379.67233,BNB,33.462718902329,592.57845535425,612.821778417974,-16.408446548593133,-14.451462131171152,625.4999476241243,557.5270523758758,13,Extreme Fear,59.3,
2026-06-27,567.11,567.58,554.18,556.45,609.37212,BNB,26.827358162199857,589.2940503219938,610.6110558909597,-17.17051570213198,-14.995272845363319,625.9760162973421,552.2949837026579,15,Extreme Fear,59.3,
2026-06-28,556.37,558.06,545.96,550.49,594.35071,BNB,21.043402016659485,585.7664093835803,608.2533012814125,-18.04734463125135,-15.605687202540926,626.7303869373444,546.4356130626555,18,Extreme Fear,59.3,
2026-06-29,549.91,561.8,545.64,558.61,686.06919,BNB,25.63382607977546,583.2976448941318,606.30645267864,-17.880901831543156,-16.060730128341373,626.7503949509406,542.9646050490593,12,Extreme Fear,59.3,
2026-06-30,558.56,559.39,542.86,545.61,798.86909,BNB,25.65925436058535,579.8714953582612,603.926137990945,-18.583764003143187,-16.565336903301734,628.2469496402168,537.4310503597833,15,Extreme Fear,59.3,
2026-07-01,546.14,559.08,536.97,550.04,1097.5839,BNB,29.045201441205393,577.1595412347538,601.8129035299587,-18.569268394364144,-16.966123201514215,626.5030705290527,533.6849294709472,11,Extreme Fear,59.3,
2026-07-02,549.68,566.26,545.93,557.99,1179.47431,BNB,40.62500000000004,575.4168556679409,600.0943172105232,-17.712107808209566,-17.115320122853287,623.8618267505592,531.7781732494409,19,Extreme Fear,59.3,
2026-07-03,558.65,574.45,556.5,573.48,459.60817,BNB,46.77514048477736,575.2407778799447,599.0505945245393,-15.603026349647962,-16.81286136821222,619.5504204059006,532.4665795940995,21,Extreme Fear,59.3,
2026-07-04,573.49,578.16,568.17,574.76,500.76937,BNB,44.29913104537876,575.1970707999494,598.0980011694165,-13.670691573382896,-16.184427409246357,613.0602643069032,534.778735693097,22,Extreme Fear,59.3,
2026-07-05,574.75,594.08,567.91,589.49,2073.5789,BNB,52.38630885425037,576.4964279999635,597.7604253389662,-10.825919979715536,-15.112725923340193,606.7571365553767,538.2688634446233,23,Extreme Fear,59.3,
2026-07-06,589.62,592.45,569.7,585.61,1038.47786,BNB,48.38129496402877,577.3249345454269,597.2839283644603,-8.783253688347827,-13.84683147634172,603.0266120155229,540.110387984477,24,Extreme Fear,59.3,
2026-07-07,585.61,587.31,574.98,576.52,1425.83604,BNB,49.59356406603535,577.2517586776604,596.4696407272149,-7.8079082607550845,-12.639046833224393,598.6752573834298,541.9917426165701,27,Fear,59.3,
2026-07-08,575.97,578.32,560.22,568.47,696.20602,BNB,52.15475456067682,576.4534169796868,595.3715949532126,-7.5969349678723574,-11.630624460153987,597.9722831319029,541.7387168680971,20,Extreme Fear,59.3,
2026-07-09,568.05,575.91,565.32,568.41,379.58244,BNB,53.99635036496349,575.722197254257,594.3142584017953,-7.349854069244657,-10.774470381972122,596.8277947048101,541.6072052951898,22,Extreme Fear,59.3,
2026-07-10,568.38,577.82,567.73,574.94,488.12482,BNB,53.72189077558514,575.6510884129607,593.5544703741697,-6.551601467295541,-9.929896599036807,594.943439673473,542.210560326527,23,Extreme Fear,59.3,
2026-07-11,575.31,582.11,572.93,574.54,501.24211,BNB,59.139133070627395,575.5500803754185,592.8087924334674,-5.883436591475743,-9.120604597524595,593.7120882748608,542.5409117251394,26,Fear,59.3,
2026-07-12,574.0,583.48,570.0,574.25,261.46178,BNB,62.73311897106107,575.43189125038,592.0809849899523,-5.316031784576467,-8.35969003493497,591.0931978305894,543.6278021694106,26,Fear,59.3,
2026-07-13,573.5,579.49,562.0,566.86,473.73819,BNB,54.456087285297606,574.6526284094336,591.0919115284172,-5.400417969356226,-7.767835621819221,590.0777164558473,543.5802835441528,28,Fear,59.3,
2026-07-14,566.8,584.11,566.43,580.96,1454.85561,BNB,68.86943525141452,575.2260258267596,590.6945757875139,-4.280202952611035,-7.070309087977584,591.7217352808503,543.6742647191496,22,Extreme Fear,59.3,
2026-07-15,581.93,584.57,574.9,580.27,1052.93326,BNB,66.80751695763368,575.6845689334192,590.2857630842144,-3.4088071081000635,-6.33800869200208,593.0662790937375,544.3917209062625,25,Extreme Fear,59.3,
2026-07-16,580.27,585.0,571.21,571.99,1923.93396,BNB,57.75537336583203,575.3486990303802,589.5682723824864,-3.3477555816988342,-5.739958069941431,593.3489056380663,544.6250943619336,25,Extreme Fear,59.3,
2026-07-17,571.97,574.4,554.99,567.87,627.42574,BNB,46.444416275827095,574.668817300344,588.7173485773251,-3.5904330969943885,-5.310053075352023,593.2075782537702,545.9084217462298,27,Fear,59.3,
2026-07-18,567.47,572.24,565.82,570.33,319.09725,BNB,47.23367053827905,574.2743793639482,587.9962669956574,-3.5434091207583833,-4.956724284433296,592.4301193108007,548.6698806891992,25,Extreme Fear,59.3,
2026-07-19,570.69,571.96,566.44,570.46,309.83651,BNB,35.466625935543064,573.9276176035886,587.3085619228768,-3.4558158730449122,-4.6565426021556195,592.2907813785281,549.994218621472,28,Fear,59.3,
2026-07-20,570.5,574.79,562.7,570.89,368.00515,BNB,38.132860367623366,573.6514705487165,586.664689258139,-3.3135041733003163,-4.387934916384559,589.821785814543,554.9912141854569,29,Fear,59.3,
2026-07-21,570.56,579.39,570.56,573.65,659.49618,BNB,47.423235769437966,573.6513368624694,586.1543035818972,-2.944074731414048,-4.099162879390457,587.4589878286424,559.7150121713578,25,Extreme Fear,59.3,
2026-07-22,573.76,575.25,566.83,570.88,392.07007,BNB,52.390398730410595,573.3993971476991,585.5553048512587,-2.8420536617148855,-3.8477410358553428,586.106338990691,562.3566610093089,33,Fear,59.3,
2026-07-23,570.8,571.94,563.39,567.03,382.47016,BNB,48.726937269372705,572.820361043362,584.8288148114764,-3.03685705533303,-3.6855642397508803,586.2123823335014,561.6056176664986,31,Fear,59.3,
2026-07-24,566.86,570.7,556.36,564.45,428.5576,BNB,39.56218905472635,572.0594191303283,584.0296376799329,-3.3606847049261432,-3.620588332785933,586.391122900163,560.3958770998368,28,Fear,59.3,
2026-07-25,564.22,569.56,563.62,568.52,483.09863,BNB,44.41765578635015,571.7376537548436,583.4214108008008,-3.2514250605981942,-3.5467556783483856,583.0577381138979,561.6322618861021,27,Fear,59.3,
2026-07-26,568.62,575.93,568.62,574.74,415.82341,BNB,50.4093567251462,572.0105943225853,583.0809602026403,-2.632587162022446,-3.363921975083198,580.6152578461546,562.9877421538455,26,Fear,59.3,
2026-07-27,574.55,576.39,564.81,565.77,528.68196,BNB,49.11281132996904,571.4432675659862,582.4020930489309,-2.8332972167230537,-3.2577970234111695,580.1767664794959,562.3512335205041,30,Fear,59.3,
2026-07-28,566.1,574.99,561.87,570.56,514.19722,BNB,40.02302379125085,571.3629705145328,581.9376933197508,-2.5761521346630616,-3.1214680456615485,580.1918953962193,562.5451046037806,29,Fear,59.3,
2026-07-29,570.68,572.64,564.7,571.44,1177.57797,BNB,41.55993117950685,571.3699731950298,581.5260157303743,-2.2751279007555922,-2.9522000166803575,580.2328676771846,562.8071323228154,29,Fear,59.3,
2026-07-30,571.67,595.64,570.54,592.21,1351.97651,BNB,65.60185185185188,573.264521086392,581.9449987731282,-0.35648922312839204,-2.4330578579699647,585.049732397999,559.717267602001,28,Fear,59.3,
2026-07-31,591.6,595.35,583.23,586.46,1110.2081,BNB,63.99217221135032,574.464110078539,582.1220589714393,0.6920908146487363,-1.8080281234462243,587.1101080251387,558.8488919748613,25,Extreme Fear,59.3,
2026-08-01,586.61,592.39,573.35,574.71,633.46856,BNB,52.89223454833598,574.4864637077627,581.8313878996483,0.5684188692603129,-1.3327387249049167,587.143308992048,558.8616910079519,27,Fear,59.3,
2026-08-02,574.64,590.28,573.59,587.81,506.33825,BNB,59.78126057052652,575.6976942797849,582.065844897781,1.5100614319406986,-0.7641786935357936,589.3326589034796,558.7673410965203,27,Fear,59.3,
2026-08-03,587.49,593.62,580.62,588.85,977.99701,BNB,60.055991041433394,576.8933584361687,582.3318919638892,2.3135698621571237,-0.14862898239721,590.8446777590525,558.0443222409474,28,Fear,59.3,
2026-08-04,588.83,594.48,587.42,592.79,518.83046,BNB,60.57692307692309,578.3385076692448,582.7420164662091,3.2310357848068634,0.5273039710436048,593.2646060150372,556.8763939849629,25,Extreme Fear,59.3,
2026-08-05,592.72,604.97,591.45,593.29,1473.0152,BNB,62.70264142387484,579.6977342447685,583.1556654167816,3.9529132366238855,1.212425824159661,595.9883656025717,556.2826343974283,27,Fear,59.3,
2026-08-06,593.3,597.7,589.52,591.8,2072.43263,BNB,64.42632498543972,580.7979402225172,583.4946609278285,4.354578895615759,1.840856438450881,597.9568349021035,556.7071650978967,25,Extreme Fear,59.3,
2026-08-07,592.03,594.08,584.91,592.15,899.14299,BNB,66.5630232001913,581.8299456568342,583.834087911553,4.647569609687821,2.4021990726982696,599.783625951849,557.062374048151,29,Fear,59.3,
2026-08-08,592.21,611.18,590.14,600.07,1862.86478,BNB,68.03475477306506,583.4881324153042,584.4707938104729,5.455951854460977,3.0129496290508113,602.9761917874346,556.8308082125654,30,Fear,59.3,
2026-08-09,600.45,611.39,599.98,601.83,1620.18564,BNB,66.31731116732924,585.1555749230042,585.151550552874,6.167522537911736,3.643864210822997,606.0753581935974,556.8256418064027,31,Fear,59.3,
2026-08-10,601.64,606.19,597.12,598.62,891.17665,BNB,71.26213592233007,586.3796135663678,585.6797276936487,6.398667403445074,4.1948248493474125,608.1758881021713,557.2221118978287,30,Fear,59.3,
2026-08-11,598.69,617.12,597.98,616.49,1518.83038,BNB,75.42344735968116,589.1169214239713,586.8879794966549,7.932371586864292,4.942334196850789,613.9303494376247,556.0286505623753,29,Fear,59.3,
2026-08-12,616.26,619.81,608.38,609.59,2608.47393,BNB,69.7976128697457,590.9781103854289,587.7782589379333,8.493166926186632,5.652500742717958,616.7515105781926,557.4634894218074,27,Fear,59.3,
2026-08-13,609.82,614.15,605.0,610.16,1107.16149,BNB,61.78594878529215,592.7219185322083,588.6559781833159,8.881218352419523,6.298244264658272,618.7285549318567,560.0574450681434,29,Fear,59.3,
2026-08-14,610.65,612.01,602.39,607.65,1101.4609,BNB,64.53161431902342,594.0790168474622,589.4008449717104,8.883808861841658,6.81535718409495,620.035855806825,562.6631441931751,29,Fear,59.3,
2026-08-15,607.12,612.05,606.35,607.06,1289.78838,BNB,76.1943319838056,595.2591062249659,590.0933637026596,8.73753294914684,7.199792337105327,621.3520182789658,564.5789817210342,34,Fear,59.3,
2026-08-16,606.94,607.59,600.81,602.43,946.49354,BNB,63.71996996996995,595.91100565906,590.5771552726153,8.154011559451646,7.3906361815745925,620.3875900066897,569.2094099933103,34,Fear,59.3,
2026-08-17,602.13,607.34,600.73,605.1,1218.45266,BNB,64.79694044800581,596.7463687809637,591.1466807569567,7.816904925814356,7.475889930422545,619.782746499508,573.2682535004919,31,Fear,59.3,
2026-08-18,605.28,605.36,599.11,603.53,1698.61194,BNB,60.22078416444611,597.3630625281488,591.6323028903794,7.338466339056026,7.448405212149242,618.3267428328099,577.93325716719,41,Fear,59.3,
2026-08-19,603.47,636.14,600.63,627.04,3070.29302,BNB,72.33620119126401,600.060965934681,593.0208448970453,8.755433641806917,7.709810898080778,623.6142008396246,576.1287991603754,46,Fear,59.3,
2026-08-20,627.34,658.06,622.53,654.69,4568.49789,BNB,80.9163307442729,605.0272417588013,595.439251277588,11.971514193566577,8.56215155717794,636.5920258670607,569.9739741329394,62,Greed,59.3,
2026-08-21,654.47,691.93,653.13,687.07,2129.33388,BNB,85.48676536563478,612.4856743261836,599.0326255947781,16.93782785435326,10.237286816613004,656.6783119025499,561.1236880974502,72,Greed,59.3,
2026-08-22,687.06,725.76,682.62,696.09,3414.57358,BNB,85.60516167309399,620.0860675692584,602.8388089678069,21.355334820997882,12.46089641748998,674.8625946760443,553.7674053239556,71,Greed,59.3,
2026-08-23,695.57,706.87,677.58,702.23,3029.59113,BNB,86.05803763827032,627.5536977902354,606.7365143709206,25.0627794835018,14.981273030692346,690.8454408992484,549.1225591007517,66,Greed,59.3,
2026-08-24,702.39,716.13,693.49,704.29,2417.96567,BNB,88.26682117766347,634.5297252638509,610.5621522323925,27.84618735886602,17.554255896327085,704.4963616830175,546.6216383169824,73,Greed,59.3,
2026-08-25,704.29,719.06,688.31,694.25,2629.3366,BNB,79.85257985257985,639.9588411489557,613.8440376605214,28.908672875374236,19.825139292136516,713.6609173257933,547.5530826742068,74,Greed,59.3,
2026-08-26,693.83,708.24,691.24,708.05,1588.37158,BNB,85.89762286714304,646.148946499051,617.5383989074197,30.512515683155357,21.962614570340286,724.1763524779909,548.662647522009,65,Greed,59.3,
2026-08-27,707.65,715.12,701.22,711.92,1581.12042,BNB,86.22899458843632,652.1281331809557,621.2396475824484,31.73008465581927,23.916108587436085,733.7192706711535,551.0967293288465,71,Greed,59.3,
2026-08-28,712.1,718.65,685.35,691.43,1239.17793,BNB,76.4423683878298,655.7010301645054,623.9922171506513,30.687894139772197,25.27046569790331,738.5098550885414,555.4421449114586,73,Greed,59.3,
2026-08-29,691.9,694.16,687.09,692.66,478.27497,BNB,76.90808499937131,659.0609365131868,626.6850777042541,29.619763175462253,26.140325193415105,742.6322149419292,560.4027850580709,68,Greed,59.3,
2026-08-30,692.53,703.99,679.29,685.16,574.93765,BNB,75.54498857531033,661.4335786483517,628.9782170862021,27.847070674366705,26.481674289605426,744.5702125195783,567.1187874804216,69,Greed,59.3,
2026-08-31,684.53,694.31,682.41,691.14,1060.8006,BNB,76.03485838779955,664.1341624075926,631.415939348018,26.617900530489578,26.508919537782262,747.60996251077,571.54403748923,62,Greed,59.3,
2026-09-01,691.26,694.51,674.39,682.76,1694.17126,BNB,73.025283347864,665.8274203705388,633.4294361165389,24.683047562723914,26.143745142770594,748.5616491294709,577.9093508705291,69,Greed,59.3,
2026-09-02,682.74,689.23,679.49,688.66,1503.24752,BNB,69.94949494949496,667.9031094277625,635.5953449170335,23.356504097230413,25.586296933662563,749.3719151313323,584.9490848686676,63,Greed,59.3,
2026-09-03,688.51,727.77,686.22,725.18,3581.43271,BNB,71.58165452207457,673.1100994797843,639.1084754006422,24.96429478267396,25.461896503464846,754.132138954852,591.941861045148,65,Greed,59.3,
2026-09-04,725.16,729.85,708.9,721.65,4854.74853,BNB,62.858842778521485,677.5228177088949,642.3454039136781,25.65787102018669,25.50109140680922,756.3507065520892,601.1822934479108,74,Greed,59.3,
2026-09-05,721.65,780.72,719.55,766.53,9276.47589,BNB,70.67872240488492,685.6143797353591,647.2153967176823,29.489044755870395,26.298682076621457,765.2697804879507,608.6732195120493,73,Greed,59.3,
2026-09-06,766.63,769.14,740.51,752.91,2921.23961,BNB,64.25196850393701,691.7321633957811,651.3602901891861,31.068123383483226,27.252570337993813,767.8796340035166,620.8443659964834,73,Greed,59.3,
2026-09-07,753.0,756.4,733.7,739.8,3770.71219,BNB,59.40164151442944,696.1019667234374,654.8285197857625,30.905428594486125,27.983141989292278,763.6822337762077,638.6687662237922,71,Greed,59.3,
2026-09-08,739.81,760.79,736.85,752.41,2960.91367,BNB,65.19172500261206,701.2208788394886,658.655250523975,31.431688476666864,28.672851286767195,763.4547239356064,651.4332760643936,69,Greed,59.3,
2026-09-09,752.32,758.02,717.66,722.65,3161.11021,BNB,53.520108014273326,703.1689807631715,661.1648523382619,29.111787376091,28.760638504631956,761.3531046050497,660.3308953949503,66,Greed,59.3,
2026-09-10,722.24,725.54,703.77,708.4,3810.22236,BNB,49.19177075679648,703.6445279665195,663.0172137618121,25.82569064628842,28.173648932963246,761.1920457862395,662.6249542137605,69,Greed,59.3,
2026-09-11,708.58,741.01,705.62,726.55,3234.88224,BNB,58.15151796490577,705.7268436059269,665.5086990535418,24.404666819270346,27.419852510224665,762.5390735503312,664.3239264496686,56,Greed,59.3,
2026-09-12,726.54,739.41,724.81,727.37,1529.44258,BNB,58.07171759453049,707.6944032781154,667.9346356781218,23.078626307283685,26.551607269636474,763.875763338572,665.5012366614279,63,Greed,59.3,
2026-09-13,727.0,729.68,712.84,716.52,2394.63047,BNB,57.18080234475179,708.4967302528321,669.8399465384429,20.911174324308718,25.423520680570928,764.2464467825067,666.3535532174932,61,Greed,59.3,
2026-09-14,716.47,732.45,714.0,720.47,2332.96571,BNB,56.77899505385292,709.5852093207565,671.8254412895861,19.289823917996046,24.196781328055955,764.5782839822389,668.6437160177611,57,Greed,59.3,
2026-09-15,720.27,724.64,706.44,712.12,1623.71582,BNB,56.78687008784096,709.8156448370513,673.4056219424662,17.133611218830424,22.78414730621085,764.6632456691023,668.9657543308977,69,Greed,59.3,
2026-09-16,712.2,726.2,704.0,725.21,2535.6605,BNB,58.17709964651663,711.2151316700466,675.4371685021432,16.293232480519464,21.485964341072577,765.4106042974516,669.5473957025484,51,Neutral,59.3,
2026-09-17,726.05,739.0,719.92,737.52,2939.66975,BNB,53.0961461260538,713.606483336406,677.8717920189222,16.431132529070055,20.474997978672075,766.8662058539276,672.7007941460724,50,Neutral,59.3,
2026-09-18,737.77,768.27,734.6,760.93,5229.46628,BNB,58.961489322869134,717.9086212149147,681.1289800824273,18.21938889155774,20.02387616124921,771.8721232691224,674.5218767308774,56,Greed,59.3,
2026-09-19,761.12,773.4,757.14,761.82,3170.81487,BNB,48.655591710909434,721.9005647408314,684.2933370125961,19.483813233773617,19.91586357575409,775.1638182898363,678.8961817101637,71,Greed,59.3,
2026-09-20,761.67,776.89,745.92,771.85,1785.84212,BNB,55.51929129269146,726.441422491665,687.7269349839067,21.052535288398985,20.14319791828307,780.0555984517977,682.0754015482022,71,Greed,59.3,
2026-09-21,772.43,807.14,765.84,799.63,3159.52184,BNB,66.06174496644294,733.0949295378773,692.115294581414,24.257744473203957,20.96610722926725,789.3943478902339,684.4236521097661,70,Greed,59.3,
2026-09-22,799.14,800.44,780.84,788.1,3769.67989,BNB,59.63709024139981,738.0953904889794,695.8794040606224,25.57273463824447,21.887432711062697,793.959923062688,689.8020769373122,78,Extreme Greed,59.3,
2026-09-23,787.91,798.78,757.0,767.24,3213.59556,BNB,62.648210132183586,740.7449004445267,698.6778612208022,24.647524828655378,22.439451134581237,796.6172312077584,691.3507687922416,71,Greed,59.3,
2026-09-24,767.37,785.51,763.0,776.44,1999.77883,BNB,69.86917416189698,743.9899094950242,701.7273593902173,24.37566500827893,22.826693909320777,800.1595573218699,693.2874426781302,71,Greed,59.3,
2026-09-25,776.9,785.07,768.81,777.06,2673.71538,BNB,66.43242891534908,746.9962813591129,704.6815829463859,23.934342755752937,23.04822367860721,801.7055246822758,692.7944753177242,71,Greed,59.3,
2026-09-26,777.14,777.97,766.79,773.42,1198.72066,BNB,64.71152003066896,749.3984375991936,707.3772092098417,23.025451045019167,23.043669151889606,803.9389059040856,692.6120940959144,74,Greed,59.3,
2026-09-27,773.39,782.96,770.61,778.41,1033.55868,BNB,70.54098904746101,752.0358523629033,710.1628108991871,22.44902077541201,22.924739476594088,807.2916927047384,693.1203072952617,70,Greed,59.3,
2026-09-28,778.85,784.04,756.22,763.6,1866.6878,BNB,63.35211442015976,753.0871385117302,712.2583884244433,20.560147820303655,22.451821145336,808.1606552971139,693.3703447028863,74,Greed,59.3,
2026-09-29,763.33,769.08,750.47,758.31,2424.22071,BNB,64.5755758914484,753.561944101573,714.064335203585,18.423963621056373,21.64624964048008,808.4625781726354,696.6344218273646,73,Greed,59.3,
2026-09-30,758.78,779.13,755.91,768.56,1842.85511,BNB,63.92905340273759,754.9254037287027,716.2014214927858,17.358019150179985,20.788603542420063,807.8243153058162,703.2886846941836,71,Greed,59.3,
2026-10-01,768.8,774.23,762.98,771.42,1702.36058,BNB,61.59688013136288,756.4249124806389,718.3668573023406,16.553213434818645,19.94152552089978,808.6584189584001,706.9415810415998,74,Greed,59.3,
2026-10-02,771.31,784.18,760.22,768.14,2016.16479,BNB,52.86043005633581,757.4899204369445,720.3187464275971,15.472374615834383,19.0476953398867,808.7940550420425,710.8829449579574,72,Greed,59.3,
2026-10-03,768.21,792.25,764.72,787.2,1710.44839,BNB,58.800277392510395,760.1908367608587,722.9415422040105,15.969696058328395,18.43209548357504,809.2704333900169,717.4745666099832,67,Greed,59.3,
2026-10-04,787.14,797.65,782.03,795.33,1268.52224,BNB,58.250175685172174,763.3853061462352,725.7803068340978,16.82589153540073,18.11085469394018,810.4183568280939,723.8126431719061,65,Greed,59.3,
2026-10-05,795.01,809.78,784.61,786.23,1961.39678,BNB,44.58016502184113,765.4620964965774,728.1508843037664,16.57902597999737,17.80448895115162,806.282312292051,735.3596877079491,70,Greed,59.3,
2026-10-06,786.19,787.8,777.39,779.33,2086.81905,BNB,46.314816371123634,766.7228149968886,730.1579094794115,15.646250676134855,17.372841296148266,801.8809219231081,745.1730780768918,73,Greed,59.3,
2026-10-07,779.3,779.42,757.75,772.08,2123.90446,BNB,52.29645093945721,767.2098318153533,731.8019138403978,14.158791384776919,16.730031313873997,798.0336063064401,752.4763936935597,71,Greed,59.3,
2026-10-08,771.91,775.82,716.63,735.23,3079.02103,BNB,34.511012553559326,764.3025743775938,731.9363486554844,9.892448163518111,15.36251468380282,802.359689751936,745.580310248064,64,Greed,59.3,
2026-10-09,735.34,745.18,732.74,737.93,1086.35863,BNB,35.519206572422476,761.9050676159943,732.1713939133047,6.652521729044452,13.620516092851148,805.0607460845121,740.4902539154879,59,Greed,59.3,
2025-10-10,121699.0,122498.0,100000.0,113000.1,5796.16318469,BTC,,113000.1,113000.1,0.0,0.0,,,64,Greed,59.3,
2025-10-11,113000.0,113423.0,109760.0,110775.1,2186.21310184,BTC,,111834.6238095238,111865.34999999999,-49.91987179487478,-27.733262108263766,,,27,Fear,59.3,
2025-10-12,110775.2,115780.0,109694.9,115125.3,1868.03446925,BTC,,113037.55981873111,112995.749940008,71.29161659404053,12.850704573008485,,,24,Extreme Fear,59.3,
2025-10-13,115125.3,115977.7,113705.8,115165.5,1579.52366955,BTC,,113647.83527257056,113571.15880687725,126.12520686651987,51.2228259461492,,,38,Fear,59.3,
2025-10-14,115176.9,115457.2,110000.0,113106.2,2781.92775819,BTC,,113517.94252673992,113470.58199841464,71.32142023360939,57.201703351985756,,,38,Fear,59.3,
2025-10-15,113106.3,113600.0,110252.0,110781.9,1561.98170243,BTC,,112946.83747480754,112976.48717384275,-62.35212231976038,24.795969530821164,,,34,Fear,59.3,
2025-10-16,110781.9,111950.0,107483.0,108182.3,2981.42761229,BTC,,112057.1445649393,112206.7365551248,-264.77053445183265,-48.485587695802394,,,28,Fear,59.3,
2025-10-17,108182.3,109245.0,103583.2,106451.0,3500.65355169,BTC,,111101.83705552346,111382.6035396951,-478.58143210787966,-151.84570706217139,,,22,Extreme Fear,59.3,
2025-10-18,106451.0,107492.6,106365.2,107199.0,667.21371697,BTC,,110485.75457348672,110839.99069505367,-582.2486348818347,-251.27091862844918,,,23,Extreme Fear,59.3,
2025-10-19,107199.0,109444.0,106125.2,108669.8,1094.24797232,BTC,,110217.08344244053,110581.8728245464,-571.5563671931304,-323.03345165171123,,,29,Fear,59.3,
2025-10-20,108669.8,111700.1,107466.8,110574.4,2444.93609142,BTC,,110267.09578780351,110581.04964809988,-454.34570280967455,-351.7638218952646,,,29,Fear,59.3,
2025-10-21,110574.4,114000.0,107500.0,108406.1,2574.39483883,BTC,,110018.79950488922,110357.33620053282,-481.3382351711771,-379.5909717258598,,,34,Fear,59.3,
2025-10-22,108406.1,109156.4,106717.0,107644.1,2289.04304972,BTC,,109714.88433153536,110094.95397264084,-538.0154645138682,-413.1190985484085,,,25,Extreme Fear,59.3,
2025-10-23,107644.1,111296.0,107556.3,110080.0,1567.70405963,BTC,44.11732710167407,109759.94167065938,110093.58647180513,-432.27599084550457,-417.12673471022003,,,27,Fear,59.3,
2025-10-24,110080.0,112400.0,109757.8,111000.0,1671.40522006,BTC,46.11472639328657,109908.15544531307,110172.36104162125,-292.422822591805,-391.2764253846135,,,30,Fear,59.3,
2025-10-25,111000.0,111925.9,110700.0,111645.2,592.60922744,BTC,51.8007260023924,110109.99468621406,110294.53571165401,-143.49649847160617,-340.28516357909655,,,37,Fear,59.3,
2025-10-26,111645.2,115400.0,111274.3,114509.9,1123.19813736,BTC,48.64295101922006,110608.6404928983,110629.55538067433,149.1420387588587,-240.1447617292265,,,40,Fear,59.3,
2025-10-27,114510.0,116309.8,113801.4,114153.0,1240.02265074,BTC,47.798041833942996,111001.51734956782,110898.74646659018,348.9224533682718,-120.17004637629753,,,51,Neutral,59.3,
2025-10-28,114153.1,116023.4,112278.2,112918.0,1429.37148677,BTC,49.57548744507503,111209.79871219075,111047.48659295721,418.98779834093875,-10.761737532238,,,50,Neutral,59.3,
2025-10-29,112918.0,113601.0,109251.0,110104.2,2290.14839646,BTC,48.50437630483623,111091.7412486608,110980.3168877303,284.51870561054966,48.983162901324,116356.34933684579,105592.76066315423,51,Neutral,59.3,
2025-10-30,110104.2,111561.5,106280.5,108302.7,2746.36016547,BTC,50.275414036050854,110798.57652818195,110795.55955329363,58.02820067094581,50.809010930907974,116159.14937643736,105320.2206235626,34,Fear,59.3,
2025-10-31,108302.7,111000.0,108302.6,109552.7,1397.85674081,BTC,57.254861601650404,110669.45268088748,110712.28184726782,-34.16923893945932,33.68702298496575,116123.85824879463,105233.27175120535,29,Fear,59.3,
2025-11-01,109552.7,110421.0,109370.0,110018.0,493.03956937,BTC,56.681994880060685,110602.78430893489,110667.01935698838,-73.65609433873033,12.090918620965148,115453.67463450728,105392.72536549272,33,Fear,59.3,
2025-11-02,110018.0,111058.9,109428.7,110589.6,1606.34489563,BTC,54.75320379503636,110601.450299266,110662.09993214082,-64.15955229797692,-3.231533798564615,114706.22090492063,105682.58909507937,37,Fear,59.3,
2025-11-03,110589.6,110699.6,105200.2,106538.3,3041.49432533,BTC,40.96725824138935,110194.51444882195,110406.28623940347,-337.6083223126043,-70.36049755615544,114441.11382368245,105290.90617631757,42,Fear,59.3,
2025-11-04,106538.3,107258.7,98900.0,101537.3,4042.67872336,BTC,36.357461210286715,109335.41153435886,109868.38579538165,-897.6706478374545,-236.32412188884675,115273.96166224773,103533.59833775226,21,Extreme Fear,59.3,
2025-11-05,101537.2,104499.9,98943.9,103900.0,2345.09075062,BTC,43.008190506780586,108800.47986389483,109514.00144294921,-1156.0756519983988,-420.7202704408011,115540.1822899205,102839.14771007952,23,Extreme Fear,59.3,
2025-11-06,103900.0,104115.9,100266.0,101290.1,1620.67070443,BTC,33.691542140866616,108066.84538609069,109035.34188949443,-1530.7072829242388,-643.1479105649156,116115.43482811407,101747.80517188592,27,Fear,59.3,
2025-11-07,101290.1,103995.0,99222.0,103279.9,4524.16031077,BTC,36.223308005010914,107602.38950898142,108706.59736146101,-1661.7681976116146,-847.1877042620368,116321.05508753707,101150.27491246295,24,Extreme Fear,59.3,
2025-11-08,103279.9,103320.0,101489.9,102282.1,689.5326863,BTC,33.49899370138132,107089.32377116402,108346.09133626764,-1817.2656422128057,-1041.4437692128672,116532.6728421955,100299.8871578045,20,Extreme Fear,59.3,
2025-11-09,102282.1,105431.9,101430.0,104729.8,1150.90927058,BTC,32.506984614173845,106863.03211233875,108146.53793343937,-1738.6407021846244,-1181.0213867843224,116333.60657562705,99914.49342437295,22,Extreme Fear,59.3,
2025-11-10,104729.9,106593.5,104300.0,105973.3,1420.28427243,BTC,35.81927054980946,106778.12601484185,108028.49940450172,-1565.5602713195985,-1257.990144623924,116266.2836758318,99738.5363241682,29,Fear,59.3,
2025-11-11,105973.3,107400.0,102469.8,103011.5,1263.88999948,BTC,33.79580406769236,106420.2985763542,107760.05633141348,-1631.5172987285478,-1332.742955667743,116331.31227626957,99210.24772373043,26,Fear,59.3,
2025-11-12,103011.5,105274.0,100796.0,101666.6,1526.21906105,BTC,35.501807634679096,105970.53945818677,107438.60940426857,-1764.4050761511608,-1419.1191777123147,116252.88470098069,98447.33529901934,24,Extreme Fear,59.3,
2025-11-13,101666.7,103999.0,98000.0,99680.1,2416.1486576,BTC,35.27752545776163,105377.58144682863,107034.79276800714,-1996.672705720688,-1534.6767590379343,116137.78005286341,97430.44994713657,15,Extreme Fear,59.3,
2025-11-14,99680.1,99806.9,94000.0,94517.3,3754.7643923,BTC,27.354006133158208,104357.27712078762,106391.53413976388,-2543.611608111474,-1736.5292337257806,116468.45643759001,95386.98356241,16,Extreme Fear,59.3,
2025-11-15,94500.1,96700.0,94478.5,95537.9,1370.48193522,BTC,28.549207600164706,103531.2226663574,105840.48711409596,-2865.171695563389,-1962.316343778414,115681.37307269461,94276.86692730538,10,Extreme Fear,59.3,
2025-11-16,95538.0,96498.8,92890.6,94190.1,1369.02836588,BTC,26.251951309223458,102658.70300296704,105255.74507620803,-3186.0740757707536,-2207.1187336440767,114803.69533550381,93158.2546644962,10,Extreme Fear,59.3,
2025-11-17,94190.1,95888.0,91150.0,92101.3,3115.7091102,BTC,27.833972044120145,101675.03152798481,104602.6806378977,-3559.6297920400393,-2477.6658976813465,114141.2966202406,91738.9833797594,14,Extreme Fear,59.3,
2025-11-18,92101.3,93747.3,89251.9,92966.1,2990.39820727,BTC,34.925464483949696,100865.42222050612,104030.93539831176,-3745.091946068045,-2731.1848058016994,113594.64869895672,90571.82130104328,11,Extreme Fear,59.3,
2025-11-19,92966.1,92966.1,88547.0,91427.7,3784.02281506,BTC,27.409427968020367,99989.8606829463,103417.77624642584,-3965.206044651961,-2978.0153010921163,113292.48607119438,89186.48392880562,15,Extreme Fear,59.3,
2025-11-20,91427.7,93003.7,86000.0,86503.0,5152.09873658,BTC,25.288854575048674,98740.97749330188,102602.54848717111,-4470.607875855843,-3276.559213352135,113158.02443067761,87015.97556932239,11,Extreme Fear,59.3,
2025-11-21,86503.0,87331.7,80595.2,85069.4,6608.84974064,BTC,18.99147586986652,97477.12657525619,101765.0388006344,-4925.570610257331,-3606.3839394408665,112660.43443394468,85018.70556605533,14,Extreme Fear,59.3,
2025-11-22,85069.4,85555.0,83432.8,84679.9,1599.92840458,BTC,19.393227011274377,96295.91654318332,100955.84909903516,-5255.478030878643,-3936.2207157506523,111583.08943977808,83505.0805602219,11,Extreme Fear,59.3,
2025-11-23,84679.9,88061.8,84679.8,86777.4,2076.34614304,BTC,18.399447988396474,95418.56022002388,100289.75296531536,-5291.158181838298,-4207.220012652301,110710.79193311435,82401.28806688567,13,Extreme Fear,59.3,
2025-11-24,86777.5,89200.0,85250.0,88275.0,2265.94813353,BTC,19.12293740600782,94760.94385608954,99729.65463257901,-5142.275806227932,-4394.2376879823105,110305.37578028768,81480.47421971233,19,Extreme Fear,59.3,
2025-11-25,88275.0,88432.1,86100.0,87326.3,1646.42577746,BTC,20.567660679571574,94077.31603861738,99155.68905694134,-5040.639380761582,-4523.521630448488,109444.07559197444,80684.40440802557,20,Extreme Fear,59.3,
2025-11-26,87326.4,90600.0,86299.5,90535.7,2015.49856533,BTC,30.47943403704572,93751.99774309268,98759.59499017062,-4653.262678237719,-4549.470418683649,108729.31384059066,80323.72615940931,15,Extreme Fear,59.3,
2025-11-27,90535.7,91878.9,90088.8,91281.4,1551.69050701,BTC,34.600786948246935,93525.27344949261,98418.26593598782,-4238.4446531821595,-4487.264155786536,107575.40731346965,80277.78268653035,22,Extreme Fear,59.3,
2025-11-28,91281.4,93050.0,90250.0,90912.7,1616.69780823,BTC,41.98115306240488,93285.72617653747,98077.87546144817,-3893.926496073269,-4368.594930140098,106478.48928327333,80237.76071672667,25,Extreme Fear,59.3,
2025-11-29,90912.7,91179.5,90247.4,90833.6,377.98142984,BTC,39.07719312910103,93061.06581429201,97751.33861219787,-3585.7735577878484,-4212.028868001241,104672.84472781482,80653.78527218515,28,Fear,59.3,
2025-11-30,90833.6,91928.1,90351.0,90373.9,546.48402173,BTC,40.758105607811586,92815.04600276108,97420.73656590957,-3339.4826610518503,-4037.5180325621645,102153.43931278917,81613.25068721084,28,Fear,59.3,
2025-12-01,90373.9,90378.7,83870.8,86300.0,3761.14154886,BTC,37.18301644183056,92218.95403708793,96925.16136748293,-3428.291803768894,-3915.6718964118727,100159.70171202667,81935.83828797331,24,Extreme Fear,59.3,
2025-12-02,86300.0,92308.4,86203.8,91313.5,2388.52099006,BTC,46.91448842419715,92136.1583045356,96676.41813486839,-3064.577637566472,-3745.452049536453,98157.37084405281,82902.8591559472,23,Extreme Fear,59.3,
2025-12-03,91313.5,94051.6,91033.4,93457.9,2163.37929928,BTC,53.70663842839406,92256.95557956943,96534.47905258172,-2575.917287408054,-3511.544003168396,96695.60760987322,83742.40239012676,28,Fear,59.3,
2025-12-04,93458.0,94000.0,90924.8,92142.6,1479.64182353,BTC,61.85955939873659,92246.50938727349,96341.73543298522,-2267.3364292807964,-3262.7015573607523,96327.34550353639,83873.19449646359,26,Fear,59.3,
2025-12-05,92142.6,92679.3,88095.2,89332.4,1629.54516777,BTC,58.47407089356424,91980.42721008435,96035.55124870564,-2221.310577882614,-3054.422738054262,95470.70329737816,84109.28670262183,28,Fear,59.3,
2025-12-06,89332.4,90274.4,88999.9,89240.1,536.1612964,BTC,59.17323785001612,91730.31260743484,95740.03001787029,-2167.182678438825,-2876.9743012265835,94834.01667169391,84250.97332830608,23,Extreme Fear,59.3,
2025-12-07,89240.1,91713.7,87777.0,90435.1,894.06391491,BTC,57.63500114805773,91612.13908158003,95510.31017333447,-2005.6613788578252,-2702.7113829314003,94632.22049583458,84286.14950416544,20,Extreme Fear,59.3,
2025-12-08,90435.1,92269.6,89615.8,90650.1,1726.41292912,BTC,55.23821286318587,91524.39280075213,95300.70481183185,-1839.246214670784,-2530.018084627567,94284.36380917772,84402.40619082226,20,Extreme Fear,59.3,
2025-12-09,90650.1,94583.7,89545.1,92702.2,2110.94087663,BTC,61.30611626840749,91631.7868288792,95189.07618150453,-1525.5817714364093,-2329.1305757019663,94492.05354857721,84322.16645142279,22,Extreme Fear,59.3,
2025-12-10,92702.2,94489.0,91599.0,92019.8,2098.01694668,BTC,53.49244374579361,91667.15675716648,95053.4356191572,-1316.4612310754019,-2126.5965081318177,94702.69274388072,84663.20725611928,26,Fear,59.3,
2025-12-11,92019.8,93561.8,89281.4,92541.0,2303.45862775,BTC,52.995795041573935,91746.79355743642,94946.29079883016,-1096.342822951061,-1920.5456094203594,94730.8044473178,85382.2555526822,29,Fear,59.3,
2025-12-12,92541.0,92751.0,89500.0,90277.2,1638.12524986,BTC,48.613529162794144,91612.89377903489,94747.85435774644,-1090.763889813461,-1754.589161326429,94266.20159413017,86406.58840586981,29,Fear,59.3,
2025-12-13,90277.2,90629.9,89797.1,90254.1,397.33060557,BTC,48.732607526058636,91489.1146523634,94557.49492194947,-1075.7816973295994,-1618.8276003519327,94067.04730238316,86953.41269761686,23,Extreme Fear,59.3,
2025-12-14,90254.2,90467.7,87582.5,88163.0,1251.18023926,BTC,45.486724941106345,91186.17898518247,94287.46771413455,-1217.620031542945,-1538.5860543543372,94076.58560772873,86932.67439227128,21,Extreme Fear,59.3,
2025-12-15,88163.0,90038.8,85151.5,86434.3,2526.0594853,BTC,50.30318627782971,90753.46070479411,93956.83954341312,-1452.0143141892331,-1521.2717007566978,94216.58606897783,86703.47393102216,16,Extreme Fear,59.3,
2025-12-16,86434.3,88121.3,85263.6,87840.7,2424.7891104,BTC,40.63480934145944,90488.25795031195,93700.0833147729,-1507.4486464121146,-1518.5070891769715,94259.54650883391,86391.01349116609,11,Extreme Fear,59.3,
2025-12-17,87840.7,90318.3,85282.2,86207.8,3098.54777664,BTC,29.8937851853906,90098.58264966264,93386.42350475787,-1663.347575327527,-1547.4751923654758,94382.54218105823,85760.65781894178,16,Extreme Fear,59.3,
2025-12-18,86205.5,89437.1,84421.4,85462.5,3072.2876982,BTC,30.869727082677002,89676.58624678601,93055.56967607434,-1825.7164793725533,-1603.123458923839,94552.50819210752,85045.67180789248,17,Extreme Fear,59.3,
2025-12-19,85461.0,89335.0,85077.0,88105.2,2580.22787773,BTC,46.45153828359935,89533.56832130151,92849.39627524809,-1722.1188856041408,-1626.9225473928202,94447.58094306456,84877.75905693547,16,Extreme Fear,59.3,
2025-12-20,88105.2,88513.3,87800.0,88338.1,589.89326073,BTC,47.412893085368786,89424.77553464379,92661.96534544215,-1602.8086264705926,-1622.099762700476,94368.64639182086,84753.11360817915,20,Extreme Fear,59.3,
2025-12-21,88338.1,89013.9,87601.8,88622.2,783.03583975,BTC,44.513579111108385,89351.74464548114,92494.51550394452,-1468.473810838157,-1591.3745697394197,94260.08445216657,85093.89554783344,20,Extreme Fear,59.3,
2025-12-22,88623.7,90552.6,87863.6,88544.2,2230.94698942,BTC,43.57357778903486,89278.267949497,92331.1384920053,-1352.6897239695681,-1543.6375973679837,94080.58996459901,84996.46003540097,25,Extreme Fear,59.3,
2025-12-23,88550.5,88888.8,86553.3,87416.4,1607.29163674,BTC,32.90535820547977,89108.87404455162,92128.30942397182,-1336.2634044436563,-1502.162756546799,93474.40159531312,84998.49840468688,24,Extreme Fear,59.3,
2025-12-24,87416.4,87973.3,86271.4,87613.7,1468.66888146,BTC,35.288775517017996,88972.85190919442,91942.3753883246,-1292.462706027567,-1460.222744633832,93074.56746546795,84945.44253453206,24,Extreme Fear,59.3,
2025-12-25,87613.7,88547.9,86944.9,87198.0,574.28492676,BTC,32.034055602630815,88811.3968260955,91747.36248420569,-1276.4912361542956,-1423.4764416698565,93043.58281754969,84762.98718245032,23,Extreme Fear,59.3,
2025-12-26,87183.0,89484.6,86611.7,87303.6,1634.02144466,BTC,38.30359671481169,88674.243370144,91565.05024559151,-1241.021461436918,-1386.9854446158624,93003.77392122032,84609.14607877967,20,Extreme Fear,59.3,
2025-12-27,87303.6,87913.3,87177.5,87802.6,416.75063851,BTC,40.70521327014218,88594.96048850821,91410.9689169245,-1159.3633437490062,-1341.4610234370575,92821.91066124759,84527.75933875242,23,Extreme Fear,59.3,
2025-12-28,87814.4,87998.9,87364.3,87853.3,659.23011207,BTC,48.610849458603596,88527.50387637121,91265.52646343788,-1078.1350400586234,-1288.7958258308572,92589.20053550412,84480.7894644959,24,Extreme Fear,59.3,
2025-12-29,87865.9,90298.9,86700.0,87135.1,2800.12927258,BTC,53.45678038000909,88400.86550300842,91096.9496839453,-1059.3939728424884,-1242.9154545846745,91843.69994163036,84669.58005836964,24,Extreme Fear,59.3,
2025-12-30,87135.1,89298.0,86736.5,88401.9,1179.54982826,BTC,52.80684205261578,88400.9595861482,90987.13098194967,-931.7502442683617,-1180.6824118176917,91198.61522598172,84952.8747740183,23,Extreme Fear,59.3,
2025-12-31,88400.1,89067.4,87101.5,87500.1,1496.3046063,BTC,56.973418664134115,88319.03321107608,90845.25782301801,-892.9516512569971,-1123.1362591849756,90138.22366089644,85509.17633910355,21,Extreme Fear,59.3,
2026-01-01,87500.2,88779.3,87400.0,88731.8,1157.56340883,BTC,66.76168698665961,88356.56998078144,90759.39602856302,-754.2628908857441,-1049.3615849912217,89805.11707481432,85687.7429251857,20,Extreme Fear,59.3,
2026-01-02,88730.0,90900.0,88273.3,89934.0,1901.8826812,BTC,61.00122717100994,88500.01619193463,90725.91054333218,-541.2345442665828,-947.736176257923,89710.50180433365,85750.34819566636,28,Fear,59.3,
2026-01-03,89934.0,90677.5,89300.0,90590.1,1113.01038596,BTC,62.89066971951922,88690.07618533715,90720.40829265813,-315.89201302611036,-821.3673430262601,90205.69829988504,85497.86170011495,29,Fear,59.3,
2026-01-04,90590.1,91768.3,90590.0,91507.0,843.08377896,BTC,65.39742522257099,88946.22433783521,90752.23507199636,-62.684659967329935,-669.6308058522376,90873.05482314152,85337.7751768585,25,Extreme Fear,59.3,
2026-01-05,91507.0,94783.9,91489.5,93866.9,2070.65294098,BTC,72.84479428654821,89393.66038905739,90878.10265547819,324.4628252273542,-470.81207904696544,92181.79765757984,84631.65234242017,26,Fear,59.3,
2026-01-06,93866.9,94401.8,91230.8,93711.8,1922.19143894,BTC,79.48112765758188,89786.29982696984,90992.47923300846,611.7209538215393,-254.305471959836,93090.69508358122,84473.15491641879,44,Fear,59.3,
2026-01-07,93711.8,93712.5,90591.9,91273.3,1459.64933288,BTC,64.1645120837269,89921.50710916077,91003.80101689717,635.458968543011,-76.35258352166552,93219.40351528874,84925.52648471126,42,Fear,59.3,
2026-01-08,91273.3,91584.7,89225.0,91029.1,1420.71893835,BTC,65.02781111974087,90022.21460363723,91004.8198681334,627.3503344517085,64.38800028661265,93427.71239661849,85009.60760338152,28,Fear,59.3,
2026-01-09,91029.1,91955.9,89603.4,90513.2,1421.7801819,BTC,62.197309417040366,90066.85658377738,90985.0420469016,572.7250311070384,166.0554065741391,93553.03796286853,85101.79203713145,27,Fear,59.3,
2026-01-10,90513.3,90699.7,90285.2,90375.2,321.48562471,BTC,60.05236011253517,90094.8917678908,90960.53301604497,512.3997049463069,235.3242663158559,93651.8052942786,85178.3247057214,25,Extreme Fear,59.3,
2026-01-11,90375.2,91132.3,90100.0,90849.8,530.87904628,BTC,61.33329299011342,90163.52861257322,90956.0870786725,497.1311992105184,287.6856529354767,93792.70457952445,85267.98542047555,29,Fear,59.3,
2026-01-12,90861.1,92364.1,89995.2,91190.9,2284.21126004,BTC,65.79017036783256,90256.93692785555,90965.50603100429,506.69628269653185,331.4877789149175,93921.14857242673,85516.99142757329,27,Fear,59.3,
2026-01-13,91191.0,96476.1,90938.2,95358.1,2717.43674662,BTC,72.09271304436207,90720.7283001255,91141.54642278032,840.6506335551239,433.32034989360255,94879.90708820969,85332.67291179033,26,Fear,59.3,
2026-01-14,95358.2,97899.7,94509.0,96933.3,3358.96494088,BTC,78.7306750484266,91285.56210002305,91373.4607588776,1218.3032154047396,590.3169230582923,96053.94671452742,85132.16328547256,48,Neutral,59.3,
2026-01-15,96933.4,97151.1,95101.0,95559.4,1870.71045174,BTC,70.6162282290987,91674.12693595022,91540.93640229803,1390.7531703774875,750.404172573085,96664.32747816398,85347.36252183602,61,Greed,59.3,
2026-01-16,95559.5,95800.0,94260.4,95510.9,1432.87811291,BTC,68.10082375317262,92022.95233126846,91699.64513455225,1506.145333556109,901.5524048081767,97179.65785792997,85602.86214207002,49,Neutral,59.3,
2026-01-17,95510.3,95600.0,95002.6,95089.9,334.73351982,BTC,64.83124588002633,92301.78598946263,91835.07547608188,1545.8167064278678,1030.4052651583627,97514.95591265123,85991.22408734876,50,Neutral,59.3,
2026-01-18,95089.9,95480.8,93554.6,93632.6,792.58979663,BTC,56.764945513799795,92422.77706296954,91906.8286278511,1443.074436982075,1112.9390995365552,97463.94231278112,86691.98768721888,49,Neutral,59.3,
2026-01-19,93626.8,93626.8,91866.0,92546.5,1735.79435983,BTC,45.426901070889286,92434.02527727373,91932.34496155263,1259.5233811073704,1142.2559558545404,97387.07815840369,87183.3118415963,44,Fear,59.3,
2026-01-20,92546.5,92805.9,87784.4,88309.9,2628.22252262,BTC,35.41454036861232,92059.08435585636,91787.94385914083,763.512752571798,1066.5073151900915,97278.34092215596,87373.02907784404,32,Fear,59.3,
2026-01-21,88309.9,91111.7,87200.0,89372.9,3765.13002971,BTC,44.45708352291949,91814.87367414922,91691.73551231998,450.97197715748916,943.4002475732993,97219.92886485058,87495.55113514944,24,Extreme Fear,59.3,
2026-01-22,89372.9,90261.7,88422.6,89454.2,1500.85044825,BTC,45.36240334045947,91600.25730640077,91602.65394011613,207.4488507910428,796.2099682070233,97250.71742632918,87416.78257367082,20,Extreme Fear,59.3,
2026-01-23,89454.2,91099.5,88470.9,89495.0,1485.49059313,BTC,46.915405402130325,91408.86243873394,91518.79329753884,17.544683970496408,640.4769113514018,97300.98716561287,87257.00283438712,24,Extreme Fear,59.3,
2026-01-24,89495.0,89786.3,89038.1,89079.6,303.01299688,BTC,46.13991181027294,91197.10342252415,91421.79673396057,-164.56926013880002,479.46767704648323,97371.82552463042,86943.42447536958,25,Extreme Fear,59.3,
2026-01-25,89079.6,89177.0,86007.0,86572.3,2608.90318078,BTC,38.63255858451106,90776.65251445925,91229.05847145223,-505.34211289584346,282.5057190512866,97500.80527572158,86084.9847242784,25,Extreme Fear,59.3,
2026-01-26,86572.3,88747.4,86430.5,88247.4,2077.30597333,BTC,42.695558522386065,90546.71339132583,91110.61809095273,-632.9715824043524,99.41025875515288,97362.37613592064,85676.97386407937,20,Extreme Fear,59.3,
2026-01-27,88247.4,89436.2,87206.2,89124.1,1473.555003,BTC,31.51048154607254,90417.38128285181,91031.74766980066,-655.8298382498615,-51.63776064915379,97352.24192862086,85472.18807137913,29,Fear,59.3,
2026-01-28,89124.1,90438.3,88719.2,89159.6,1530.59557618,BTC,24.626432091915035,90303.0346215905,90957.45427255212,-663.4332250573643,-173.9968535329369,97342.40150771964,85295.07849228037,29,Fear,59.3,
2026-01-29,89159.7,89202.7,83220.3,84515.1,3560.06626516,BTC,20.29361292370264,89776.84658055242,90701.91856663009,-1032.268893475819,-345.65126152391616,97765.26684732761,84272.4031526724,26,Fear,59.3,
2026-01-30,84515.1,84596.4,81000.1,84124.7,3530.88387558,BTC,19.927103692356482,89263.00427241671,90441.15062969696,-1340.6162627622543,-544.6442617738122,98123.9918844253,83288.6281155747,16,Extreme Fear,59.3,
2026-01-31,84124.7,84124.7,75600.0,78648.4,5384.83063733,BTC,15.72731100669968,88298.0218079744,89973.80337877675,-2003.7135224054073,-836.4581139027456,99264.64590687763,80927.83409312238,20,Extreme Fear,59.3,
2026-02-01,78648.4,79315.2,75665.8,76882.2,3709.28873436,BTC,15.527346965655795,87260.20179677961,89455.19742301868,-2641.273125333333,-1197.4211161914502,100262.55259058323,78499.05740941675,14,Extreme Fear,59.3,
2026-02-02,76892.4,79250.0,74543.0,78669.2,3577.16204272,BTC,22.241069606858687,86479.18929936328,89028.0948561898,-2968.1491081018467,-1551.5667145755601,100040.46377420606,77052.25622579397,14,Extreme Fear,59.3,
2026-02-03,78669.2,79120.2,72865.2,75662.0,6511.58528902,BTC,23.391552045509073,85495.79433562077,88499.02811912488,-3430.285681808702,-1927.310508023912,99627.41531500749,75338.17468499254,17,Extreme Fear,59.3,
2026-02-04,75662.0,76866.2,71722.0,73013.6,5077.1789466,BTC,17.735808867904467,84361.03458560912,87886.29726071663,-3964.5118064519047,-2334.750767711006,99488.80107940736,73222.20892059262,14,Extreme Fear,59.3,
2026-02-05,73008.9,73156.8,62308.2,62858.1,12178.16328649,BTC,12.462774831128286,82406.1991562859,86896.32499455416,-5147.930274179511,-2897.3866690063587,100842.76430623865,68602.96569376136,12,Extreme Fear,59.3,
2026-02-06,62858.0,71695.7,60500.0,70527.4,7947.79594576,BTC,27.972723134238223,81326.29667560238,86249.08313934355,-5404.701551535749,-3398.849645513414,100026.45097183931,66963.0290281607,9,Extreme Fear,59.3,
2026-02-07,70527.4,71631.2,67343.8,69268.8,3089.77802979,BTC,27.435418470089743,80230.14986553648,85577.88591479008,-5644.675246702536,-3848.014765752082,99247.63623109227,65305.46376890773,6,Extreme Fear,59.3,
2026-02-08,69249.9,72256.1,68855.4,70305.0,1952.32923557,BTC,30.829025924590283,79327.85547070549,84974.36725554192,-5685.70762701983,-4215.553338006183,98216.69397977572,64112.25602022429,7,Extreme Fear,59.3,
2026-02-09,70300.5,71369.9,68242.5,70087.2,3069.03393327,BTC,27.836981566820285,78487.78907455686,84386.26696970656,-5670.433434799095,-4506.529357365115,97642.03506237382,62864.644937626166,14,Extreme Fear,59.3,
2026-02-10,70103.9,70468.6,67875.1,68785.5,2629.71508706,BTC,25.4332690737439,77605.75629687127,83770.1542900208,-5697.677863763107,-4744.759058644942,96776.26676740231,61671.67323259769,9,Extreme Fear,59.3,
2026-02-11,68796.3,69228.6,65727.7,67052.3,3232.30919447,BTC,24.34889759887497,76646.34475329092,83110.10776714116,-5792.344188934323,-4954.2760847029795,95766.17214545154,60441.577854548465,11,Extreme Fear,59.3,
2026-02-12,67039.6,68353.3,65072.2,66203.8,3093.30565991,BTC,26.700987115835318,75697.01672285685,82442.79821434675,-5868.1854190502345,-5137.057951572543,94510.3711856443,59368.25881435571,5,Extreme Fear,59.3,
2026-02-13,66208.5,69437.4,65825.8,68837.0,2236.61754178,BTC,31.598421727962318,75073.37538701568,81905.90030561724,-5650.685921477299,-5239.783545553545,92874.76622326218,58979.60377673781,9,Extreme Fear,59.3,
2026-02-14,68820.1,70540.0,68709.7,69758.4,2083.68571457,BTC,37.98135419990157,74590.19337503026,81426.66578303577,-5342.386248436174,-5260.304086130079,91469.39182263578,58703.58817736423,9,Extreme Fear,59.3,
2026-02-15,69777.8,70935.2,68049.8,68780.0,1337.85598017,BTC,38.80800300582378,74061.99156104114,80927.8560598768,-5118.004185772341,-5231.844106058522,89485.75990322167,58740.48009677833,8,Extreme Fear,59.3,
2026-02-16,68780.0,70073.2,67271.1,68860.0,1823.8505683,BTC,35.77939888777421,73589.08127064828,80451.98344059837,-4877.499638066976,-5160.9752124601955,86897.28191360147,59302.548086398536,12,Extreme Fear,59.3,
2026-02-17,68860.0,69191.0,66592.4,67475.4,2425.06462747,BTC,37.54579088928644,73033.28996301313,79940.38812318654,-4743.933982488801,-5077.5669664659,83753.68918549202,60277.72081450797,10,Extreme Fear,59.3,
2026-02-18,67475.4,68418.9,65838.5,66425.7,2104.3613064,BTC,39.46546160463857,72432.59790186338,79407.68953249183,-4668.9600726925855,-4995.845587711224,81504.6363117189,60717.83368828109,8,Extreme Fear,59.3,
2026-02-19,66425.7,67296.2,65620.1,66955.3,1822.739641,BTC,59.465765957250206,71934.6601731877,78916.96122136839,-4514.766157877835,-4899.629701744534,78791.10412144255,61714.42587855742,9,Extreme Fear,59.3,
2026-02-20,66955.3,68266.3,66450.0,67998.2,2693.11013022,BTC,41.578204291479636,71576.79914097328,78486.75358625322,-4259.316686306382,-4771.56709865689,77332.09348474267,62108.41651525733,7,Extreme Fear,59.3,
2026-02-21,67998.2,68678.8,67538.0,67966.6,1234.38506544,BTC,45.27805175214667,71248.59837159122,78072.3281049484,-4013.1595642791362,-4619.885591781326,76126.64112416675,62422.30887583326,8,Extreme Fear,59.3,
2026-02-22,67966.7,68214.5,67180.0,67612.1,1136.42486701,BTC,39.72732335909546,70918.00683449309,77660.33654736707,-3802.845732196787,-4456.477619864408,73981.44824638737,63461.791753612626,9,Extreme Fear,59.3,
2026-02-23,67612.1,67653.3,63888.0,64624.1,3467.93376553,BTC,32.79587839242187,70345.83226486058,77146.97276557435,-3833.0856840988126,-4331.799232711282,72616.87787743566,63722.57212256434,5,Extreme Fear,59.3,
2026-02-24,64624.1,64971.0,62500.0,64061.9,2664.92969011,BTC,34.39799706694498,69774.56458704881,76631.7703533767,-3857.9427443446766,-4237.027935037956,71910.99754976603,63533.282450233964,8,Extreme Fear,59.3,
2026-02-25,64062.0,70000.0,63921.3,67978.6,3343.99123188,BTC,52.67387551742653,69611.29479118162,76291.12022517038,-3521.0155857953214,-4093.825465189424,71485.80828035674,64470.52171964327,11,Extreme Fear,59.3,
2026-02-26,67978.6,68855.4,66513.0,67461.5,2028.81096764,BTC,53.70131666460661,69415.85858772464,75943.57639825501,-3258.165063238761,-3926.693384799287,71125.27740904901,64524.46259095101,11,Extreme Fear,59.3,
2026-02-27,67484.2,68202.3,64925.0,65869.7,2390.83995539,BTC,40.697244254945595,69093.48006440373,75547.11490544547,-3142.0768093391525,-3769.770069707257,70992.1163142311,64317.713685768926,13,Extreme Fear,59.3,
2026-02-28,65869.7,67725.2,63030.0,66985.6,3124.02919913,BTC,41.411757418075986,68901.85435008597,75210.22008353536,-2926.3010721616447,-3601.076270198131,70593.2525725803,64384.63742741968,11,Extreme Fear,59.3,
2026-03-01,66985.7,68181.2,65056.4,65748.8,2173.00247697,BTC,40.759325423439485,68615.21270024165,74837.96404062788,-2822.5583836042933,-3445.372692879361,70213.93758940606,64330.11241059392,14,Extreme Fear,59.3,
2026-03-02,65764.3,70100.0,65269.2,68808.4,3242.04604694,BTC,49.86687993395592,68632.77520127055,74600.7636779796,-2465.045362764009,-3249.307226856288,70217.57955897259,64328.760441027436,10,Extreme Fear,59.3,
2026-03-03,68810.8,69236.5,66164.3,68336.7,2941.9613343,BTC,52.331858718547124,68605.8592470863,74354.36872457208,-2194.4788637751917,-3038.3415542400667,70317.32923209334,64357.45076790666,14,Extreme Fear,59.3,
2026-03-04,68336.7,74062.1,67419.7,72684.8,4884.24293756,BTC,64.37782831415248,68976.6723784066,74288.70458331074,-1610.6355089177378,-2752.800345175599,71428.0461520769,63894.833847923095,10,Extreme Fear,59.3,
2026-03-05,72684.8,73585.9,70612.7,70877.4,3526.53835545,BTC,58.509913514404836,69149.46594071978,74154.55330285734,-1279.0320144543657,-2458.046679031351,71767.19706608428,63759.722933915706,22,Extreme Fear,59.3,
2026-03-06,70877.4,71386.4,67748.0,68128.0,3227.19805329,BTC,50.26221374662637,69056.60533119764,73917.58206619637,-1223.9759077097697,-2211.2325247670333,71579.638874386,63784.241125614004,18,Extreme Fear,59.3,
2026-03-07,68111.4,68541.5,66962.1,67270.1,1278.00093723,BTC,48.638430471007275,68894.19564520047,73656.22274668231,-1235.3281233261077,-2016.0516444788473,71472.95859263375,63739.93140736626,12,Extreme Fear,59.3,
2026-03-08,67270.1,68177.4,65646.2,65978.7,2434.33204494,BTC,46.91974051444519,68629.15042270691,73354.39586767714,-1333.161210906037,-1879.4735577642848,71346.90297774813,63577.857022251876,12,Extreme Fear,59.3,
2026-03-09,65978.7,69513.0,65839.6,68446.9,2268.82364236,BTC,57.35317878603687,68612.58219315016,73161.48599303645,-1197.726510048422,-1743.1241482211117,71420.38041557149,63601.529584428514,8,Extreme Fear,59.3,
2026-03-10,68447.0,71781.1,68399.9,69955.4,3264.28910205,BTC,60.937992984539974,68734.65660159178,73035.46901517417,-957.6321364429896,-1586.0257458654871,71707.6973226913,63667.18267730869,13,Extreme Fear,59.3,
2026-03-11,69955.4,71345.2,68971.6,70200.4,2574.28260227,BTC,54.77420408443922,68867.90606333196,72924.04507734223,-739.0668071455002,-1416.6339581214895,72005.20200560117,63694.187994398846,15,Extreme Fear,59.3,
2026-03-12,70200.4,70787.1,69228.2,70520.8,1860.65379355,BTC,56.6298689759493,69018.16921192591,72829.60084603177,-533.8449511947401,-1240.0761567361394,72300.0214363969,63651.6285636031,18,Extreme Fear,59.3,
2026-03-13,70526.3,73928.5,70200.0,70953.0,3864.97387263,BTC,61.59908727895037,69194.06298744516,72755.85912597775,-332.49761875293916,-1058.5604491394993,72649.61093602292,63600.679063977084,15,Extreme Fear,59.3,
2026-03-14,70953.1,71300.0,70293.9,71210.6,574.11245902,BTC,60.033627494751634,69377.38459800788,72695.14243859448,-150.40855003219622,-876.9300693180386,73025.58779724706,63584.55220275292,16,Extreme Fear,59.3,
2026-03-15,71210.6,73200.0,70885.7,72835.7,1109.99825898,BTC,66.52535851696396,69691.77700700866,72700.66483682899,123.60480102960719,-676.8230952485094,73515.89491985014,63915.405080149845,15,Extreme Fear,59.3,
2026-03-16,72826.7,74901.3,72304.0,74887.7,3388.45307847,BTC,64.87479752775889,70164.13377895043,72786.58544360078,500.57052121008746,-441.34437195679,74283.77500903107,64230.104990968925,23,Extreme Fear,59.3,
2026-03-17,74887.7,75998.1,73455.9,73929.9,2902.67372253,BTC,63.36742985516943,70506.47625243003,72831.49891456559,713.8041512718773,-210.31466731105647,74953.52219925114,64155.487800748844,28,Fear,59.3,
2026-03-18,73930.0,74682.3,70500.0,71270.9,2889.81549304,BTC,46.324076144322696,70575.96933695291,72770.19718770268,660.6199259461864,-36.12774865960786,75101.7091259704,64388.24087402959,26,Fear,59.3,
2026-03-19,71270.9,71623.9,68782.0,69911.9,2809.93145539,BTC,47.42992520030878,70515.5993841502,72657.92802854202,503.013100553464,71.70042118300655,74983.63542653923,64910.53457346075,23,Extreme Fear,59.3,
2026-03-20,69916.6,71340.6,69400.0,70515.6,1865.14043112,BTC,57.17522749401965,70515.59944013656,72573.78621855527,421.9578613729682,141.75190922099893,74966.86057374996,65280.30942625003,11,Extreme Fear,59.3,
2026-03-21,70515.6,71071.7,68538.3,68907.7,938.65954744,BTC,54.709048873347946,70369.4267375872,72429.80613697389,225.37930531264283,158.4773884393277,74712.59169817939,65850.46830182061,12,Extreme Fear,59.3,
2026-03-22,68907.7,69569.5,67343.1,67857.1,1438.32852543,BTC,55.47734297544762,70141.03336062879,72250.23029115464,-15.011943370016525,123.77952207745886,74751.19428972114,65716.73571027885,10,Extreme Fear,59.3,
2026-03-23,67857.1,71816.6,67443.2,70887.2,2852.64979631,BTC,56.89003834230247,70208.86670151878,72196.70537334982,38.535111162025714,106.73063989437223,74796.45421721975,65926.52578278023,8,Extreme Fear,59.3,
2026-03-24,70887.2,71369.0,68902.0,70515.6,2158.45608189,BTC,51.690200337919414,70236.75155058656,72130.69346944783,50.40555650438182,95.46562321637415,74552.79793112064,65953.26206887935,11,Extreme Fear,59.3,
2026-03-25,70515.6,71985.0,70374.0,71309.6,1615.72178768,BTC,53.23929677004851,70334.28323973395,72098.45327507459,122.47021741805656,100.86654205671066,74591.9291754968,65957.3508245032,14,Extreme Fear,59.3,
2026-03-26,71302.2,71406.2,68115.8,68780.4,2565.93690916,BTC,45.49814276402237,70193.02111132526,71968.17649569192,-24.223629814296146,75.8485076825093,74565.71515028244,66048.80484971755,10,Extreme Fear,59.3,
2026-03-27,68780.4,69112.0,65519.7,66358.3,2925.58018132,BTC,39.22428551996511,69844.41006596954,71747.9262485665,-332.0942021957744,-5.740034293147473,74673.78171596154,65849.55828403846,13,Extreme Fear,59.3,
2026-03-28,66360.4,67237.8,65889.0,66321.7,1188.30845698,BTC,38.41421509382092,69524.16366691017,71534.89600963924,-572.4384360024269,-119.07971463500338,74622.97798036116,65934.66201963882,12,Extreme Fear,59.3,
2026-03-29,66321.8,67066.2,64960.0,65950.3,1510.05083824,BTC,32.652053413958186,69199.2669427792,71315.65785097225,-783.8460991087923,-252.03299152976123,74849.09651363052,65458.883486369494,9,Extreme Fear,59.3,
2026-03-30,65950.4,68105.1,65733.2,66725.0,2721.49624973,BTC,28.019086908987106,68974.33356726378,71135.44694004886,-878.7468306365336,-377.3757593511158,74932.2309105171,65052.70908948291,8,Extreme Fear,59.3,
2026-03-31,66725.0,68500.0,65939.0,68219.7,2941.58055909,BTC,35.05543167614081,68905.73051095837,71020.99096404848,-823.8498978736316,-466.670587055619,74894.68115556428,64892.188844435725,11,Extreme Fear,59.3,
2026-04-01,68219.7,69250.0,67546.2,68098.5,1845.16490076,BTC,40.425429171596214,68832.34591444755,70906.27469946355,-781.1192386111798,-529.5603173667312,74826.63608600841,64718.00391399158,8,Extreme Fear,59.3,
2026-04-02,68098.5,68632.7,65688.2,66880.8,2041.73883296,BTC,40.77318803080578,68654.93263937578,70748.26899844076,-835.8774906684412,-590.8237520270732,74749.27631161816,64388.14368838183,12,Extreme Fear,59.3,
2026-04-03,66885.7,67369.0,66288.0,66933.0,1402.96443343,BTC,38.71550963840238,68498.39330040428,70598.51952998238,-865.089485623088,-645.6768987462762,74602.74770358487,64106.91229641513,9,Extreme Fear,59.3,
2026-04-04,66932.9,67534.0,66790.0,67283.8,850.49526169,BTC,44.4451285840363,68387.97572243391,70468.42111881405,-850.1337904183165,-686.5682770806843,74133.74868737912,64020.72131262089,11,Extreme Fear,59.3,
2026-04-05,67283.8,69098.9,66618.0,68983.7,1129.36541848,BTC,53.68985078146492,68442.13247726134,70410.14967793926,-693.1238126123644,-687.8793841870204,73035.923751313,64528.14624868699,12,Extreme Fear,59.3,
2026-04-06,68983.8,70463.7,68350.0,68861.4,2039.17432787,BTC,41.80395520455719,68480.2477080865,70349.3672102376,-571.9675666079274,-664.6970206712018,72028.2417189129,65028.9782810871,13,Extreme Fear,59.3,
2026-04-07,68861.3,72728.0,67734.9,71925.0,2176.37959276,BTC,54.68226758092806,68793.40701844521,70411.20285270952,-226.1369080926961,-576.9849981555006,72179.08324330025,64943.546756699754,11,Extreme Fear,59.3,
2026-04-08,71925.0,72850.0,70703.0,71109.0,1764.62548909,BTC,49.33454526153763,69003.91547809326,70438.58707078513,-17.7038689457695,-465.1287723135544,72370.25101419115,64872.08898580885,17,Extreme Fear,59.3,
2026-04-09,71090.2,73130.5,70465.1,71803.5,1623.23385044,BTC,61.41852436601528,69258.42316935427,70492.1499469471,201.20178850462253,-331.862660149919,72611.71391064354,64759.41608935646,14,Extreme Fear,59.3,
2026-04-10,71803.5,73455.0,71429.8,72973.8,1873.50973218,BTC,77.5970098198717,69596.18470840274,70589.53397797527,463.77336892607855,-172.73545433471946,73259.40584627788,64518.33415372211,16,Extreme Fear,59.3,
2026-04-11,72973.8,73800.0,72578.8,73060.6,1073.00848553,BTC,77.99453311288546,69911.1315607139,70686.50015706934,671.1308866588661,-3.9621861360023116,73866.70461757353,64431.385382426495,15,Extreme Fear,59.3,
2026-04-12,73060.6,73150.0,70517.7,70754.1,1417.83489267,BTC,67.19179454878608,69987.76505688012,70689.15275110798,641.9480730497307,125.21986570114434,73850.09066208656,64434.68933791344,16,Extreme Fear,59.3,
2026-04-13,70754.1,74966.2,70595.6,74441.7,2194.42895802,BTC,72.85197315817841,70392.66824162414,70836.39785586012,905.935752797639,281.3630431204433,74584.20202881895,64093.18797118104,12,Extreme Fear,59.3,
2026-04-14,74441.2,76088.3,73858.9,74171.4,3104.76504059,BTC,69.00323760991589,70736.18931681223,70967.25601773601,1080.8772686569573,441.2658882277462,75096.7829628922,63866.787037107795,21,Extreme Fear,59.3,
2026-04-15,74171.4,75438.8,73558.1,74810.1,1995.39439006,BTC,70.74401008827239,71106.54483958626,71118.03744332743,1256.5724210811459,604.3271947984261,75867.59145249438,63698.9485475056,23,Extreme Fear,59.3,
2026-04-16,74810.1,75500.0,73310.6,75162.9,2462.98214823,BTC,77.04394506377223,71475.30440516409,71276.74208638842,1408.0489799519419,765.0715518291294,76534.29353055406,63912.70646944593,23,Extreme Fear,59.3,
2026-04-17,75162.9,78343.6,74569.8,77117.4,2994.99390869,BTC,79.58070475061864,71988.22219351829,71505.90206202207,1666.5955169653316,945.3763448563699,77501.21382788164,64025.35617211837,21,Extreme Fear,59.3,
2026-04-18,77117.4,77432.1,75500.0,75728.8,873.62953918,BTC,73.13394402927835,72328.2747256025,71671.58548690127,1739.3964564315247,1104.180367171401,77938.55216291672,64565.867837083264,26,Fear,59.3,
2026-04-19,75728.8,76274.6,73809.7,73827.6,1154.32176776,BTC,63.124468263817036,72464.57702481354,71756.17411346763,1624.9494220710767,1208.3341781513361,78030.54991484195,65184.130085158045,27,Fear,59.3,
2026-04-20,73827.6,76588.0,73637.3,75848.3,1806.24256924,BTC,67.1650591339469,72772.18820753251,71916.7208254597,1677.960388001069,1302.2594201212828,78470.7057359241,65506.834264075886,29,Fear,59.3,
2026-04-21,75848.3,77169.6,74850.0,76351.9,2016.42495624,BTC,62.44063376442354,73097.6165553381,72090.72354839022,1740.544346387498,1389.916405374526,78891.43803500231,65911.44196499769,33,Fear,59.3,
2026-04-22,76350.3,79490.7,76151.3,78204.0,2385.07653286,BTC,68.84141872297938,73561.83323606238,72330.55804623812,1917.4879252060928,1495.4307093408395,79405.1845009082,66530.01549909181,32,Fear,59.3,
2026-04-23,78204.0,78690.1,76984.3,78283.6,1348.27125024,BTC,67.78947252831725,73991.08476336607,72564.10251502285,2040.617074494221,1604.467982371516,79729.4142975063,67340.84570249371,46,Fear,59.3,
2026-04-24,78283.1,78580.7,77282.6,77455.0,1515.52816204,BTC,62.53720987488529,74305.98615072168,72755.97491265023,2047.7317552238383,1693.1207369419806,79725.92619579994,68361.45380420003,39,Fear,59.3,
2026-04-25,77455.0,77876.3,77145.3,77648.5,464.66865149,BTC,62.75954901186429,74609.85104804672,72947.90831697779,2045.4058539770194,1763.5777603489885,79847.4990625086,69106.36093749141,31,Fear,59.3,
2026-04-26,77648.5,78964.8,77356.2,78653.8,726.37495163,BTC,73.68427364469842,74977.48277308102,73171.74684613253,2100.4689526458533,1830.9559988083615,79953.30758363198,69979.79241636803,33,Fear,59.3,
2026-04-27,78653.8,79481.2,76480.4,77374.7,2180.49916282,BTC,60.277812819758076,75195.4116130394,73336.62378951369,2017.6361403814808,1868.2920271229857,80120.47173211025,70357.59826788976,47,Neutral,59.3,
2026-04-28,77374.7,77799.0,75652.1,76331.9,1632.88839135,BTC,57.18198801949325,75298.7287396213,73454.12343229023,1846.5593229248334,1863.9454862833554,79994.81416442496,71005.54583557506,33,Fear,59.3,
2026-04-29,76331.9,77888.0,74940.0,75750.3,1865.5271538,BTC,53.13734650293646,75339.78067256167,73544.19743546883,1645.085934006609,1820.173575828006,79841.6725772581,71553.36742274191,26,Fear,59.3,
2026-04-30,75752.7,76634.1,75290.9,76313.0,1029.73817744,BTC,53.78474256115943,75428.25515722427,73652.81020863217,1513.3767370208661,1758.8142080665784,79810.94157121396,71918.01842878606,29,Fear,59.3,
2026-05-01,76312.9,78900.0,76284.2,78235.3,1781.33231631,BTC,53.68659187294304,75683.44105293987,73832.56702046865,1546.2851592897641,1716.3083983112153,79973.00852407576,72273.42147592423,26,Fear,59.3,
2026-05-02,78235.3,79140.0,78045.0,78660.0,772.4480455,BTC,60.322726056149534,75954.03732173918,74021.93007009677,1588.3258253484091,1690.7118837186542,79592.40836006586,73444.61163993416,39,Fear,59.3,
2026-05-03,78660.0,79400.0,78078.7,78547.4,925.84557408,BTC,69.01734197208516,76189.79756591821,74199.4462713924,1594.1807544152543,1671.4056578579743,79761.88508873644,73685.70491126356,47,Neutral,59.3,
2026-05-04,78547.4,80770.7,78209.2,79843.7,2899.88446138,BTC,67.09656990277963,76521.97051536868,74420.84562588816,1684.009182600057,1673.9263628063911,80100.79161744929,73914.02838255072,40,Fear,59.3,
2026-05-05,79843.8,81765.8,79808.0,80900.8,2055.14321446,BTC,68.58468904994973,76920.04592404031,74675.0233316698,1819.5236492794356,1703.0458201010003,80681.41410794322,73942.4758920568,50,Neutral,59.3,
2026-05-06,80900.1,82790.9,80728.1,81438.0,2205.62908287,BTC,64.80308328908578,77330.76902277206,74940.30012032231,1947.8141966731055,1751.9994954154215,81306.81457034618,73944.58542965382,46,Fear,59.3,
2026-05-07,81438.0,81705.0,79368.7,80011.5,1605.26480467,BTC,57.04098514298751,77574.47183937846,75139.21538330095,1912.3345589037344,1784.0665081130842,81592.23298063882,73948.57701936118,47,Neutral,59.3,
2026-05-08,80011.5,80465.8,79168.1,80196.9,1280.4083388,BTC,61.79098829458761,77812.87439987496,75337.59876904805,1877.5338775885757,1802.7599820081828,81835.4594379113,74152.1605620887,38,Fear,59.3,
2026-05-09,80196.9,81050.0,80124.0,80670.1,762.80638847,BTC,62.68854772063023,78072.62218214032,75546.75983268714,1866.620134097102,1815.532012425967,81817.19358987715,74854.67641012285,38,Fear,59.3,
2026-05-10,80670.1,82436.6,80301.0,82171.8,1744.15466638,BTC,64.18182404540762,78445.27471160507,75806.61709637307,1956.5911795485154,1843.7438458504766,82325.40527373097,74978.81472626903,47,Neutral,59.3,
2026-05-11,82171.9,82345.1,80421.5,81730.5,1924.14735607,BTC,68.83116883116882,78743.93155641874,76038.97070248325,1969.5805626931106,1868.9111892190033,82672.00530307283,75170.07469692719,48,Neutral,59.3,
2026-05-12,81730.6,81760.4,79844.4,80492.3,1357.67660984,BTC,67.68757227399499,78902.87414239922,76213.64318844595,1858.5382838632795,1866.8366081478587,82833.63085384759,75237.27914615242,49,Neutral,59.3,
2026-05-13,80492.4,81277.0,78720.9,79292.1,1610.02722336,BTC,64.30521673102089,78938.25831131256,76334.3883186131,1654.6169790857384,1824.3926823354348,82868.77477661766,75302.98522338232,42,Fear,59.3,
2026-05-14,79292.1,82017.4,78901.6,81070.1,2233.97174442,BTC,67.49615659043599,79132.06210139513,76520.13403335746,1617.8282915354066,1783.0798041754292,83066.85115079336,75466.41884920666,34,Fear,59.3,
2026-05-15,81070.1,81646.5,78620.0,79062.5,1689.20725007,BTC,53.023391812865476,79125.73827398958,76619.85092306646,1410.4180363006744,1708.5474506004784,83062.67196633616,75611.99803366385,43,Fear,59.3,
2026-05-16,79062.6,79175.0,77624.4,78122.8,1218.88774813,BTC,48.10778443113773,79034.56206718476,76678.79933985528,1156.8821640139358,1598.21439328317,83064.09710380113,75557.47289619887,31,Fear,59.3,
2026-05-17,78122.9,78579.1,76642.3,77410.0,1099.43633193,BTC,46.15618578998596,78886.874606416,76707.47819332861,888.1975694075809,1456.2110285080523,83062.05991857436,75563.04008142564,27,Fear,59.3,
2026-05-18,77410.1,77745.5,76020.8,76946.5,2170.56474743,BTC,39.62499283790754,78710.47691479811,76716.85295359064,630.5934289945435,1291.0875086053506,82998.82945145237,75687.73054854762,28,Fear,59.3,
2026-05-19,76946.4,77336.2,76093.6,76756.3,2344.29356303,BTC,34.17586193730672,78532.82446788337,76718.4001116103,406.4079243692395,1114.1515917581285,82863.96013850036,75923.19986149961,25,Extreme Fear,59.3,
2026-05-20,76756.3,77750.0,76459.6,77479.4,1295.09079589,BTC,35.097203608053334,78437.05860711039,76748.2472299532,283.81577019962424,948.0844274464276,82738.6483352032,76165.1516647968,27,Fear,59.3,
2026-05-21,77477.5,78100.0,76652.5,77549.7,1290.67700341,BTC,39.67816053399522,78356.38964278449,76779.68078304756,190.1413954722666,796.4958210515954,82771.41255398595,76063.82744601407,29,Fear,59.3,
2026-05-22,77549.8,77809.9,75288.0,75456.5,1503.44384552,BTC,32.865611219547475,78092.76331149413,76727.78494380233,-52.39597485170816,626.7174618709347,83041.92867693152,75472.96132306846,28,Fear,59.3,
2026-05-23,75456.6,77308.2,74209.4,76670.1,1857.31788983,BTC,36.27636653080269,77963.43028311933,76725.5225212093,-145.00963239542034,472.37204301766366,83111.7969676441,75215.3630323559,28,Fear,59.3,
2026-05-24,76670.1,77421.2,76020.5,76984.9,1090.2285074,BTC,30.626377320434713,77874.47298461822,76735.69534454608,-190.80540873853897,339.7365526664231,83070.86230106126,74970.41769893873,25,Extreme Fear,59.3,
2026-05-25,76980.7,77809.9,76833.8,77265.9,876.4068902,BTC,33.12213636569834,77819.14816781455,76756.48995727659,-202.0949159407901,231.37025894498046,82859.99498591814,74817.79501408184,30,Fear,59.3,
2026-05-26,77265.9,77989.3,75555.3,75824.0,2237.16429574,BTC,32.61975145012245,77637.77106158939,76719.91788232805,-323.6602549202653,120.36415617193128,82599.09926226,74517.29073773998,34,Fear,59.3,
2026-05-27,75827.7,76041.7,74121.0,74337.1,1593.44279877,BTC,31.937943805316152,77337.7100558998,76626.46461292138,-533.8284212831932,-10.474359319093644,82667.24217193805,73881.70782806196,25,Extreme Fear,59.3,
2026-05-28,74337.0,74467.1,72470.0,73515.7,2818.74516591,BTC,20.398119122256986,76990.25459617723,76504.46201465494,-757.9313604259223,-159.96575954045943,82717.02944133527,73163.80055866475,22,Extreme Fear,59.3,
2026-05-29,73516.5,74200.0,72362.8,73370.7,1633.66134845,BTC,23.88459632572902,76661.20417826086,76381.55793740657,-936.4401431465376,-315.26063626167513,82583.71750792065,72567.17249207933,23,Extreme Fear,59.3,
2026-05-30,73370.7,74004.4,73131.0,73753.7,606.09662277,BTC,28.874254160743405,76396.88561654085,76278.49546060037,-1035.073062858748,-459.2231215810898,81946.62347981219,72362.4565201878,23,Extreme Fear,59.3,
2026-05-31,73778.8,74161.0,73272.9,73570.0,438.52447399,BTC,30.4313261853316,76139.89601498417,76172.27081779907,-1115.2079932943743,-590.4200959237468,81280.80850257447,72212.2214974255,28,Fear,59.3,
2026-06-01,73569.9,73960.0,70581.5,71317.5,2307.83132762,BTC,25.73832387979928,75701.49637717618,75981.8719176356,-1344.9694550176646,-741.3299677425305,81075.77720502026,71499.77279497973,29,Fear,59.3,
2026-06-02,71315.5,71315.5,66111.8,66669.7,4728.61636012,BTC,18.593615722808238,74880.4239791112,75616.65971448555,-1880.4193768679834,-969.1478495676212,81887.45681052297,69425.85318947703,23,Extreme Fear,59.3,
2026-06-03,66669.7,67420.0,64000.0,64035.8,3778.14458938,BTC,12.592242194891185,73894.54907176661,75162.47371352461,-2488.613821727602,-1273.0410439996176,82422.63751852923,67187.24248147075,11,Extreme Fear,59.3,
2026-06-04,64036.1,64686.1,61255.9,63814.0,6745.49591932,BTC,12.099003890621091,72978.13551965881,74717.40291541877,-2954.452616446375,-1609.3233584889692,82828.71657274831,65256.31342725166,12,Extreme Fear,59.3,
2026-06-05,63811.1,63905.3,59070.6,61037.9,8748.4468822,BTC,11.65959347777526,71892.65956318728,74180.91405028188,-3507.2123238709173,-1988.901151565359,83494.77230201749,62881.76769798248,12,Extreme Fear,59.3,
2026-06-06,61038.3,61496.2,59493.5,60855.7,1841.87204538,BTC,5.50753995048386,70889.29960278078,73658.32128728469,-3914.852409806743,-2374.091403213636,83832.54365217811,60888.56634782188,12,Extreme Fear,59.3,
2026-06-07,60858.0,64613.0,60714.4,63307.6,2781.57362874,BTC,15.650632122999042,70200.05418427326,73252.38426694483,-3994.0216819485795,-2698.077458960625,83614.88915486047,59742.33084513953,12,Extreme Fear,59.3,
2026-06-08,63305.6,64189.0,62388.2,63076.4,1837.84295763,BTC,14.27492409098005,69552.44925836797,72853.30114131156,-4028.976277505004,-2964.257222669501,83268.7916429456,58720.438357054416,8,Extreme Fear,59.3,
2026-06-09,63068.5,63467.9,60740.9,61690.4,3294.57413716,BTC,14.315218598826476,68837.71750754477,72415.51404843775,-4121.012198805751,-3195.6082178967513,82751.20285193682,57659.12714806317,10,Extreme Fear,59.3,
2026-06-10,61688.1,62800.0,60746.8,61464.4,2863.41349846,BTC,15.288661183767019,68167.41591589653,71986.03384051319,-4164.185502229688,-3389.3236747633387,82026.57556987788,56775.22443012211,9,Extreme Fear,59.3,
2026-06-11,61459.1,63845.9,61459.0,63552.3,1801.96999257,BTC,24.8513302034429,67747.859923512,71655.28086327469,-3983.999510112473,-3508.2588418331666,81351.49516010794,56259.884839892075,12,Extreme Fear,59.3,
2026-06-12,63553.7,64333.0,62765.3,63543.2,1577.39459696,BTC,25.023000950536527,67365.61811225854,71337.14311781192,-3798.1523708390523,-3566.237547634344,80331.00429385224,55967.685706147764,12,Extreme Fear,59.3,
2026-06-13,63543.3,64750.0,63418.5,64404.0,782.31446436,BTC,26.800788054131587,67096.38010203715,71065.24125254652,-3540.5940441477214,-3561.1088469370193,79063.46872248747,55977.13127751254,13,Extreme Fear,59.3,
2026-06-14,64415.6,65750.0,63643.3,65715.1,1447.74205034,BTC,31.542463448677793,66970.80918366331,70855.4214861266,-3193.865508967887,-3487.660179343193,77550.83550767081,56334.684492329216,18,Extreme Fear,59.3,
2026-06-15,65715.1,67263.5,65321.7,66284.3,2571.36957686,BTC,37.156927787700965,66908.39925787266,70676.15336033916,-2840.4085028607296,-3358.2098440467,76215.59675510609,56715.9532448939,20,Extreme Fear,59.3,
2026-06-16,66284.3,66922.4,65289.8,65609.5,1910.33813579,BTC,46.606708488029724,66790.31750715167,70477.45206269635,-2584.9443696111266,-3203.5567491595857,75049.80769623767,57008.98230376232,23,Extreme Fear,59.3,
2026-06-17,65609.6,66370.9,63866.5,64454.8,2485.03796601,BTC,51.48131911644087,66577.9977337656,70241.25933997809,-2447.44917232485,-3052.335233792639,73896.60880379513,57256.091196204885,22,Extreme Fear,59.3,
2026-06-18,64452.0,64740.9,62187.0,62885.6,2147.48432694,BTC,47.0032665814515,66242.32521250173,69952.79003762035,-2437.012203376078,-2929.270627709327,72588.9271379549,57515.26286204512,15,Extreme Fear,59.3,
2026-06-19,62885.7,63590.9,62236.1,63486.4,1647.79110882,BTC,59.194586515858155,65991.7865568113,69699.19591709612,-2353.135806724167,-2814.0436635122956,70884.56713530495,58192.89286469505,14,Extreme Fear,59.3,
2026-06-20,63486.3,64336.4,63141.3,64250.1,847.30245859,BTC,62.21323508246739,65833.45141527816,69485.49762492311,-2199.6823815230964,-2691.171407114456,68784.58512641699,59360.884873583025,23,Extreme Fear,59.3,
2026-06-21,64250.1,64493.6,63214.0,63234.0,1086.93977784,BTC,49.704669117056966,65597.1376502463,69240.33175481284,-2135.4441435228873,-2580.0259543961424,66926.16593552759,60410.95406447244,23,Extreme Fear,59.3,
2026-06-22,63234.0,65542.1,63234.0,63953.6,2098.68271649,BTC,53.387134141632544,65447.72513658375,69033.001546651,-2003.3755054169087,-2464.695864600296,66474.73892029763,60590.771079702354,20,Extreme Fear,59.3,
2026-06-23,63953.6,64200.0,61881.1,62650.3,2531.14555716,BTC,53.73028765068434,65193.41376052483,68782.69094819122,-1981.039386927121,-2367.964569065661,66420.7981888193,60506.16181118069,23,Extreme Fear,59.3,
2026-06-24,62650.3,63138.7,59001.0,60980.8,4422.38865387,BTC,48.31024892032035,64810.44887319639,68476.72436745674,-2074.143118441614,-2309.200278940852,66473.48476417006,60170.15523582995,17,Extreme Fear,59.3,
2026-06-25,60984.3,61858.8,58033.0,59707.1,4068.93387631,BTC,35.75387533714692,64346.508066533344,68132.80665115127,-2225.0563766076375,-2292.371498474209,66656.30352742998,59854.256472570036,12,Extreme Fear,59.3,
2026-06-26,59721.1,60666.0,58265.0,60009.2,3463.57667373,BTC,37.185065924024194,63952.20733320531,67814.22415948393,-2293.837346697306,-2292.6646681188286,66757.744741805,59668.16525819501,13,Extreme Fear,59.3,
2026-06-27,60013.1,60856.3,59763.1,59941.5,1015.47250919,BTC,32.830595206032854,63587.59757563546,67505.48086387075,-2326.9855443653723,-2299.5288433681376,66878.38438033655,59210.91561966345,15,Extreme Fear,59.3,
2026-06-28,59941.5,60441.1,58832.8,59489.5,1025.97277463,BTC,24.35153752348303,63215.043250572366,67191.11985420865,-2362.4949807130397,-2312.122070837118,67015.33372658744,58715.27627341257,18,Extreme Fear,59.3,
2026-06-29,59488.9,60687.0,58818.6,60157.3,2317.26630008,BTC,24.961176951369012,62937.06659142581,66915.27634658827,-2310.1209496542942,-2311.7218466005534,67084.14034245598,58493.159657544034,12,Extreme Fear,59.3,
2026-06-30,60169.7,60172.5,58100.0,58531.9,3506.31909256,BTC,23.161630870040042,62536.596901291465,66586.50797595693,-2372.42253824402,-2323.861984929247,67311.74113647881,57972.30886352119,15,Extreme Fear,59.3,
2026-07-01,58531.9,61270.0,57740.0,59959.4,3535.11938684,BTC,33.298906259287875,62302.306273898816,66326.61492231442,-2280.3235261598675,-2315.154293175371,67259.35517788977,57665.404822110206,11,Extreme Fear,59.3,
2026-07-02,59964.3,62137.2,59529.6,61484.4,2890.67347299,BTC,44.77717642498249,62227.95115808911,66136.7196015818,-2060.5271661080988,-2264.2288677619167,67147.10950686605,57571.770493133954,19,Extreme Fear,59.3,
2026-07-03,61484.5,62881.7,61173.9,62546.8,1787.84946612,BTC,46.61424926851065,62256.937416444904,65995.93520725034,-1780.090392186772,-2167.401172646888,66958.36162304509,57574.798376954925,21,Extreme Fear,59.3,
2026-07-04,62539.0,63443.4,62290.9,63085.8,1317.15941434,BTC,45.73550849382103,62332.288560405075,65881.80973954574,-1497.091889674477,-2033.3393160524058,66559.78366046146,57710.44633953852,22,Extreme Fear,59.3,
2026-07-05,63085.4,63925.9,62393.3,63593.0,930.25476619,BTC,51.365829161023264,62446.898691278184,65792.05059182223,-1217.848141138631,-1870.241081069651,66040.9141917695,57960.185808230504,23,Extreme Fear,59.3,
2026-07-06,63593.0,64675.0,61271.2,64005.1,3265.61269774,BTC,50.20062798507172,62588.553355708376,65721.97267052806,-952.3147411340688,-1686.6558130825345,65715.24554422723,58125.41445577277,24,Extreme Fear,59.3,
2026-07-07,64005.1,64258.0,62613.3,63304.0,2234.53210027,BTC,52.671980380134876,62653.593959735284,65627.14835702397,-789.3513679674725,-1507.1949240595222,65528.602508431846,58196.977491568156,27,Fear,59.3,
2026-07-08,63319.7,63706.4,61472.9,62241.1,1860.35141068,BTC,55.42022553092662,62616.09450885005,65494.35965001089,-737.4677978391774,-1353.2494988154533,65469.754341355925,58191.37565864408,20,Extreme Fear,59.3,
2026-07-09,62236.6,63490.3,61650.0,63174.0,1742.80464036,BTC,65.36051962322,62666.81318986393,65403.3635099588,-613.9947124869286,-1205.3985415497484,65426.78864380454,58203.101356195475,22,Extreme Fear,59.3,
2026-07-10,63174.0,64635.0,62895.1,64126.4,1736.67920256,BTC,67.2478509308444,62799.502899876905,65353.28564032061,-434.28452073597873,-1051.1757373869946,65403.42851317433,58214.09148682566,23,Extreme Fear,59.3,
2026-07-11,64126.5,64442.5,63779.5,63779.5,562.27382136,BTC,65.71070685900479,62888.593545343014,65291.567527100095,-316.2097605649178,-904.1825420225791,65484.11818077007,58187.95181922992,26,Fear,59.3,
2026-07-12,63779.6,64240.9,63600.8,63737.4,555.1197029,BTC,67.99240980287513,62965.75776849394,65230.618804345206,-223.4559198531424,-768.0372175886918,65448.082173053306,58202.36782694669,26,Fear,59.3,
2026-07-13,63737.8,64364.6,61765.0,62253.5,1867.93942294,BTC,58.304544878296134,62901.007062266995,65113.8672499397,-266.6128147353811,-667.7523370180297,65413.5335313584,58197.23646864159,28,Fear,59.3,
2026-07-14,62253.4,65056.3,62203.4,64977.2,2508.40579622,BTC,73.49024352909446,63089.75187478876,65108.507670667845,-80.1116605179559,-550.224201718015,65855.58856229152,58154.82143770848,22,Extreme Fear,59.3,
2026-07-15,64983.5,65513.8,64433.3,64709.4,1783.89725287,BTC,68.91013901937991,63236.992613444745,65092.85616704035,45.55746784353687,-431.0678678057046,66126.97511274283,58383.66488725715,25,Extreme Fear,59.3,
2026-07-16,64709.4,64939.3,63705.1,63789.5,1630.83056577,BTC,59.64130061986064,63287.22055767717,65041.74346260781,70.11467706950498,-330.8313588306627,66222.2558441077,58666.4141558923,25,Extreme Fear,59.3,
2026-07-17,63789.6,64334.3,62490.0,63907.0,1696.59110387,BTC,56.17744836230857,63343.564143343014,64997.24313520554,97.9288475184294,-245.07931756084426,66281.12341529623,59004.09658470377,27,Fear,59.3,
2026-07-18,63907.0,64806.8,63844.7,64796.7,704.6970239,BTC,57.53030343042752,63475.66740303938,64989.378599407,189.57779758863035,-158.14789453094932,66346.87701308698,59469.062986913006,25,Extreme Fear,59.3,
2026-07-19,64796.7,64928.0,64256.0,64678.1,630.126775,BTC,54.94508499293624,63584.97945730874,64977.17144768462,249.7611311495275,-76.56608939485393,66401.68839679324,59866.33160320675,28,Fear,59.3,
2026-07-20,64678.1,65757.0,63691.6,65215.7,2077.44642701,BTC,55.45462737676849,63733.226779371835,64986.525617393076,336.95250493882486,6.1376294718818505,66049.0826593008,60887.3173406992,29,Fear,59.3,
2026-07-21,65215.7,66907.3,65115.2,66511.7,1414.75679309,BTC,63.71761646952163,63985.8152539748,65046.337046095956,504.80953560011403,105.87201069752831,66155.30293399295,61436.32706600706,25,Extreme Fear,59.3,
2026-07-22,66511.7,66698.4,65504.5,66072.5,1211.24188866,BTC,67.30814405233012,64175.51386725009,65086.57916276734,595.5327415612701,203.80415687027673,66330.00874164325,61720.43125835674,33,Fear,59.3,
2026-07-23,66072.4,66275.8,64603.4,65050.1,1426.77012881,BTC,58.40719861620226,64255.02169750018,65085.14859260275,578.2665041814762,278.69662633251664,66388.032764277,61912.737235723,31,Fear,59.3,
2026-07-24,65052.4,65766.9,63657.0,64087.8,1403.74408857,BTC,49.82717862387622,64239.819725000154,65046.036495321394,481.384221303073,319.2341453266279,66381.93532227479,62019.03467772522,28,Fear,59.3,
2026-07-25,64088.2,64379.7,63760.0,64312.9,333.75029048,BTC,52.414492386246366,64246.46338636379,65017.28577066042,417.9501339012277,338.9773430415479,66399.40358052345,62073.55641947657,27,Fear,59.3,
2026-07-26,64312.9,65500.0,64230.9,65336.6,614.32111676,BTC,56.648153383108564,64345.566714876266,65029.80801190372,445.1507761333705,360.21202965991245,66517.34900271226,62088.76099728776,26,Fear,59.3,
2026-07-27,65336.6,65682.6,63550.0,63697.1,1692.98381597,BTC,55.924649101206604,64286.615195342005,64977.544493059235,330.6025525357618,354.29013423508235,66506.43252710704,62138.98747289295,30,Fear,59.3,
2026-07-28,63697.1,64018.6,62684.4,63859.6,1216.08557941,BTC,44.19235486083685,64247.79563212906,64933.70316216698,250.05220581158937,333.4425485503838,66371.88043429046,62435.38956570953,29,Fear,59.3,
2026-07-29,63844.5,64643.8,63208.4,63901.0,1297.23763108,BTC,45.69789471443471,64216.26875648094,64893.204670222796,187.39592611770786,304.23322406384864,66338.2205344746,62541.7494655254,29,Fear,59.3,
2026-07-30,63901.0,65078.5,63536.5,64723.0,1152.65107659,BTC,55.020166711481586,64262.33523316452,64886.52992521932,201.7433317488758,283.73524560085406,66366.05124697505,62573.57875302494,28,Fear,59.3,
2026-07-31,64723.0,65369.8,62344.0,62822.0,2267.72385038,BTC,45.104232469993676,64131.39566651312,64805.56736073474,59.03838368158176,238.79587321699958,66436.23369667071,62407.6463033293,25,Extreme Fear,59.3,
2026-08-01,62821.8,63091.0,62200.5,62760.0,521.46054051,BTC,40.068075643939025,64006.72333319368,64725.34845537302,-58.38615834967641,179.35946690366438,66501.48600218147,62244.65399781855,27,Fear,59.3,
2026-08-02,62760.0,63712.1,62740.2,63500.0,873.18646678,BTC,44.58329884962344,63960.6575756306,64677.29524240469,-90.68873506598175,125.34982650973515,66366.31901385696,62504.47098614305,27,Fear,59.3,
2026-08-03,63500.0,64008.2,62218.4,63461.7,1589.83272853,BTC,41.54731383850261,63915.297796027786,64629.62452395204,-118.01880246368091,76.67610071505193,66319.74422442666,62399.49577557333,28,Fear,59.3,
2026-08-04,63461.8,64464.9,63270.3,64053.7,1289.95032243,BTC,37.29242922431084,63927.87981457072,64607.03910430023,-90.86123359204066,43.1686338536334,66284.258494808,62369.411505191994,25,Extreme Fear,59.3,
2026-08-05,64053.7,64954.6,63823.0,64599.2,1250.02393192,BTC,42.46601961606511,63988.90892233704,64606.7316865595,-25.032810877703014,29.52834490736612,66311.39765126076,62423.242348739215,27,Fear,59.3,
2026-08-06,64599.3,64936.4,64100.9,64259.2,984.15033936,BTC,45.65215001154441,64013.48083848823,64593.10291264334,-0.2950687389529776,23.563662178102298,66317.79933052092,62452.06066947906,25,Extreme Fear,59.3,
2026-08-07,64267.1,65322.2,64114.3,64886.1,1327.08154231,BTC,54.5565588648272,64092.80985317114,64604.59305956564,69.09883257668844,32.67069625781953,66326.6873329872,62452.11266701281,29,Fear,59.3,
2026-08-08,64886.2,65141.9,64800.0,64901.1,408.98379809,BTC,53.43984654611802,64166.29077561014,64616.220845982374,123.87640389135049,50.91183778452573,66347.3770136504,62453.722986349596,30,Fear,59.3,
2026-08-09,64901.2,65425.5,64674.2,64860.0,565.80949993,BTC,46.8508827571625,64229.35525055468,64625.78086277937,162.10297510509554,73.1500652486397,66304.57565421594,62460.954345784055,31,Fear,59.3,
2026-08-10,64860.0,65328.8,63750.0,63922.1,1224.68579174,BTC,51.63860405499884,64201.4229550497,64598.18539623515,115.38700697092281,81.59745359309633,65900.48284422711,62606.08715577289,30,Fear,59.3,
2026-08-11,63922.1,64437.6,63137.2,63541.1,992.06303805,BTC,47.752008017955696,64141.393595499714,64556.73086693944,47.07806319829251,74.69357551413557,65560.53606096563,62692.893939034366,29,Fear,59.3,
2026-08-12,63541.1,64409.2,63247.4,63412.0,947.17193091,BTC,46.59081402158454,64075.085086817904,64511.83925227092,-17.275417685101274,56.2997768742882,65443.24992461722,62646.37007538277,27,Fear,59.3,
2026-08-13,63412.5,63929.8,62800.0,63423.3,1032.73993624,BTC,39.7839996227068,64015.83189710718,64469.15124831165,-66.59651618138741,31.72051826315307,65437.038655258475,62586.13134474152,29,Fear,59.3,
2026-08-14,63423.3,63557.7,62490.0,62979.4,1529.72460697,BTC,51.60481239804243,63921.61081555197,64410.72938070792,-139.89029401956213,-2.6016441933899794,65434.33342204354,62455.48657795645,29,Fear,59.3,
2026-08-15,62979.4,63111.0,62855.8,63024.3,339.06130219,BTC,52.704168286643906,63840.03710504723,64356.359377514644,-192.13823626873636,-40.50896260845927,65219.53922463536,62439.05077536464,34,Fear,59.3,
2026-08-16,63024.3,63310.0,62660.0,62819.1,487.07316814,BTC,42.17733967509939,63747.224640952016,64296.07445788569,-247.25285499585152,-81.85774108593773,65246.84161494785,62323.94838505214,34,Fear,59.3,
2026-08-17,62819.1,64562.3,62683.4,64471.7,1853.52856452,BTC,58.46406543309197,63813.08603722911,64302.96176018857,-155.7847887040116,-96.64315060955252,65309.27963610493,62322.72036389507,31,Fear,59.3,
2026-08-18,64471.7,64995.2,63985.7,64677.2,1222.33905044,BTC,55.587017688489034,63891.64185202648,64317.63782311311,-65.95328618298663,-90.50517772423935,65396.93877188623,62312.68122811377,41,Fear,59.3,
2026-08-19,64677.2,70001.8,64115.9,69285.0,5973.21592703,BTC,74.29839663147413,64381.94713820594,64512.437022382604,372.7529141992709,2.146440660462725,66947.90316865635,61217.91683134364,46,Fear,59.3,
2026-08-20,69285.0,73387.0,68850.9,73001.1,5148.24143001,BTC,83.57542843535637,65165.506489278196,64845.326887227915,1008.6617274340751,203.4494980151853,69442.31040169955,59741.41959830044,62,Greed,59.3,
2026-08-21,73001.2,79511.1,73001.1,78327.2,6535.9801127,BTC,87.93170594045434,66362.02408116209,65374.02950361504,1920.2602366248466,546.8116457371177,73115.36555076332,57625.08444923668,72,Greed,59.3,
2026-08-22,78327.7,78800.0,76016.3,77082.6,3663.42657137,BTC,82.14608040280572,67336.62189196561,65833.19055776857,2513.307954806267,940.1109075509477,75333.14784638863,56765.56215361136,71,Greed,59.3,
2026-08-23,77082.7,78035.3,75568.1,77737.5,2414.30167703,BTC,82.91643022560312,68282.15626542334,66300.02761597723,3001.5475293936906,1352.3982319194965,77317.50251894988,56208.787481050094,66,Greed,59.3,
2026-08-24,77737.3,79978.6,76686.2,78966.1,3320.44478946,BTC,87.8911523504403,69253.42387765764,66796.73776176025,3447.8737199725874,1771.493329530115,79292.56951802714,55724.960481972856,73,Greed,59.3,
2026-08-25,78966.1,81200.0,77850.0,78509.4,3852.04309499,BTC,87.55727067891783,70094.87625241608,67256.05911545327,3721.8355647859134,2161.561776581275,80873.75304414515,55534.796955854836,74,Greed,59.3,
2026-08-26,78509.5,79221.6,77628.8,79008.6,2226.8536228,BTC,88.42019174869685,70905.21477492375,67716.94429212603,3933.8861775044643,2516.026656765913,82340.42547713427,55543.064522865745,65,Greed,59.3,
2026-08-27,79020.7,80848.4,78588.2,80265.9,2723.80517973,BTC,89.08993009459971,71756.18615902163,68209.06145425387,4155.489521626878,2843.919229738106,83872.97798846543,55548.492011534574,71,Greed,59.3,
2026-08-28,80265.9,81461.0,76853.0,77841.8,4692.77501429,BTC,81.59040282949888,72309.42378092879,68586.81683040218,4088.378870766799,3092.811157943845,84774.95195751972,55940.58804248026,73,Greed,59.3,
2026-08-29,77841.8,78316.0,77379.7,78227.8,761.3821587,BTC,81.85353262349831,72847.45798266256,68964.89548968141,4020.000111593661,3278.248948673809,85608.69380241403,56443.626197585974,68,Greed,59.3,
2026-08-30,78227.8,79371.5,77000.0,77681.6,1603.48060334,BTC,80.70041353895985,73286.92543878416,69306.72781042088,3877.043532622658,3398.0078654635795,86183.33938336174,57244.93061663827,69,Greed,59.3,
2026-08-31,77681.6,79252.6,77255.3,78566.1,1958.61712867,BTC,80.06792504351984,73766.8503988947,69669.84123250977,3791.4160871872446,3476.689509808313,86706.26980815265,58224.50019184734,62,Greed,59.3,
2026-09-01,78563.0,79198.3,76398.4,77398.1,2586.97347546,BTC,76.06731119954429,74096.96399899518,69972.91083505073,3587.948247178254,3498.941257282301,86898.24972727962,59431.13027272038,69,Greed,59.3,
2026-09-02,77398.1,77736.2,76236.9,77305.1,2156.10163275,BTC,70.16590144478587,74388.61272635926,70260.44824047654,3380.229019283157,3475.198809682473,86905.3665307213,60812.1934692787,63,Greed,59.3,
2026-09-03,77304.9,82288.1,76949.6,81276.1,4664.17589594,BTC,70.54349013415955,75014.74793305389,70692.4354145898,3495.7398348121205,3479.3070147084027,87157.22905241101,62390.000947589004,65,Greed,59.3,
2026-09-04,81276.1,81431.1,78632.3,79676.4,2760.43605305,BTC,54.10995625632089,75438.53448459445,71044.74840211662,3418.7908745032328,3467.203786667369,86850.46799677909,64361.97200322091,74,Greed,59.3,
2026-09-05,79676.5,80206.7,79462.0,79828.4,1015.0852444,BTC,58.960786361381565,75837.61316781315,71389.20593890193,3331.6680038963677,3440.0966301131684,86085.67454687391,66827.69545312611,73,Greed,59.3,
2026-09-06,79828.4,80541.2,79237.1,80334.3,1697.21429072,BTC,58.55775695021157,76246.40287983014,71739.9945394968,3265.7983132052177,3405.236966731578,85186.70776660224,69312.92223339777,73,Greed,59.3,
2026-09-07,80334.4,80435.0,78673.1,79090.3,1523.68826533,BTC,50.40888619663408,76504.93898166378,72028.24228472941,3077.7374636534805,3339.737066115959,83284.85230825857,72656.08769174143,71,Greed,59.3,
2026-09-08,79090.4,79498.0,77609.4,78449.6,2055.16557954,BTC,49.80548544068285,76681.72634696707,72280.06063075301,2844.2124394904386,3240.6321407908554,81823.59751926787,75033.80248073212,69,Greed,59.3,
2026-09-09,78449.6,79739.1,77754.9,78288.6,2266.05936475,BTC,47.605332127130254,76827.80576997007,72515.68998200043,2615.9952560067177,3115.704763834028,80936.57869676175,76449.57130323825,66,Greed,59.3,
2026-09-10,78288.6,78500.0,76466.0,76542.0,2625.56074813,BTC,38.00498624594951,76801.82342724553,72673.58472195141,2268.0507930956373,2946.1739696863506,81042.19794844728,76165.43205155272,69,Greed,59.3,
2026-09-11,76542.0,79832.3,76000.0,77210.9,3351.64549242,BTC,47.70873433811509,76839.01220658685,72851.5189028453,2022.9575438847387,2761.5306845260284,81032.38316313803,76188.07683686199,56,Greed,59.3,
2026-09-12,77210.9,77490.0,77050.0,77264.9,573.61980879,BTC,46.41658293327376,76877.72927871533,73024.59290352116,1812.186963518514,2571.661940324526,81053.4117441483,76119.78825585172,63,Greed,59.3,
2026-09-13,77264.2,77400.0,76459.7,76800.2,1082.45260614,BTC,46.699865208926134,76870.68116246848,73172.65611773456,1589.3315291745675,2375.1958580945343,81062.35157891754,75894.25842108247,61,Greed,59.3,
2026-09-14,76800.2,79581.2,76349.8,78193.1,3875.65840124,BTC,48.654634118190216,76990.90105678953,73369.53651376686,1507.732182845677,2201.703123044763,81049.60512319166,75875.37487680835,57,Greed,59.3,
2026-09-15,78184.2,78242.1,74891.5,75585.1,3929.44425693,BTC,44.07609263906316,76863.10096071775,73456.42145973025,1218.573353866872,2005.0771692091846,81163.60187929374,75419.02812070627,69,Greed,59.3,
2026-09-16,75585.1,76475.0,74957.2,76146.1,2837.98106161,BTC,46.32539440978035,76797.91905519796,73561.89917010936,1022.8896747082035,1808.6396703089886,80952.26819065392,75218.38180934607,51,Neutral,59.3,
2026-09-17,76146.2,77095.3,75936.5,76354.8,1857.39349184,BTC,29.508415153105005,76757.63550472542,73671.42481313224,874.5678215244698,1621.8253005520849,80979.82483497777,75042.12516502224,50,Neutral,59.3,
2026-09-18,76354.7,81373.8,76231.0,80878.1,4498.72182339,BTC,54.02398923096503,77132.22318611402,73954.03982454175,1109.227704966077,1519.3057814348836,81377.81308245481,74909.1669175452,56,Greed,59.3,
2026-09-19,80878.1,81915.0,80823.7,81226.5,1676.12921419,BTC,54.62087109418898,77504.43016919456,74239.2346303466,1308.229862021777,1477.0905975522624,81825.6881882323,74815.7818117677,71,Greed,59.3,
2026-09-20,81234.9,81458.4,80101.0,81164.0,1573.99717196,BTC,52.825049200868925,77837.11833563143,74510.79432110899,1444.2488755324011,1470.5222531482902,82179.29019967589,74721.96980032412,71,Greed,59.3,
2026-09-21,81164.0,87446.7,80839.5,86593.8,5026.76127235,BTC,69.88156116690072,78633.18030511949,74984.63812449427,1967.504240811395,1569.9186506809115,84081.47131121965,73739.35868878037,70,Greed,59.3,
2026-09-22,86598.0,86705.3,85100.0,86196.7,3199.34411042,BTC,70.79546247631112,79320.77300465408,75424.32722082494,2323.362954453856,1720.6075114355006,85399.98503263415,73310.00496736587,78,Extreme Greed,59.3,
2026-09-23,86199.4,87274.4,83501.0,84384.6,3504.64548619,BTC,65.03106815267779,79781.12091332188,75775.71077061127,2431.1375824708084,1862.7135256425622,85912.6760131002,73108.16398689983,71,Greed,59.3,
2026-09-24,84384.5,84914.8,82832.3,84380.0,3362.85864323,BTC,71.14264134656884,80199.20083029263,76113.13415769998,2487.504170433138,1987.6716546006778,86508.91057428422,72982.28942571579,71,Greed,59.3,
2026-09-25,84380.0,85247.4,83163.6,84090.5,3084.16569499,BTC,68.94517696044414,80552.95530026603,76425.97228333495,2480.22438413091,2086.1822005067247,86996.0382642051,72921.3717357949,71,Greed,59.3,
2026-09-26,84090.5,84451.3,83777.0,84426.7,950.99825725,BTC,69.42046120137971,80905.11390933274,76739.72655182471,2473.0755557273515,2163.56087155085,87479.11618745435,72847.53381254565,74,Greed,59.3,
2026-09-27,84426.8,85142.8,84122.8,84444.2,1317.7453689,BTC,71.24324684852931,81226.8490084843,77041.862987885,2440.687435972679,2218.986184435216,87969.90305523004,72892.13694476997,70,Greed,59.3,
2026-09-28,84444.2,85060.8,82566.4,83462.7,3143.19416898,BTC,64.98731527513905,81430.1081895312,77293.66069585457,2309.2017303419125,2237.029293616555,88276.32129989703,73087.02870010298,74,Greed,59.3,
2026-09-29,83462.7,84527.1,82735.1,83633.4,2167.13703048,BTC,76.57450026084828,81630.40744502835,77542.27809240614,2193.487268889381,2228.3208886711204,88565.1183249833,73332.71167501669,73,Greed,59.3,
2026-09-30,83633.5,85604.0,82920.1,83564.7,2715.90924755,BTC,75.31841699316067,81806.25222275304,77778.45165473597,2072.3504427497974,2197.126799486856,88705.40571127673,73894.69428872327,71,Greed,59.3,
2026-10-01,83564.7,85238.6,83124.8,84849.1,3339.26436249,BTC,77.00667035475605,82082.8747479573,78055.73215592824,2056.2854029793525,2168.958520185355,88986.52448455791,74377.39551544207,74,Greed,59.3,
2026-10-02,84849.2,87229.0,83860.7,84503.7,5170.8105186,BTC,65.69741262858919,82302.94977087027,78308.59379239952,1992.7121051195718,2133.7092371721983,89141.3559160316,74946.44408396838,72,Greed,59.3,
2026-10-03,84503.7,85025.9,84431.7,84740.0,772.65873551,BTC,65.36117450574048,82524.49979170025,78560.80594657859,1939.0451383619657,2094.7764174101517,89182.69167389376,75699.08832610621,67,Greed,59.3,
2026-10-04,84740.1,86778.1,84706.5,86510.4,993.86683545,BTC,70.33748725673678,82886.85435609113,78872.55490641975,2016.1294790689717,2079.0470297419156,89520.95305085044,76192.55694914957,65,Greed,59.3,
2026-10-05,86506.6,86973.6,84965.7,85751.5,2531.71421762,BTC,45.02968147002937,83147.27668735558,79142.31760329854,1993.0083274398348,2061.8392892814995,89192.22727222485,77537.92272777515,70,Greed,59.3,
2026-10-06,85751.5,86683.4,85110.1,85542.1,2145.39290006,BTC,46.049773100318674,83364.98789759599,79393.28959087774,1935.4768459362094,2036.5668006124415,88636.21667910225,79033.53332089775,73,Greed,59.3,
2026-10-07,85542.0,85588.9,82720.3,83276.1,3278.10115136,BTC,43.65810401052692,83356.9071796327,79545.55674087458,1687.5820744342054,1966.7698553767943,87472.60977073785,80889.27022926215,71,Greed,59.3,
2026-10-08,83276.1,83467.7,80328.6,81683.8,4015.12325849,BTC,36.946122860020154,83204.80652693882,79629.40945745386,1347.1097369391646,1842.8378316892686,87358.81292428866,81083.63707571135,64,Greed,59.3,
2026-10-09,81683.8,83462.9,81542.8,82797.4,1273.2060433,BTC,44.20202128899766,83167.76956994437,79753.64443727564,1153.8404156887118,1705.038348489157,87190.6518134574,81408.88818654258,59,Greed,59.3,
2025-10-10,4370.28,4395.0,3423.26,3837.22,132001.7663482,ETH,,3837.22,3837.22,0.0,0.0,,,64,Greed,59.3,
2025-10-11,3837.11,3883.3,3650.0,3749.47,32571.61542712,ETH,,3791.255714285714,3792.4674999999997,-1.9687500000004547,-1.0937500000002527,,,27,Fear,59.3,
2025-10-12,3750.02,4200.0,3700.0,4156.74,64164.86926318,ETH,,3924.8617522658606,3918.7803612851617,10.12084005932411,3.502393466935961,,,24,Extreme Fear,59.3,
2025-10-13,4156.74,4293.6,4042.17,4244.36,35145.60603277,ETH,,4016.4911786252965,4005.1227536385445,18.53487325124297,8.594696916904459,,,38,Fear,59.3,
2025-10-14,4244.36,4264.58,3890.78,4125.99,59476.16484645,ETH,,4042.7507361058783,4031.2679555508244,18.006512576747355,11.394499290727309,,,38,Fear,59.3,
2025-10-15,4125.99,4216.33,3932.0,3987.78,22055.55541692,ETH,,4031.276475456898,4023.276242963934,11.44049305901126,11.406966159136307,,,34,Fear,59.3,
2025-10-16,3987.78,4087.62,3828.0,3895.24,30292.7230202,ETH,,4005.8740752580507,4002.718852593875,2.840364324417351,9.238987770909947,,,28,Fear,59.3,
2025-10-17,3895.24,3949.0,3677.0,3833.11,30698.31567156,ETH,,3976.4344458408086,3978.4334716017065,-5.926846200003638,5.594352674128378,,,22,Extreme Fear,59.3,
2025-10-18,3833.11,3929.2,3821.43,3889.37,7962.64852878,ETH,,3962.690884649893,3966.881950712859,-9.116531750001286,2.1960653910804617,,,23,Extreme Fear,59.3,
2025-10-19,3889.37,4028.63,3826.4,3984.67,19463.65152194,ETH,,3965.9427026560948,3968.9976235027852,-6.3377334240785785,0.28399907014346837,,,29,Fear,59.3,
2025-10-20,3984.47,4085.3,3909.93,3981.32,19184.10595721,ETH,,3968.0950090332894,3970.3550071847576,-4.419321315831439,-0.7450605558358131,,,29,Fear,59.3,
2025-10-21,3981.32,4110.0,3842.0,3874.68,27378.91471289,ETH,,3955.631466846154,3960.513958348522,-8.810551339310223,-2.477189722503244,,,34,Fear,59.3,
2025-10-22,3874.69,3891.38,3708.51,3805.71,23651.30898938,ETH,,3936.444446133763,3945.5437145230826,-15.846319958348886,-5.3065621646445384,,,25,Extreme Fear,59.3,
2025-10-23,3805.71,3933.0,3797.77,3858.33,12330.0718371,ETH,50.766504723934844,3926.804681549753,3937.568253395831,-17.857222163650476,-7.932169600681643,,,27,Fear,59.3,
2025-10-24,3858.34,4021.75,3850.0,3935.68,15595.79038715,ETH,53.38494753778243,3927.8654739476906,3937.404149105313,-14.555829369100138,-9.305211159462932,,,30,Fear,59.3,
2025-10-25,3935.68,3968.91,3914.34,3954.29,6398.61014376,ETH,57.39294273916435,3930.9359226965007,3938.804861144837,-10.739111611439057,-9.600297183018965,,,37,Fear,59.3,
2025-10-26,3954.29,4177.73,3916.74,4158.73,21125.78723594,ETH,50.08415016787747,3956.7520603936,3956.2835989688015,4.9566169483209706,-6.621845589313207,,,40,Fear,59.3,
2025-10-27,4158.83,4252.57,4095.47,4118.66,24468.44344254,ETH,44.46187194896287,3974.698852262469,3968.689152182538,14.389751104534753,-2.3424352472562022,,,51,Neutral,59.3,
2025-10-28,4118.66,4174.82,3926.42,3980.25,30960.94808476,ETH,43.6903628019742,3975.302145287132,3969.540735174385,12.58534169520135,0.6867756713611048,,,50,Neutral,59.3,
2025-10-29,3980.15,4035.79,3840.0,3902.54,32679.24745774,ETH,46.105628654970744,3967.532495938885,3964.7697359200224,5.977251579186486,1.7572121452265306,4232.734637171547,3694.6793628284536,51,Neutral,59.3,
2025-10-30,3902.54,3948.66,3678.76,3802.67,34893.75741998,ETH,45.79887994336182,3950.2032909432337,3953.5847470372923,-5.807306042958771,0.23022453274387444,4234.843317776522,3689.115682223478,34,Fear,59.3,
2025-10-31,3803.69,3900.0,3796.49,3846.73,15811.4862328,ETH,50.62842589003931,3939.4792190817093,3946.424953167059,-11.906459057685424,-2.215155908204799,4226.92703434463,3706.75796565537,29,Fear,59.3,
2025-11-01,3846.73,3881.41,3830.69,3872.37,6061.64651082,ETH,49.192813188482866,3932.6113950471363,3941.597070065897,-14.753558174593309,-4.737726992908829,4199.76747492052,3705.480525079481,33,Fear,59.3,
2025-11-02,3872.37,3916.6,3837.92,3907.44,6173.84733877,ETH,46.11053474481522,3930.0645126478807,3939.426642078128,-14.37974370082702,-6.675280170677943,4141.683168524889,3729.87283147511,37,Fear,59.3,
2025-11-03,3906.81,3913.33,3558.19,3601.99,40458.0743398,ETH,35.353036118340256,3897.2069339268824,3918.4942702620006,-35.15045613590837,-12.391912188874132,4144.833955356132,3674.322044643868,42,Fear,59.3,
2025-11-04,3601.99,3649.9,3058.27,3288.88,74643.28172729,ETH,30.491281354487185,3836.8393127974214,3880.308418306141,-72.89296247900211,-24.52880375084756,4235.222539335094,3514.043460664907,21,Extreme Fear,59.3,
2025-11-05,3286.58,3480.0,3168.13,3424.01,39185.08980965,ETH,37.824872092578175,3796.2102872829278,3853.2148246559955,-91.8696349657721,-38.02961294747946,4263.803458247658,3438.3395417523407,23,Extreme Fear,59.3,
2025-11-06,3424.01,3454.94,3243.78,3313.54,26409.95548581,ETH,33.241252868542304,3749.061731473562,3821.803880304017,-113.49465867890467,-53.151872798379976,4302.866625810383,3347.3193741896166,27,Fear,59.3,
2025-11-07,3313.53,3488.32,3178.39,3433.9,96651.64758615,ETH,34.962239271158,3718.4829998155496,3799.6472361225087,-120.37100430636156,-66.616534655011,4309.6964620509,3294.9425379491004,24,Extreme Fear,59.3,
2025-11-08,3434.51,3485.22,3356.95,3400.21,10474.0316675,ETH,33.543612041723094,3687.7901265796004,3777.2331043691715,-126.78894265976396,-78.6659326882362,4303.073606408232,3243.119393591769,20,Extreme Fear,59.3,
2025-11-09,3400.21,3621.0,3360.0,3584.2,24297.31626342,ETH,32.726409024491446,3677.855248250295,3766.5811935430024,-116.87603228210583,-86.31552839966254,4280.117971083922,3226.3630289160774,22,Extreme Fear,59.3,
2025-11-10,3584.21,3658.0,3508.0,3565.64,33867.64543702,ETH,33.15524635703494,3667.1466780228648,3755.6671548526997,-109.1448021990609,-90.88500347067752,4267.787604200832,3207.7893957991682,29,Fear,59.3,
2025-11-11,3566.47,3644.2,3404.17,3414.42,33968.15847659,ETH,32.89851480659844,3643.1377800122636,3737.408146320811,-113.03912178901783,-95.31863728362767,4266.248001218541,3170.1999987814593,26,Fear,59.3,
2025-11-12,3416.34,3586.3,3372.02,3413.51,26839.60831944,ETH,34.50013628900878,3621.4121307759447,3720.3216098495454,-114.84739812685757,-99.22637090862375,4256.038757002441,3135.927242997557,24,Extreme Fear,59.3,
2025-11-13,3414.75,3561.69,3153.33,3230.34,44868.13615712,ETH,32.76975969846403,3584.5483544843382,3694.8189372085158,-128.64715173713103,-105.1129149402692,4245.503890989905,3075.928109010096,15,Extreme Fear,59.3,
2025-11-14,3230.24,3252.0,3067.18,3109.23,58982.09457119,ETH,28.78161898404953,3539.893031719321,3664.7262386590164,-147.06786702900263,-113.5066292740513,4235.183522290881,3001.74247770912,16,Extreme Fear,59.3,
2025-11-15,3109.81,3227.5,3109.81,3167.37,14057.54959132,ETH,30.08902043629051,3505.001190094329,3639.4750948963615,-155.39645007517356,-121.88676904294559,4161.674659658851,2976.1153403411486,10,Extreme Fear,59.3,
2025-11-16,3167.37,3244.75,3003.32,3093.51,30206.85567438,ETH,27.50543066710148,3466.5653224269145,3612.0726799311865,-165.728810200078,-130.65699877982453,4087.086801874419,2948.1881981255806,10,Extreme Fear,59.3,
2025-11-17,3092.44,3217.79,2955.78,3025.5,34962.0608538,ETH,31.660654183606596,3425.4696688695703,3582.9517435839525,-177.08868460331087,-139.94487915834938,4036.12592214174,2903.6740778582603,14,Extreme Fear,59.3,
2025-11-18,3026.65,3168.86,2941.02,3122.0,43756.47394556,ETH,43.84261172442293,3397.2581864776384,3560.303598628496,-176.57566487696613,-147.2720102448496,3978.845517870243,2882.900482129758,11,Extreme Fear,59.3,
2025-11-19,3121.81,3123.16,2870.83,3022.4,52001.59895066,ETH,34.78277343720397,3362.481637385516,3534.134087077865,-181.78149626681216,-154.1746414628949,3939.4815460932605,2844.2374539067396,15,Extreme Fear,59.3,
2025-11-20,3022.4,3058.46,2788.37,2830.0,43132.2473082,ETH,32.74944346138477,3313.173842090649,3500.1975072697423,-198.56186584006264,-163.05284161206862,3899.5113699151907,2782.5346300848087,11,Extreme Fear,59.3,
2025-11-21,2830.95,2881.24,2621.08,2765.39,45681.70906242,ETH,25.162546348930334,3262.5346885579975,3465.097798536392,-214.40430781831446,-173.3238338608284,3841.8493722059457,2729.4986277940543,14,Extreme Fear,59.3,
2025-11-22,2765.39,2797.32,2704.51,2767.09,6962.53498869,ETH,25.904641568603566,3216.8041364715423,3432.038616003404,-224.22137043968132,-183.50389543187043,3749.1095338798477,2708.2034661201524,11,Extreme Fear,59.3,
2025-11-23,2767.09,2856.78,2767.08,2801.0,11792.90653389,ETH,16.34871530463178,3178.4779554249353,3402.3927513949566,-226.71439487099724,-192.14637175263002,3711.3672636652573,2665.8467363347427,13,Extreme Fear,59.3,
2025-11-24,2801.0,2983.98,2762.75,2951.88,22346.21426151,ETH,26.321353065539114,3157.6179753965166,3381.3909512196874,-214.35878650023506,-196.58900950548312,3702.5713576807257,2640.9426423192745,19,Extreme Fear,59.3,
2025-11-25,2951.88,2977.85,2856.2,2959.04,22133.71475348,ETH,30.234556755442895,3139.358401629958,3361.846649374024,-201.67306989316603,-197.6058499283937,3673.5018397181557,2623.515160281845,20,Extreme Fear,59.3,
2025-11-26,2959.04,3044.02,2888.11,3026.95,28108.61947289,ETH,34.14386033996192,3129.0330277830544,3346.457931949652,-184.1387627486274,-194.91237242588497,3655.8402963620233,2612.517703637977,15,Extreme Fear,59.3,
2025-11-27,3026.95,3070.59,2986.2,3014.85,10653.44095957,ETH,39.717909322543385,3118.554565075959,3331.3222712827846,-169.2449879505516,-189.7788039448962,3617.575272567682,2608.8777274323174,22,Extreme Fear,59.3,
2025-11-28,3014.85,3097.0,2995.62,3032.32,13157.22527129,ETH,45.92745565263438,3110.6477041597886,3317.7619980297877,-154.27897787978736,-182.67873739633842,3581.64022566246,2608.0237743375396,25,Extreme Fear,59.3,
2025-11-29,3032.33,3052.04,2964.9,2990.01,7456.26655312,ETH,40.448288490123026,3099.5950468469955,3302.9885254662877,-144.10695312761163,-174.9642924592032,3495.4269711963616,2634.8180288036383,28,Fear,59.3,
2025-11-30,2990.01,3052.2,2977.36,2991.95,7419.65171797,ETH,44.071220081727944,3089.7397509822285,3289.0500871546997,-134.34071439650506,-166.83950263170337,3397.109782947791,2675.7662170522085,28,Fear,59.3,
2025-12-01,2992.16,2996.68,2718.8,2799.79,49179.38203832,ETH,38.491816652220464,3063.210895017713,3267.2471100464027,-140.24433215993167,-161.5204296681798,3334.0654252647996,2677.3475747352,24,Extreme Fear,59.3,
2025-12-02,2799.8,3034.42,2784.31,2997.97,26073.42022328,ETH,44.270231814696054,3057.2451944143627,3255.3110977969527,-127.6874664385964,-154.75379746448695,3251.3938779076034,2718.465122092396,23,Extreme Fear,59.3,
2025-12-03,2997.97,3213.0,2986.81,3189.39,30837.58301078,ETH,57.11110164800068,3069.3222382720223,3252.4039275612904,-101.32900800907782,-144.06878960170437,3241.932673652863,2723.8313263471373,28,Fear,59.3,
2025-12-04,3189.14,3239.96,3069.6,3133.94,29031.86227151,ETH,64.65194755109913,3075.224963502266,3247.2049760609398,-83.89277238932527,-132.03354113001805,3245.9264370735477,2722.308562926452,26,Fear,59.3,
2025-12-05,3133.95,3192.73,2985.0,3023.8,25915.39266655,ETH,61.933261293212546,3070.5294409833405,3237.4461235972217,-77.96099272664878,-121.21899907973979,3225.1096639349153,2728.7683360650844,28,Fear,59.3,
2025-12-06,3023.8,3069.61,3012.87,3040.62,5928.65290106,ETH,62.457530628045724,3067.799552406718,3228.886530396243,-71.09693831702452,-111.19456292344091,3218.327641276046,2730.261358723954,23,Extreme Fear,59.3,
2025-12-07,3040.57,3149.11,2914.0,3060.35,17037.3830401,ETH,61.9662812479814,3067.119864864388,3221.5883784072794,-63.350074758087885,-101.625646959969,3222.098886276393,2729.9751137236067,20,Extreme Fear,59.3,
2025-12-08,3060.19,3179.21,3042.24,3124.35,23079.79665474,ETH,58.651270578557174,3072.339747928993,3217.3947973210516,-51.499829502110515,-91.60046810485541,3222.511929206559,2729.79707079344,20,Extreme Fear,59.3,
2025-12-09,3124.35,3396.98,3091.74,3318.37,42587.41106955,ETH,65.17889578845099,3094.773113787086,3221.732570151316,-26.283013855788795,-78.53696123922929,3280.736879185491,2701.169120814509,22,Extreme Fear,59.3,
2025-12-10,3318.37,3448.32,3289.82,3324.64,44390.89126879,ETH,63.26592454612705,3115.7269779497074,3226.136863388949,-5.732309586925112,-63.976016627435534,3330.941793674453,2700.428206325547,26,Fear,59.3,
2025-12-11,3324.8,3327.67,3146.51,3236.85,40659.41144982,ETH,59.26776321282459,3126.765399307563,3226.5937336420925,3.4802579440647605,-50.48475112737972,3346.1062093187234,2732.4097906812763,29,Fear,59.3,
2025-12-12,3237.17,3266.0,3046.15,3085.09,31634.82058594,ETH,51.98087072725772,3122.9682087824403,3220.579822473128,-1.366842891477063,-40.66116331383318,3334.3331436379417,2775.982856362059,29,Fear,59.3,
2025-12-13,3085.23,3135.0,3078.83,3115.15,9109.74933775,ETH,54.741085365299234,3122.256010161754,3216.1137213192974,-2.7655384793724807,-33.08203454094405,3323.9630904541295,2817.767909545871,23,Extreme Fear,59.3,
2025-12-14,3115.0,3129.0,3026.11,3062.77,23134.98621619,ETH,52.584331985578544,3116.838146961074,3209.6383112346534,-7.984044502283723,-28.062434516665427,3323.3152715005062,2829.5047284994935,21,Extreme Fear,59.3,
2025-12-15,3063.51,3175.7,2894.06,2964.51,41002.61711673,ETH,56.45312940734009,3102.966755451887,3199.3181031242784,-19.77768092741917,-26.405483266292578,3323.0528885868,2830.3141114132004,16,Extreme Fear,59.3,
2025-12-16,2964.75,2980.81,2875.91,2961.9,26976.25378803,ETH,48.33118968085797,3090.122826305862,3189.351264346906,-28.998691865836918,-26.924125119549497,3324.242384355071,2822.619615644929,11,Extreme Fear,59.3,
2025-12-17,2961.9,3028.78,2790.66,2833.01,45806.76927186,ETH,32.49916517708067,3066.7163312404846,3174.4332575684944,-46.12658418909223,-30.764617723401557,3336.3770775901585,2792.3009224098414,16,Extreme Fear,59.3,
2025-12-18,2832.46,2993.92,2775.0,2826.65,56208.14177952,ETH,34.14543540847599,3044.864449837411,3159.91198887509,-59.52427736330583,-36.51655059786559,3346.0101598883602,2762.1008401116396,17,Extreme Fear,59.3,
2025-12-19,2827.19,3016.58,2807.51,2977.94,40968.60150326,ETH,47.73024231865695,3038.773397430968,3152.333204611195,-57.32050640188663,-40.67734230639793,3346.0133549038214,2760.890645096179,16,Extreme Fear,59.3,
2025-12-20,2977.94,2992.0,2965.91,2977.08,10118.90063902,ETH,46.804723015649515,3033.159031491443,3145.0519557001076,-55.00873471792647,-43.54362109055802,3346.0026135142457,2759.4143864857547,20,Extreme Fear,59.3,
2025-12-21,2977.08,3012.11,2944.28,3001.35,27591.86823606,ETH,47.04651488756733,3030.264547728923,3139.09545386219,-50.64084290561959,-44.96306557315829,3332.382857954085,2793.1901420459153,20,Extreme Fear,59.3,
2025-12-22,3001.36,3075.51,2963.26,3007.03,27858.83080499,ETH,43.76289207868157,3028.150487770307,3133.633495390554,-46.18976385077758,-45.208405245218,3332.407393797869,2794.071606202131,25,Extreme Fear,59.3,
2025-12-23,3007.29,3032.8,2900.35,2963.44,20946.68264799,ETH,27.538066247294566,3022.263087314601,3126.6096856575277,-45.64316600376196,-45.29535740161524,3317.762381745984,2786.121618254016,24,Extreme Fear,59.3,
2025-12-24,2963.44,2976.12,2888.0,2945.49,15426.89606787,ETH,26.354848768319314,3015.278723646338,3119.150277561083,-46.12263336264277,-45.460812600957816,3309.4592503853464,2775.5797496146533,24,Extreme Fear,59.3,
2025-12-25,2945.42,2968.66,2890.0,2902.89,8474.79039716,ETH,27.929047266575026,3005.0549237779105,3110.2611106379654,-49.362309856175216,-46.24111207892844,3310.579227692619,2762.3687723073804,23,Extreme Fear,59.3,
2025-12-26,2902.88,2990.83,2893.72,2925.71,22126.58054645,ETH,37.30282655109781,2997.837485513016,3102.689615482964,-49.52147998977125,-46.897185679209215,3309.249488250062,2752.2075117499385,20,Extreme Fear,59.3,
2025-12-27,2925.72,2958.0,2916.37,2947.1,6742.19639745,ETH,36.42459003150497,2993.2225085669265,3096.3178489171482,-47.37894425566856,-46.993537396629065,3305.6485645931793,2744.4834354068203,23,Extreme Fear,59.3,
2025-12-28,2946.85,2957.25,2923.7,2948.59,8796.21768475,ETH,39.950005281132306,2989.1630260061706,3090.278528987012,-45.04163365677823,-46.60315664176147,3294.769394904387,2737.7866050956136,24,Extreme Fear,59.3,
2025-12-29,2948.91,3053.42,2907.38,2934.84,37652.96039268,ETH,46.93206493640781,2984.2223764099526,3083.9345529211882,-43.79187176068217,-46.04089965759823,3238.3333078245837,2755.869692175416,24,Extreme Fear,59.3,
2025-12-30,2934.31,3004.08,2915.54,2970.49,33048.24581834,ETH,50.83141369364483,2982.9734746733816,3079.3118798682585,-39.47447131729632,-44.72761397468745,3164.9635761588916,2793.824423841109,23,Extreme Fear,59.3,
2025-12-31,2970.31,3023.0,2955.79,2967.13,16878.67450477,ETH,67.14826369355083,2981.532630319283,3074.7476538105643,-35.90961209474608,-42.964013582745196,3106.4338477216766,2825.382152278324,21,Extreme Fear,59.3,
2026-01-01,2967.13,3006.0,2967.13,2999.8,9252.15614608,ETH,70.74298583990223,2983.1938542046037,3071.702814222909,-30.10497896843799,-40.39220664127157,3091.7295365134955,2831.5574634865047,20,Extreme Fear,59.3,
2026-01-02,3000.22,3147.65,2989.3,3124.04,33453.81358317,ETH,68.71541299446606,2996.001931725461,3073.826081116273,-15.316512387302737,-35.377067761442134,3094.4238696014004,2829.752130398599,28,Fear,59.3,
2026-01-03,3124.04,3135.3,3075.13,3125.5,15637.74766073,ETH,68.98342371840786,3007.77772842171,3075.919606758935,-3.4393904387720795,-28.989532267323085,3109.996975062736,2820.4520249372645,29,Fear,59.3,
2026-01-04,3125.5,3164.79,3116.41,3143.42,11752.41165471,ETH,68.47127961099412,3020.1119339421302,3078.650782413184,7.332983399254772,-21.725029107090013,3139.4183085987206,2808.9216914012795,25,Extreme Fear,59.3,
2026-01-05,3143.18,3264.6,3133.98,3224.67,31644.49754788,ETH,73.64932411874646,3038.7123578689357,3084.5516052896087,22.163767736856244,-12.94726971228105,3186.705253420757,2787.9117465792433,26,Fear,59.3,
2026-01-06,3224.83,3308.21,3181.17,3295.29,26560.53317884,ETH,84.05895272697418,3062.0424282844333,3093.057642953721,39.158516868305014,-2.526112371450877,3239.4777667738585,2781.3672332261417,44,Fear,59.3,
2026-01-07,3295.36,3295.36,3123.0,3166.37,19088.05814799,ETH,68.46390477145822,3071.5285384309404,3096.013359768195,41.75217462453929,6.329545044547555,3249.357666515316,2805.459333484684,42,Fear,59.3,
2026-01-08,3166.38,3180.0,3050.33,3103.77,21281.33657319,ETH,66.24874623871617,3074.4600819969332,3096.325738430101,38.318829839008686,12.727402013149872,3256.875216130148,2810.5247838698515,28,Fear,59.3,
2026-01-09,3103.83,3145.45,3056.63,3084.39,22378.77270875,ETH,62.90710915893932,3075.3629422562617,3095.8455647913984,33.647402979599065,16.91140221151979,3261.6682715791926,2816.462728420807,27,Fear,59.3,
2026-01-10,3084.39,3099.28,3074.11,3081.4,5831.10900588,ETH,61.2611101794399,3075.9118433076364,3095.265009883758,29.365650613482558,19.40225189433179,3265.6941070991156,2820.441892900885,25,Extreme Fear,59.3,
2026-01-11,3081.4,3142.42,3080.42,3118.03,19918.71094677,ETH,63.41695172938049,3079.7412589322703,3096.179025630429,28.596436345023903,21.24108878589911,3272.988856499496,2824.247143500504,29,Fear,59.3,
2026-01-12,3118.54,3166.62,3061.56,3091.93,28404.17599181,ETH,62.200406965004106,3080.8494558146076,3096.0085862455626,25.58710274197756,22.110291577655143,3276.4832320374117,2833.6017679625884,27,Fear,59.3,
2026-01-13,3091.93,3374.84,3088.58,3323.63,43164.01029425,ETH,71.02424271289772,3102.922759521178,3105.130886903619,41.41033567244676,25.970300398533137,3319.2887888033383,2828.610211196661,26,Fear,59.3,
2026-01-14,3323.57,3402.64,3279.18,3354.58,48970.99010147,ETH,72.33321420748646,3125.802900351465,3115.119368748106,55.80304858626869,31.93685003845409,3358.1886231721696,2834.8793768278306,48,Neutral,59.3,
2026-01-15,3354.59,3382.71,3272.92,3317.62,26521.03392474,ETH,68.22947735511401,3143.2423497637506,3123.2212358700144,63.49641092964612,38.24876221870149,3382.575280677898,2849.683719322102,61,Greed,59.3,
2026-01-16,3317.62,3325.9,3251.53,3295.01,17904.44560292,ETH,61.10065057330962,3157.0405102768723,3130.0889000940324,66.9974543710141,43.99850065062807,3398.931787959047,2868.118212040953,49,Neutral,59.3,
2026-01-17,3295.01,3328.38,3283.21,3308.93,19420.62934768,ETH,61.72001789023065,3170.849647776196,3137.2330565663515,70.08682433521471,49.21616538860825,3412.98227745911,2890.10172254089,50,Neutral,59.3,
2026-01-18,3308.93,3367.0,3277.46,3282.62,9632.86037768,ETH,58.799656105393574,3181.011259237097,3143.036577619136,69.61051455581446,53.2950352227142,3415.5252661987643,2922.336733801236,49,Neutral,59.3,
2026-01-19,3281.96,3281.96,3163.19,3187.31,32744.31456823,ETH,47.67950310559005,3181.5839063763274,3144.802633548424,60.84368534584701,54.80476524753758,3408.014663625688,2951.5293363743117,44,Fear,59.3,
2026-01-20,3187.28,3198.01,2910.0,2936.29,49800.93857625,ETH,31.784047087477163,3159.2832445168015,3136.4907186758023,33.26402759419534,50.49661771641981,3412.849152984939,2943.610847015061,32,Fear,59.3,
2026-01-21,2936.29,3067.1,2864.1,2979.9,57345.92874278,ETH,39.64159139641592,3142.9748685355403,3130.252598355848,14.75480557922856,43.348255288385126,3415.1854245138416,2939.284575486158,24,Extreme Fear,59.3,
2026-01-22,2979.54,3034.21,2903.92,2948.85,14842.09589638,ETH,41.08158518893775,3125.326358014594,3123.0305325721192,-2.3910324427884007,34.20039774153981,3426.705240590167,2910.245759409833,20,Extreme Fear,59.3,
2026-01-23,2949.42,3015.33,2888.29,2953.01,24716.68765208,ETH,42.30183284113816,3109.66059286619,3116.2656501398324,-15.465321712008063,24.26725385029981,3435.086092996594,2884.6159070034055,24,Extreme Fear,59.3,
2026-01-24,2953.01,2965.72,2940.13,2948.77,7158.69798256,ETH,42.239956937407115,3095.0336306586714,3109.605045384045,-25.870578066129383,14.2396874665856,3441.1146014949595,2859.1223985050397,25,Extreme Fear,59.3,
2026-01-25,2948.77,2955.55,2784.3,2814.76,30963.01621037,ETH,34.0711171805242,3069.55334711988,3097.8867321498997,-44.41580591846423,2.5085887891747163,3454.302618480809,2804.943381519191,25,Extreme Fear,59.3,
2026-01-26,2814.54,2946.79,2809.92,2926.63,27441.15537858,ETH,42.035423813745524,3056.55991569136,3091.0839032165595,-49.5171044966869,-7.896549868282089,3438.1199467856454,2784.2600532143547,20,Extreme Fear,59.3,
2026-01-27,2926.64,3030.78,2896.11,3022.12,27420.91998543,ETH,33.277501081518764,3053.428926668489,3088.3458400115214,-45.3335764046783,-15.383955175725097,3432.1441400746676,2775.8108599253324,29,Fear,59.3,
2026-01-28,3022.19,3040.36,2979.32,3006.19,32313.77204271,ETH,30.350032149262816,3049.134369562454,3085.0856076288296,-42.809793154018735,-20.8691227714798,3430.166831841665,2768.030168158335,29,Fear,59.3,
2026-01-29,3006.13,3007.84,2750.67,2817.93,35842.60042572,ETH,25.925283535204613,3028.1153045153646,3074.4888919099626,-55.35997423973413,-27.76729306522723,3439.97407068124,2731.5769293187604,26,Fear,59.3,
2026-01-30,2817.64,2823.79,2631.54,2702.42,50039.61241725,ETH,23.795204698016235,2998.5060180901037,3059.7374226745305,-73.77486103063393,-36.968806658411616,3460.3744594541536,2673.2785405458467,16,Extreme Fear,59.3,
2026-01-31,2702.42,2710.35,2230.0,2448.6,75646.8231494,ETH,18.614611225822472,2948.5136066040523,3035.518018449858,-107.60653210107375,-51.096351747070614,3513.016144317968,2553.693855682032,20,Extreme Fear,59.3,
2026-02-01,2449.17,2473.24,2220.0,2267.31,42793.47493094,ETH,16.723585282877877,2886.584930200055,3005.0865088705914,-147.34642496657943,-70.34636639111034,3580.117800124852,2404.130199875148,14,Extreme Fear,59.3,
2026-02-02,2268.18,2394.3,2155.79,2344.99,74617.20664058,ETH,22.070506784089545,2837.3482498885546,2978.9480904901334,-170.60649178644599,-90.39839147029245,3576.188007490528,2310.195992509472,14,Extreme Fear,59.3,
2026-02-03,2344.83,2357.83,2107.48,2230.61,57033.08472657,ETH,24.269671115000364,2782.1894352706513,2949.3268139679444,-196.00918351731843,-111.52054987979453,3564.2350153835064,2209.7519846164937,17,Extreme Fear,59.3,
2026-02-04,2230.57,2293.8,2073.0,2142.84,71385.15966819,ETH,20.431520495104053,2724.066000734192,2917.4155646297863,-220.67864432985425,-133.35216876988662,3550.5222998600916,2105.9867001399084,14,Extreme Fear,59.3,
2026-02-05,2143.46,2168.33,1812.68,1823.85,99367.2168208,ETH,16.97780908770693,2642.2272114623047,2874.1603685428913,-262.93565500118166,-159.2688660162217,3570.4219821329616,1938.9710178670384,12,Extreme Fear,59.3,
2026-02-06,1823.49,2091.99,1744.56,2062.18,76069.1321254,ETH,27.011669255820408,2589.4950779923793,2842.053942476113,-274.03614065245984,-182.22232094352321,3520.2127053038193,1864.5052946961805,9,Extreme Fear,59.3,
2026-02-07,2062.19,2129.48,1993.48,2086.26,49236.62918371,ETH,27.968080269335488,2543.745985929947,2812.1788931402803,-277.6893805780651,-201.31573287046746,3453.677239068511,1811.4047609314894,6,Extreme Fear,59.3,
2026-02-08,2086.13,2150.0,2064.97,2088.62,17573.76121343,ETH,30.11403470335638,2502.3705274623157,2783.5869626098333,-277.19876380817914,-216.4923390580326,3389.4248436750913,1765.7881563249096,7,Extreme Fear,59.3,
2026-02-09,2088.49,2168.59,2008.0,2103.7,35179.00215434,ETH,26.201727039798243,2466.12745852444,2756.7288162490654,-272.45250404850185,-227.6843720561399,3355.701738397623,1716.2522616023766,14,Extreme Fear,59.3,
2026-02-10,2103.9,2123.64,1986.64,2021.58,29865.75078421,ETH,20.83993937980881,2425.713755465063,2727.6959803617956,-272.1794692519893,-236.58339149531835,3310.557054008131,1665.564945991869,9,Extreme Fear,59.3,
2026-02-11,2021.56,2030.35,1902.5,1940.52,38425.14597795,ETH,20.07772093467284,2381.604936821043,2696.6170655848964,-275.3296879771119,-244.33265079168302,3264.8162226785175,1610.4727773214822,11,Extreme Fear,59.3,
2026-02-12,1940.2,2000.0,1895.7,1946.08,17836.54106485,ETH,22.721100354811853,2342.011519675577,2666.9925869293907,-274.21660932178884,-250.30944249770786,3204.9133628075647,1569.6826371924349,5,Extreme Fear,59.3,
2026-02-13,1946.38,2071.71,1923.57,2047.86,18734.68478563,ETH,29.34229628226977,2315.2703244159557,2642.5610184236803,-262.1007640163616,-252.66770680143978,3128.279966344127,1556.2250336558732,9,Extreme Fear,59.3,
2026-02-14,2047.68,2106.0,2041.95,2085.56,11709.62835817,ETH,36.73273984417254,2294.387462569356,2620.5866113089737,-246.61411131311388,-251.4569877037741,3066.785917880795,1544.7990821192054,9,Extreme Fear,59.3,
2026-02-15,2085.86,2101.87,1928.0,1965.46,27179.95203938,ETH,38.452474770273675,2264.484829182551,2594.74711106224,-241.25045585630414,-249.41568133427947,2973.7127979042534,1541.7552020957464,8,Extreme Fear,59.3,
2026-02-16,1965.82,2021.74,1937.5,1997.94,14849.73289497,ETH,36.24771158433654,2240.253380305266,2571.213174152814,-231.70796379152307,-245.8741378257273,2833.251082582712,1579.798917417288,12,Extreme Fear,59.3,
2026-02-17,1997.64,2014.02,1941.24,1991.84,17937.82218533,ETH,39.650284782966764,2217.6702603548056,2548.3716762895724,-222.0776836011578,-241.11484698081244,2662.7927604885376,1648.8222395114622,10,Extreme Fear,59.3,
2026-02-18,1991.2,2038.21,1922.94,1955.31,19249.58659536,ETH,41.49346348898182,2193.8192456219776,2524.9953973643865,-214.91575043837202,-235.87502767232354,2519.331439062849,1706.021560937151,8,Extreme Fear,59.3,
2026-02-19,1955.29,1986.0,1905.46,1948.33,16461.34755152,ETH,57.875888947941185,2171.501971745432,2502.2699569343736,-207.41214661581807,-230.18245146102174,2378.0366716878466,1771.907328312154,9,Extreme Fear,59.3,
2026-02-20,1948.37,1980.76,1922.66,1968.71,45804.61848077,ETH,41.83397109957892,2153.066285585587,2481.247282052935,-197.54386917179932,-223.65473500317657,2300.8018327978552,1801.1531672021447,7,Extreme Fear,59.3,
2026-02-21,1968.35,1994.97,1955.34,1973.59,13441.24446861,ETH,39.81486503588795,2136.75021749214,2461.248894032479,-187.1718163511423,-216.3581512727691,2266.31824428262,1806.26475571738,8,Extreme Fear,59.3,
2026-02-22,1973.19,1982.0,1934.72,1957.4,9422.48145371,ETH,38.42734680918617,2120.4456139914755,2441.404060004445,-178.20402142731928,-208.72732530367864,2197.4091171194145,1836.414882880585,9,Extreme Fear,59.3,
2026-02-23,1957.41,1957.8,1837.22,1856.01,34900.92200182,ETH,31.04171450440107,2096.405961417993,2418.3513862215673,-177.23504354429406,-202.42886895180138,2162.3113485542444,1834.0526514457554,5,Extreme Fear,59.3,
2026-02-24,1855.62,1868.77,1792.8,1851.81,36710.90780893,ETH,35.24585889837137,2074.1699217867645,2396.0447858670727,-174.791128164469,-196.90132079433465,2145.3459791243545,1821.9150208756453,8,Extreme Fear,59.3,
2026-02-25,1851.81,2158.6,1846.74,2056.79,46034.51377776,ETH,58.31390775831248,2072.5899261104714,2382.68931248787,-154.53311390450017,-188.42767941636745,2141.3351374874646,1849.2198625125354,11,Extreme Fear,59.3,
2026-02-26,2057.65,2083.12,1975.33,2027.58,34373.51447236,ETH,55.637017568128364,2068.4981080853313,2368.7118087801227,-139.23048480020202,-178.5882404931341,2137.0661457535953,1850.028854246405,11,Extreme Fear,59.3,
2026-02-27,2027.82,2063.0,1886.52,1929.13,31174.48774578,ETH,41.74993398835417,2055.828261610302,2351.411888349188,-133.5079913962154,-169.57219067375019,2124.981021390428,1846.400978609572,13,Extreme Fear,59.3,
2026-02-28,1929.86,1984.14,1836.0,1965.0,33735.7900782,ETH,41.601415554379024,2047.5711359771897,2336.2066161809935,-124.64171781016466,-160.58609610103292,2110.279194827329,1848.7408051726707,11,Extreme Fear,59.3,
2026-03-01,1964.78,2054.51,1907.66,1939.3,31669.88983146,ETH,47.90162672056982,2037.7282935770345,2320.5904734625815,-118.32489738136405,-152.133856357099,2089.2285085096137,1853.3514914903867,14,Extreme Fear,59.3,
2026-03-02,1939.3,2089.38,1921.25,2027.17,27974.04478762,ETH,52.153286284678735,2036.7684476552686,2309.0474427816257,-105.01791491315089,-142.71066806830927,2090.0351413835656,1853.1038586164345,10,Extreme Fear,59.3,
2026-03-03,2027.85,2041.11,1929.03,1983.19,32094.14675062,ETH,49.396463906448425,2031.897674837537,2296.2299438609302,-96.90375993327416,-133.54928644130217,2091.3482669949553,1856.0577330050448,14,Extreme Fear,59.3,
2026-03-04,1982.99,2200.0,1945.0,2129.35,56571.39376173,ETH,60.53204879938033,2040.7569851430671,2289.666555336641,-77.78285404961684,-122.39599996296502,2118.6104585589787,1847.1225414410214,10,Extreme Fear,59.3,
2026-03-05,2127.96,2163.65,2055.06,2073.24,31824.95639654,ETH,57.13469732798702,2043.7099889233225,2281.155471435024,-66.39163426558639,-111.19512682348923,2122.8791205038806,1845.3918794961191,22,Extreme Fear,59.3,
2026-03-06,2073.24,2092.84,1956.45,1978.92,24622.79387962,ETH,50.5377590039081,2037.8199855247633,2269.2712135799065,-64.23431310368301,-101.80296407952794,2109.0730027160744,1848.5339972839258,18,Extreme Fear,59.3,
2026-03-07,1978.91,1996.03,1948.22,1969.38,23183.82685385,ETH,49.77934316592766,2031.5981644282226,2257.480378684982,-62.573106549722525,-93.95699257356684,2109.1962465799306,1848.8027534200703,12,Extreme Fear,59.3,
2026-03-08,1969.75,1979.54,1912.79,1937.24,27440.02511888,ETH,48.960739030023085,2023.0201441776585,2244.890750855916,-63.12235828264306,-87.79006571538207,2107.128563350963,1844.8004366490372,12,Extreme Fear,59.3,
2026-03-09,1937.2,2054.96,1930.26,1994.57,31901.81682418,ETH,57.482772773421466,2020.4337659807968,2235.0508353532596,-58.26004435463551,-81.88406144323275,2107.3402874264752,1844.8617125735243,8,Extreme Fear,59.3,
2026-03-10,1993.39,2088.25,1991.4,2037.16,38128.78492317,ETH,59.61109670728547,2021.9543334866303,2227.2726269483624,-50.38913989752746,-75.58507713409169,2113.7865819631747,1846.600418036825,13,Extreme Fear,59.3,
2026-03-11,2036.97,2086.22,2007.5,2052.18,25958.15743176,ETH,49.70230792080486,2024.7021226276347,2220.3911331027093,-42.45007347700357,-68.95807640267407,2121.8074154202395,1848.9645845797597,15,Extreme Fear,59.3,
2026-03-12,2052.29,2094.56,2018.19,2073.83,23170.34424708,ETH,53.01605519544039,2029.1682951835035,2214.6314818351893,-34.01919158520468,-61.97029943918019,2132.355613148411,1848.9283868515888,18,Extreme Fear,59.3,
2026-03-13,2073.36,2209.88,2070.66,2093.25,56106.88563855,ETH,61.932528718918135,2034.9939069482941,2209.8617518885353,-25.476952535400414,-54.67163005842422,2145.2430260370743,1848.0069739629257,15,Extreme Fear,59.3,
2026-03-14,2093.05,2105.96,2062.22,2096.52,11306.68319533,ETH,60.03816211265456,2040.5871900864897,2205.4083009422193,-18.233126467090415,-47.38392934015746,2157.400751370159,1849.7612486298412,16,Extreme Fear,59.3,
2026-03-15,2096.52,2202.98,2084.01,2178.97,27232.68997194,ETH,66.83430497998174,2053.167449523771,2204.3695604789773,-5.7728060200661275,-39.061704676139186,2176.1066762773166,1863.3513237226828,15,Extreme Fear,59.3,
2026-03-16,2178.84,2385.4,2165.91,2352.65,61583.21250208,ETH,70.40217636587018,2080.3931437818774,2210.194956225044,17.910087145754915,-27.667346311760365,2242.789585082041,1846.7524149179592,23,Extreme Fear,59.3,
2026-03-17,2352.65,2376.21,2297.65,2318.03,49209.90364393,ETH,71.2381073195484,2101.996500010653,2214.4311011078917,33.49925865937803,-15.434025317532683,2290.604705650789,1825.0612943492104,28,Fear,59.3,
2026-03-18,2318.12,2350.41,2153.94,2203.68,32609.53023895,ETH,54.91282105513621,2111.240456758209,2214.0087882013277,36.20933887354886,-5.105352479316372,2307.763960059749,1825.512039940251,26,Fear,59.3,
2026-03-19,2203.61,2233.8,2100.0,2137.77,53465.50369722,ETH,54.21054692087854,2113.652233939088,2211.0142554131994,32.66222120498378,2.4481622575436606,2311.0956350330675,1843.0443649669328,23,Extreme Fear,59.3,
2026-03-20,2137.75,2176.58,2117.15,2146.26,38028.16397224,ETH,62.29609381888722,2116.6165768921283,2208.4709753075285,30.18818381473602,7.996166568982135,2315.8847202822008,1856.3812797177998,11,Extreme Fear,59.3,
2026-03-21,2146.05,2167.31,2071.1,2085.46,13367.86742191,ETH,57.931995845405325,2113.7841603038605,2203.6399022764194,23.055684044050395,11.00807006399579,2312.5805553330747,1874.3014446669247,12,Extreme Fear,59.3,
2026-03-22,2085.44,2126.95,2025.3,2053.71,38466.27158639,ETH,57.96288953003431,2108.322872114524,2197.7519689152127,14.672044680253293,11.740864987247292,2312.53498107453,1877.00101892547,10,Extreme Fear,59.3,
2026-03-23,2053.7,2197.22,2022.58,2151.36,64536.70319786,ETH,60.15939869111644,2112.235338864903,2195.930199920712,15.72618512705003,12.537929015207842,2315.7277310529025,1890.6252689470978,8,Extreme Fear,59.3,
2026-03-24,2151.63,2174.85,2099.58,2155.73,45980.92930353,ETH,58.08325266214907,2116.189399500028,2194.3516601241736,16.721465822286063,13.374636376623487,2318.0556212995366,1890.9353787004636,11,Extreme Fear,59.3,
2026-03-25,2155.78,2199.03,2146.29,2168.53,38275.58641877,ETH,57.95599075504986,2120.947636491042,2193.3377739194725,18.331766166682428,14.366062334635275,2324.131882219196,1894.3881177808037,14,Extreme Fear,59.3,
2026-03-26,2168.17,2173.0,2032.8,2059.17,40218.14731691,ETH,49.1049186733747,2115.3314870947224,2188.069942442964,10.660633365555896,13.6249765408194,2320.7666403230946,1905.7783596769052,10,Extreme Fear,59.3,
2026-03-27,2059.28,2075.55,1969.4,1991.66,33988.25734752,ETH,44.14135938455152,2104.088623495213,2180.3586606715785,-0.8564038674371659,10.728700459168087,2318.8448938913502,1909.928106108649,13,Extreme Fear,59.3,
2026-03-28,1991.48,2045.1,1981.78,1993.71,19226.35585004,ETH,44.06264798623224,2094.054202255456,2173.0309513286766,-9.70643137050456,6.641674093233557,2312.732435164435,1921.6875648355651,12,Extreme Fear,59.3,
2026-03-29,1993.06,2017.85,1936.7,1983.07,18707.19080284,ETH,37.663417214539436,2083.964728480352,2165.573529320702,-17.37837221696782,1.837664831193281,2313.7372791398016,1919.532720860198,9,Extreme Fear,59.3,
2026-03-30,1983.08,2086.7,1978.77,2024.67,36538.81602378,ETH,25.22435413204414,2078.574298209164,2160.0422189517917,-19.87259474661596,-2.5043870843685685,2314.2489001756717,1917.772099824329,8,Extreme Fear,59.3,
2026-03-31,2024.73,2121.39,2011.2,2103.97,29058.39638047,ETH,34.852387556964516,2080.8829985313473,2157.8411361148405,-15.274373056219247,-5.058384278738705,2314.668855467179,1922.5311445328207,11,Extreme Fear,59.3,
2026-04-01,2103.25,2167.25,2080.87,2140.1,25056.87302193,ETH,44.9407982685085,2086.2663626390768,2157.144744957563,-8.615549660312354,-5.769817355053435,2317.034268462156,1926.7927315378442,8,Extreme Fear,59.3,
2026-04-02,2140.06,2158.95,2016.68,2056.93,28382.99242238,ETH,43.73935132121061,2083.5994204288213,2153.2111713514614,-9.93497510492216,-6.602848905027181,2317.009366352756,1923.185633647245,12,Extreme Fear,59.3,
2026-04-03,2056.94,2080.8,2041.3,2053.54,9727.36864559,ETH,42.76213076875038,2080.8667457026486,2149.2990736889883,-11.125920881843285,-7.507463300390404,2316.871644669649,1919.02535533035,9,Extreme Fear,59.3,
2026-04-04,2053.54,2083.58,2044.88,2065.03,9628.68019657,ETH,48.272187547571946,2079.427041479978,2145.9916226366745,-11.015626735458682,-8.20909598740406,2310.3408530734346,1914.162146926566,11,Extreme Fear,59.3,
2026-04-05,2065.19,2121.77,2021.71,2108.25,14230.77004469,ETH,54.52478927457357,2082.0473105486612,2144.5103621466587,-7.355934023820737,-8.038463594687396,2262.6580442533555,1937.4049557466446,12,Extreme Fear,59.3,
2026-04-06,2109.71,2174.24,2087.95,2107.24,29991.75792881,ETH,45.64066081732666,2084.337555133484,2143.047643790247,-4.4853948469958596,-7.327849845149089,2215.926598462684,1963.057401537316,13,Extreme Fear,59.3,
2026-04-07,2107.22,2273.51,2059.82,2240.22,34420.90869064,ETH,56.65642480107143,2098.5086869870056,2146.861168817006,8.422800355612253,-4.17771980499682,2225.5186812138313,1957.1193187861695,11,Extreme Fear,59.3,
2026-04-08,2240.01,2270.0,2180.61,2190.38,26895.02566283,ETH,51.626494364960024,2106.8606248026163,2148.569013522502,14.464235090968941,-0.4493288258036665,2233.9212108975166,1953.977789102483,17,Extreme Fear,59.3,
2026-04-09,2190.39,2246.17,2157.17,2189.56,17306.70804359,ETH,61.57684453520375,2114.378750040671,2150.177610734424,18.967305192421918,3.4339979778414516,2240.7546080686275,1951.4743919313719,14,Extreme Fear,59.3,
2026-04-10,2190.6,2258.47,2176.49,2245.89,22278.93312349,ETH,73.02933130423753,2126.334318536998,2153.9335223604617,26.772757947431728,8.101749971759508,2263.3484743063045,1944.9235256936945,16,Extreme Fear,59.3,
2026-04-11,2245.89,2329.85,2229.78,2285.62,16085.95579684,ETH,74.75281946917661,2140.814835384007,2159.100982258842,35.752381065960435,13.631876190599694,2292.3133463906634,1939.1496536093366,15,Extreme Fear,59.3,
2026-04-12,2285.67,2288.99,2176.15,2191.77,15830.68717616,ETH,65.50842671581013,2145.447123178264,2160.382903014143,34.89365855636197,17.884232663752154,2296.95565969007,1938.5483403099286,16,Extreme Fear,59.3,
2026-04-13,2191.74,2395.05,2175.0,2369.39,32684.27899875,ETH,71.30847591731776,2165.8055669327982,2168.584071406816,47.99233052612999,23.905852236227723,2339.7656688580696,1917.1043311419312,12,Extreme Fear,59.3,
2026-04-14,2370.0,2417.01,2303.97,2323.21,30757.33193904,ETH,64.13065896669075,2180.1150611081293,2174.6512533513946,54.02402882679826,29.929487554341836,2364.329373689439,1908.008626310562,21,Extreme Fear,59.3,
2026-04-15,2323.07,2386.01,2309.86,2360.32,18796.41114484,ETH,64.17591472049851,2196.497328550856,2181.9363261872045,61.0944003019581,36.1624701038651,2397.05560206504,1905.3973979349594,23,Extreme Fear,59.3,
2026-04-16,2360.64,2369.1,2285.92,2348.89,19936.44924442,ETH,70.70638297872341,2210.3512079816446,2188.4869376947504,65.02583810388433,41.935143703868945,2417.993172355381,1920.1828276446192,23,Extreme Fear,59.3,
2026-04-17,2348.89,2465.91,2317.48,2420.5,32578.10291826,ETH,73.72933964460307,2229.455643880607,2197.5900402032285,73.07746542302448,48.16360804770006,2449.0161974267066,1931.8388025732938,21,Extreme Fear,59.3,
2026-04-18,2420.01,2428.0,2340.47,2351.31,17998.60337233,ETH,67.22668848986663,2240.533312756279,2203.6211709067134,73.0335006505461,53.13758656826928,2457.5115752083343,1960.1674247916656,26,Fear,59.3,
2026-04-19,2351.26,2355.99,2253.84,2263.67,24890.98369639,ETH,58.87769323919848,2242.6366479839953,2205.977114222057,65.17554207418243,55.54517766945191,2454.7312307995135,1986.8477692004863,27,Fear,59.3,
2026-04-20,2263.48,2347.25,2261.09,2315.0,16105.35216663,ETH,61.22226303394336,2249.21513459841,2210.2544180804603,62.37098009646388,56.91033815485431,2462.112531300864,2000.569468699136,29,Fear,59.3,
2026-04-21,2315.01,2339.44,2285.23,2328.11,22372.73616115,ETH,55.45365417788756,2256.387395156371,2214.87817539883,60.5087049244853,57.63001150878051,2471.180693785757,2010.3023062142424,33,Fear,59.3,
2026-04-22,2327.76,2424.05,2313.75,2374.95,28808.89272417,ETH,61.49553432404487,2267.1658138699268,2221.158072271923,62.096622670840134,58.52333374119244,2477.3609310501984,2035.9240689498015,32,Fear,59.3,
2026-04-23,2374.96,2382.24,2286.81,2330.81,20386.00129257,ETH,58.34702343666899,2272.9516490172673,2225.459839571966,59.11192523541331,58.64105204003662,2471.45649533339,2069.5555046666104,46,Fear,59.3,
2026-04-24,2331.06,2337.88,2300.5,2315.72,12546.94179811,ETH,54.337967622100464,2276.8396809520386,2229.000791604748,54.8960864881783,57.892058929664955,2459.849572102911,2106.231427897089,39,Fear,59.3,
2026-04-25,2315.74,2323.41,2298.25,2319.82,5879.2183788,ETH,52.22297332432013,2280.746982708567,2232.563622563082,51.29454793613513,56.572556730958986,2450.600257600684,2136.6377423993154,31,Fear,59.3,
2026-04-26,2319.82,2380.0,2307.57,2369.5,13245.98845533,ETH,62.25605803577586,2288.8154388727053,2237.9355502154176,51.85135253413546,55.62831589159428,2440.216930369638,2173.247069630362,33,Fear,59.3,
2026-04-27,2369.5,2404.07,2264.68,2303.5,23601.62797383,ETH,44.62955416089332,2290.1503989822163,2240.5075670043752,46.43174057419856,53.78900082811514,2439.691757192832,2180.1002428071674,47,Neutral,59.3,
2026-04-28,2303.59,2310.0,2256.63,2289.05,14381.6478794,ETH,47.06387952967064,2290.050362710627,2242.411804922909,40.50376284965023,51.13195323242216,2432.425285186722,2197.233714813278,33,Fear,59.3,
2026-04-29,2288.78,2345.9,2220.0,2252.11,22909.3772199,ETH,40.696414753675526,2286.6012388128324,2242.792243982555,32.45097437007371,47.39575745995248,2424.3151973877725,2211.5988026122272,26,Fear,59.3,
2026-04-30,2252.12,2277.64,2230.78,2256.51,14310.08288425,ETH,41.96024507414889,2283.865671637207,2243.330355129128,26.122995034019823,43.14120497476595,2423.4278387247496,2213.548161275251,29,Fear,59.3,
2026-05-01,2256.99,2325.18,2256.77,2295.4,12873.79217032,ETH,38.45514950166114,2284.914246946687,2245.372885234285,23.969814263811713,39.3069268325751,2423.3616371233134,2214.5923628766864,26,Fear,59.3,
2026-05-02,2295.4,2341.44,2293.16,2316.62,4707.14047212,ETH,46.487657695968245,2287.796588142776,2248.1676564898253,23.702452305141833,36.18603192708845,2410.814977862582,2239.6240221374183,39,Fear,59.3,
2026-05-03,2316.81,2355.95,2297.35,2322.47,25752.0444582,ETH,57.13522958936023,2290.948716502802,2251.0822421508933,23.689533873755863,33.68673231642193,2405.9051807705127,2239.8418192294866,47,Neutral,59.3,
2026-05-04,2322.56,2398.34,2308.95,2345.82,21779.66994297,ETH,54.01239389678698,2295.9370150160266,2254.7983894828,25.2721242468142,32.00381070250039,2407.6682451204597,2240.33975487954,40,Fear,59.3,
2026-05-05,2347.06,2399.48,2344.67,2360.63,18562.40244639,ETH,54.215055993363755,2301.8181954835627,2258.949658829372,27.405468435743387,31.08414224914899,2407.7121838215894,2240.3268161784104,50,Neutral,59.3,
2026-05-06,2360.64,2423.0,2335.54,2351.0,19258.94362011,ETH,46.56433797159664,2306.2892686314053,2262.5603202433704,27.996373853537534,30.466588570026705,2407.9548945546876,2240.2951054453124,46,Fear,59.3,
2026-05-07,2351.01,2351.95,2280.22,2290.77,20311.06951181,ETH,44.50965335673541,2304.8784260256857,2263.666830734077,23.33561500045016,29.040393856111397,2389.2563675956276,2246.0206324043725,47,Neutral,59.3,
2026-05-08,2290.8,2320.44,2265.02,2307.12,9744.4596393,ETH,48.82481552336705,2305.082205478272,2265.371244412216,20.722363769240474,27.376787838737215,2385.3801802390753,2245.477819760925,38,Fear,59.3,
2026-05-09,2307.11,2337.42,2299.0,2326.17,8302.63546693,ETH,50.83366154654062,2306.9992777107364,2267.7560038029615,19.958450422737315,25.89312035553723,2384.222399321676,2252.885600678324,38,Fear,59.3,
2026-05-10,2326.17,2382.07,2312.06,2370.56,23318.92857449,ETH,50.1411225902652,2312.7775252003926,2271.7883363583996,22.673578455772713,25.24921197558433,2390.949384580196,2251.714615419804,47,Neutral,59.3,
2026-05-11,2371.13,2373.91,2303.59,2339.4,12836.58465113,ETH,55.26825545902796,2315.1977501855313,2274.440281732373,22.0567293123554,24.61071544293855,2391.927161337487,2251.8658386625125,48,Neutral,59.3,
2026-05-12,2339.26,2340.2,2256.0,2274.63,18376.45770159,ETH,48.15619885433714,2311.509772891289,2274.447723032853,16.15524691145174,22.91962173664119,2385.2627650061104,2248.49823499389,49,Neutral,59.3,
2026-05-13,2274.53,2322.57,2233.1,2257.79,15165.27541941,ETH,50.76562247263706,2306.626157168302,2273.7943635547076,10.004111239406939,20.336519637194343,2386.1284170304198,2240.330582969581,42,Fear,59.3,
2026-05-14,2257.79,2318.43,2238.0,2282.72,12988.78184618,ETH,53.34763838863765,2304.452870150738,2274.1444479417273,7.059556281667938,17.681126966089064,2385.724272318099,2237.4347276819008,34,Fear,59.3,
2026-05-15,2282.71,2299.78,2203.5,2223.6,16293.27427396,ETH,41.28005829487489,2297.1026092209822,2272.1619893944776,-0.04400713350514707,14.136100146170222,2390.525600757882,2223.0113992421184,43,Fear,59.3,
2026-05-16,2223.6,2229.99,2162.11,2179.99,8492.94556715,ETH,34.26248013084843,2286.456008373544,2268.546835075233,-9.087835780825117,9.491312960771152,2393.1704345000603,2201.41556549994,31,Fear,59.3,
2026-05-17,2179.95,2197.01,1914.69,2129.74,17975.00055062,ETH,29.860603147401207,2272.2090985102523,2263.1026101159277,-20.078438274792916,3.577362713658337,2410.165161150539,2167.044838849461,27,Fear,59.3,
2026-05-18,2129.31,2155.79,2075.0,2128.63,38904.65498703,ETH,26.19835616438354,2259.156453181851,2257.828411501156,-28.549042062697936,-2.84791824161292,2421.6291360977743,2139.5388639022253,28,Fear,59.3,
2026-05-19,2128.81,2145.12,2092.13,2109.86,19012.58636116,ETH,22.75482931705089,2245.584048338357,2252.024922131273,-36.357531672789264,-9.549840927848193,2433.6157651289204,2113.32723487108,25,Extreme Fear,59.3,
2026-05-20,2109.86,2147.16,2101.24,2127.3,14535.35678225,ETH,26.101448656040333,2234.8309530285464,2247.13309551217,-40.66973831197174,-15.773820404672904,2439.9503173645717,2094.0716826354283,27,Fear,59.3,
2026-05-21,2127.39,2155.0,2103.07,2131.98,14988.2178899,ETH,30.75132736926318,2225.480866384589,2242.616708424818,-43.21144166018166,-21.261344655774657,2441.3114347651735,2076.3685652348267,29,Fear,59.3,
2026-05-22,2131.85,2138.91,2055.64,2063.58,14937.98693568,ETH,23.785843451304558,2210.7626057970183,2235.5947955022248,-50.16677670122908,-27.042431064865546,2446.0519766493776,2046.3240233506217,28,Fear,59.3,
2026-05-23,2063.54,2147.52,2001.74,2115.28,16846.0479314,ETH,28.790956815576152,2202.082368902545,2230.8760093913634,-50.92019569138256,-31.817983990168955,2440.465904439627,2031.191095560374,28,Fear,59.3,
2026-05-24,2115.28,2127.85,2060.78,2097.46,14344.5515354,ETH,20.983850403739908,2192.571244453039,2225.643413638777,-52.351732519523466,-35.92473369603986,2430.076667065322,2016.744332934678,25,Extreme Fear,59.3,
2026-05-25,2097.36,2139.33,2089.92,2111.05,19435.96574167,ETH,24.797474780919615,2185.160222227329,2221.1490629506534,-51.79260347465424,-39.09830765176274,2412.795434817485,2009.0675651825145,30,Fear,59.3,
2026-05-26,2110.97,2138.18,2052.53,2070.8,13866.1422349,ETH,26.216424354157454,2174.76383838503,2215.252401913431,-53.97513645156778,-42.07367341172375,2396.737220078587,1997.1057799214127,34,Fear,59.3,
2026-05-27,2070.91,2093.43,2013.0,2021.81,14274.5966377,ETH,24.386749446446416,2160.858943982195,2207.6656597478786,-58.97803102668286,-45.45454493471558,2392.6772797057115,1974.2697202942884,25,Extreme Fear,59.3,
2026-05-28,2021.72,2027.41,1964.34,2006.96,26734.4613182,ETH,19.39944072084873,2146.8681308890664,2199.7940863493936,-63.41017882073356,-49.045671711919184,2383.311005958408,1953.6199940415918,22,Extreme Fear,59.3,
2026-05-29,2006.93,2043.0,1974.05,2011.61,28707.05971903,ETH,23.24101890888896,2134.571937168812,2192.41363072531,-65.78909599815097,-52.394356569165545,2365.0128168460797,1940.462183153921,23,Extreme Fear,59.3,
2026-05-30,2011.65,2028.94,1999.65,2019.12,8526.51614109,ETH,27.657565067637037,2124.076306514722,2185.6171937706877,-66.30409839758568,-55.176304934849576,2328.8936542427787,1941.4373457572212,23,Extreme Fear,59.3,
2026-05-31,2019.32,2034.71,1991.58,2004.09,8060.38616269,ETH,30.65673204224271,2113.1684604656807,2178.497868079538,-67.15096238540036,-57.571236424959736,2294.9861979466723,1941.813802053328,28,Fear,59.3,
2026-06-01,2004.07,2017.99,1955.14,2003.99,21466.91636513,ETH,30.75236271542407,2103.243145876032,2171.653856817379,-67.05718388529522,-59.46842591702684,2272.2863476834327,1937.4496523165674,29,Fear,59.3,
2026-06-02,2003.94,2004.1,1836.76,1857.22,38673.30887867,ETH,22.039488246491672,2080.8774053380375,2159.3221384375065,-77.92767427567264,-63.16027558875601,2270.118162102586,1899.5608378974132,23,Extreme Fear,59.3,
2026-06-03,1857.22,1889.46,1767.33,1810.58,33470.42536076,ETH,17.075554077092605,2056.3049139398654,2145.644933020246,-89.27694534325201,-68.38360953965521,2260.1636648072695,1862.3013351927304,11,Extreme Fear,59.3,
2026-06-04,1810.52,1818.41,1716.0,1768.9,33532.20339354,ETH,14.952314761187722,2030.1771944871084,2130.8695392312275,-100.47632354600955,-74.80215234092609,2261.742524969611,1815.2524750303887,12,Extreme Fear,59.3,
2026-06-05,1768.61,1772.18,1539.72,1583.16,66700.82844973,ETH,12.190707045268567,1989.5392677103523,2109.389221492809,-122.92260178233983,-84.42624222920884,2301.099041500569,1716.2129584994314,12,Extreme Fear,59.3,
2026-06-06,1582.96,1600.42,1505.75,1568.99,22103.71540299,ETH,4.307532745613003,1951.3075160958722,2088.195661583317,-140.23826019526678,-95.58864582242043,2326.7723318983235,1634.4646681016766,12,Extreme Fear,59.3,
2026-06-07,1568.94,1719.0,1563.3,1690.22,44987.45928642,ETH,20.96120935539075,1927.5722873573734,2072.5877585447743,-142.5357332701385,-104.97806331196406,2320.555918066424,1596.8400819335766,12,Extreme Fear,59.3,
2026-06-08,1689.82,1713.33,1644.64,1689.91,31204.53486914,ETH,19.39033608559133,1905.9666248682618,2057.579850515035,-142.7361382891611,-112.52967830740349,2311.1762413935635,1564.2247586064368,8,Extreme Fear,59.3,
2026-06-09,1689.81,1695.94,1613.08,1638.31,41897.78092637,ETH,19.075607419165678,1881.6342044235657,2041.1369091449524,-145.38276739538856,-119.10029612500053,2298.308960033631,1528.1930399663693,10,Extreme Fear,59.3,
2026-06-10,1638.31,1666.74,1602.91,1620.37,36549.51157386,ETH,19.961988566639718,1857.8829131104449,2024.6352948956585,-147.23066463382747,-124.72636982676593,2279.4627166538335,1495.8782833461662,9,Extreme Fear,59.3,
2026-06-11,1620.01,1691.84,1620.01,1671.53,25111.9154623,ETH,26.194768143301204,1840.9417391900897,2010.7872615365322,-142.9194654601231,-128.36498895343738,2262.0270743692713,1474.108925630729,12,Extreme Fear,59.3,
2026-06-12,1671.6,1689.66,1650.35,1665.21,16218.20525265,ETH,25.47436986689324,1824.9661265353961,1997.234490956279,-138.41719299280953,-130.3754297613118,2231.3998257393873,1459.7291742606126,12,Extreme Fear,59.3,
2026-06-13,1665.32,1696.32,1661.49,1680.48,14512.52128495,ETH,26.284385679870027,1811.831024122303,1984.812111169983,-132.09424798237956,-130.71919340552535,2198.1026143422605,1451.3283856577393,13,Extreme Fear,59.3,
2026-06-14,1680.35,1731.63,1653.69,1725.08,14390.09829183,ETH,31.237475286807538,1803.9445673834834,1974.6260378823854,-122.077191389385,-128.99079300229727,2155.6729504494697,1455.1610495505306,18,Extreme Fear,59.3,
2026-06-15,1725.1,1848.02,1708.57,1795.36,46079.96102871,ETH,37.18032222782072,1803.1641521667646,1967.5956654177614,-107.23149532064213,-124.63893346596623,2118.8680828622773,1464.4219171377226,20,Extreme Fear,59.3,
2026-06-16,1795.37,1837.9,1757.74,1791.29,40095.94351382,ETH,45.087256523747776,1802.0846837879194,1960.6814042657131,-94.70291298240454,-118.65172936925391,2088.9276508810035,1471.3103491189966,23,Extreme Fear,59.3,
2026-06-17,1792.17,1808.8,1724.8,1748.99,24083.72742766,ETH,45.380773096134526,1797.2578943524575,1952.3794189228663,-87.18219560492435,-112.357822616388,2057.1054019851595,1477.3355980148408,22,Extreme Fear,59.3,
2026-06-18,1748.97,1761.2,1669.56,1709.09,17963.14918184,ETH,45.5022635323136,1789.2426312292096,1942.8382580691734,-83.4792723421026,-106.58211256153093,2018.9415792893587,1485.247420710641,15,Extreme Fear,59.3,
2026-06-19,1709.03,1717.71,1678.0,1709.67,10026.07446913,ETH,63.18554186730035,1782.0087556626743,1933.6940371058213,-79.58052309217283,-101.18179466765933,1972.3489754878083,1500.8950245121919,14,Extreme Fear,59.3,
2026-06-20,1709.46,1747.05,1702.42,1739.0,8522.4614689,ETH,67.17654428256785,1778.0988687841295,1926.0586818361062,-73.27933182794573,-95.60130209971662,1922.786192876117,1523.9488071238827,23,Extreme Fear,59.3,
2026-06-21,1739.0,1739.2,1700.2,1704.98,14713.65432101,ETH,51.81024332810047,1771.451698894478,1917.3886077759173,-70.22125511086051,-90.5252927019454,1857.8128959627886,1559.0211040372117,23,Extreme Fear,59.3,
2026-06-22,1704.99,1777.82,1704.99,1726.64,18430.98829246,ETH,54.28058643917675,1767.3779080857857,1909.9080034269714,-65.29722059186315,-85.47967827992896,1834.35692252822,1569.4190774717804,20,Extreme Fear,59.3,
2026-06-23,1726.12,1734.46,1633.1,1665.12,26416.54323505,ETH,53.05387857386945,1758.0817346232277,1900.3081449366853,-65.60280925492975,-81.50430447492913,1817.589603882257,1571.6403961177434,23,Extreme Fear,59.3,
2026-06-24,1665.12,1689.37,1551.12,1619.85,43974.36180782,ETH,49.94423951273913,1745.5152132935802,1889.309424214332,-68.70590225329079,-78.94462403060146,1809.2442901632821,1565.0807098367177,17,Extreme Fear,59.3,
2026-06-25,1619.86,1657.06,1530.0,1565.05,29904.39359662,ETH,38.67041198501873,1729.1092848120334,1876.5929661320274,-74.72563718856509,-78.1008266621942,1811.8062108340416,1560.7077891659585,12,Extreme Fear,59.3,
2026-06-26,1565.17,1591.7,1510.0,1576.45,39047.09880434,ETH,40.656842105263166,1715.2311680106995,1864.8222960204685,-77.68097781226243,-78.01685689220784,1810.7484629380465,1562.5115370619533,13,Extreme Fear,59.3,
2026-06-27,1576.47,1608.55,1560.01,1571.61,19478.36239923,ETH,38.28271304647308,1702.17469819134,1853.3234388582227,-79.49725917956243,-78.31293734967876,1815.0117141994385,1546.3872858005614,15,Extreme Fear,59.3,
2026-06-28,1571.67,1585.8,1546.26,1569.49,19022.57235191,ETH,31.56909663815776,1690.1124529010458,1842.1924035014029,-80.18343678383053,-78.68703723650913,1817.7622682176645,1531.5947317823354,18,Extreme Fear,59.3,
2026-06-29,1569.72,1634.48,1549.0,1610.44,25763.85698571,ETH,26.458906202260962,1682.86950263722,1833.103828984808,-76.54060229859056,-78.25775024892542,1818.388710787176,1528.1812892128237,12,Extreme Fear,59.3,
2026-06-30,1610.83,1611.82,1548.31,1569.91,25788.94404852,ETH,24.21136014165235,1672.6004569428057,1822.782235066294,-76.04743450865476,-77.81568710087129,1821.389281739426,1520.134718260574,15,Extreme Fear,59.3,
2026-07-01,1569.79,1643.71,1551.13,1607.9,45273.97299538,ETH,33.39766068108544,1666.7185972206694,1814.3552710802662,-71.76387075094362,-76.60532383088577,1820.8050327993428,1514.3559672006572,11,Extreme Fear,59.3,
2026-07-02,1607.64,1723.01,1595.71,1698.69,32401.09043666,ETH,48.90710382513663,1669.6250883824548,1809.8192696631886,-60.34747327693776,-73.35375372009617,1823.1002765665548,1515.4087234334447,19,Extreme Fear,59.3,
2026-07-03,1699.07,1773.11,1692.83,1757.04,28836.15731458,ETH,54.438967708079524,1677.5718985295748,1807.7494468433365,-46.06058097878713,-67.89511917183435,1831.8359961571027,1514.3290038428972,21,Extreme Fear,59.3,
2026-07-04,1756.3,1805.52,1742.93,1778.72,15588.01759742,ETH,53.776239732278675,1686.7671804815059,1806.6110120414253,-32.61278124869227,-60.83865158720594,1839.9366647635673,1511.5923352364327,22,Extreme Fear,59.3,
2026-07-05,1778.72,1806.34,1747.15,1784.48,17099.52283744,ETH,57.98738094281236,1695.6501640741612,1805.7431108153971,-21.24561301338622,-52.920043872441994,1837.7883359428945,1512.6526640571058,23,Extreme Fear,59.3,
2026-07-06,1784.41,1834.73,1727.93,1798.55,25788.85720064,ETH,57.33670700104066,1705.0046946129362,1805.4610222921394,-10.97520356497239,-44.531075810948074,1839.2711566448816,1511.8958433551184,24,Extreme Fear,59.3,
2026-07-07,1798.49,1810.52,1756.4,1769.69,22577.58684377,ETH,61.43066395575088,1710.8851769208866,1804.058209649327,-5.105735151279077,-36.646007679014275,1842.5074464005743,1510.7295535994253,27,Fear,59.3,
2026-07-08,1769.7,1783.52,1711.44,1742.03,26542.81446613,ETH,63.89040472942248,1713.7165244735488,1801.6256850988184,-2.6554594961783096,-29.84789804244708,1846.1538970756455,1510.3771029243549,20,Extreme Fear,59.3,
2026-07-09,1742.0,1760.53,1720.74,1743.93,14571.88540689,ETH,73.1170845179633,1716.4632040668762,1799.3630683352364,-0.5538992594392766,-23.98909828584552,1849.902840721015,1510.0541592789848,22,Extreme Fear,59.3,
2026-07-10,1743.94,1809.93,1735.0,1795.54,22286.61668207,ETH,75.64795954203835,1723.6520036971929,1799.2131414843777,5.215971570201191,-18.14808431463618,1858.642698444584,1506.9683015554158,23,Extreme Fear,59.3,
2026-07-11,1795.63,1828.44,1785.53,1786.52,23449.62887545,ETH,74.9147905121844,1729.367276088381,1798.7153629285274,8.957540208397631,-12.726959410029416,1868.5684477664345,1505.1965522335659,26,Fear,59.3,
2026-07-12,1786.67,1824.99,1778.61,1805.53,16515.69409049,ETH,76.33316970859923,1736.2911600803725,1798.9826078801184,13.3033556339401,-7.520896401235512,1879.4407021422026,1502.2132978577974,26,Fear,59.3,
2026-07-13,1805.57,1845.0,1749.14,1774.65,37361.83543477,ETH,68.74072721462647,1739.778327345805,1798.028373272955,14.093229764762555,-3.1980711680358977,1888.1079318981901,1504.4990681018098,28,Fear,59.3,
2026-07-14,1774.48,1895.43,1771.52,1890.06,30525.67066081,ETH,81.2043119748923,1753.4402975871383,1801.6375100572193,23.757966133363425,2.193136292243968,1916.4376022998495,1503.1903977001502,22,Extreme Fear,59.3,
2026-07-15,1890.49,1944.54,1863.29,1916.61,31687.28078656,ETH,80.77559565347424,1768.2739068974404,1806.1462992277948,33.17725569599429,8.389960172994034,1941.8295679576158,1512.9544320423847,25,Extreme Fear,59.3,
2026-07-16,1916.62,1927.52,1856.5,1863.33,32058.34124013,ETH,67.73985001292992,1776.9153699067865,1808.3888279163004,35.92869617326892,13.897707373049013,1952.0000599867303,1531.47194001327,25,Extreme Fear,59.3,
2026-07-17,1863.19,1868.87,1800.9,1840.56,27578.44924521,ETH,59.74653409886571,1782.7012453698196,1809.6504590583288,35.85852907009212,18.289871712457636,1953.708987084413,1556.6580129155877,27,Fear,59.3,
2026-07-18,1840.56,1865.28,1836.56,1861.54,10202.83964946,ETH,59.68066205348794,1789.8684048816694,1811.6853686646205,37.06852887104151,22.04560314417441,1953.188761776824,1586.383238223176,25,Extreme Fear,59.3,
2026-07-19,1861.7,1878.09,1842.61,1871.33,14622.93234989,ETH,60.056972139234354,1797.2740044378954,1814.0244021398537,38.37506969633819,25.31149645460717,1955.2990042154477,1610.3619957845524,28,Fear,59.3,
2026-07-20,1871.33,1916.83,1842.3,1903.56,25975.2324024,ETH,61.669074341593515,1806.9363676708313,1817.5356429083142,41.532444191758714,28.555686002037486,1948.1665606668926,1650.8594393331077,29,Fear,59.3,
2026-07-21,1903.36,1950.79,1899.64,1928.41,19518.14363049,ETH,67.79611606942639,1817.9794251553187,1821.8837055166257,45.51520262272879,31.947589326175752,1945.0944192862428,1685.982580713757,25,Extreme Fear,59.3,
2026-07-22,1928.87,1955.41,1909.29,1933.37,23317.97544904,ETH,72.60419620073719,1828.4694774139411,1826.2557640213606,48.512575152583395,35.26058649145729,1954.7619855313603,1699.7830144686402,33,Fear,59.3,
2026-07-23,1933.37,1940.27,1867.5,1877.03,18462.31803847,ETH,63.93192095126445,1832.8840703763158,1828.246931077029,45.81373511117022,37.371216215399876,1958.1110771479675,1708.4329228520328,31,Fear,59.3,
2026-07-24,1877.05,1907.69,1845.48,1860.28,16108.40552229,ETH,57.30996793279437,1835.3746094330172,1829.5031423127277,41.84098311192588,38.26516959470508,1959.995133617271,1714.7048663827288,28,Fear,59.3,
2026-07-25,1859.61,1878.16,1849.83,1873.37,8400.96006411,ETH,59.71715634719954,1838.828735848201,1831.22342762816,39.295824330396044,38.47130054184328,1962.8041287556375,1720.7848712443624,27,Fear,59.3,
2026-07-26,1873.4,1964.99,1872.46,1953.47,14792.25167561,ETH,64.56159691326431,1849.2506689529203,1836.0174547329732,43.24368198661273,39.42577683079717,1978.4689900898184,1720.6120099101813,26,Fear,59.3,
2026-07-27,1953.5,1978.99,1881.5,1891.1,32203.76430959,ETH,60.79300053756463,1853.0551535935672,1838.1775735413335,40.86854274960524,39.71433001455878,1980.0645078526936,1731.1574921473066,30,Fear,59.3,
2026-07-28,1890.79,1927.74,1855.0,1919.88,22730.8630392,ETH,53.29255366133736,1859.1301396305207,1841.3816173335904,40.83778075157534,39.9390201619621,1979.869771505371,1749.137228494629,29,Fear,59.3,
2026-07-29,1919.78,1932.98,1872.17,1908.21,18113.32643439,ETH,49.041008311261315,1863.5919451186583,1844.0023594947545,39.41735148542239,39.83468642665416,1974.5351204117646,1770.8998795882353,29,Fear,59.3,
2026-07-30,1908.48,1934.88,1891.64,1916.66,10320.4636683,ETH,56.782743621702764,1868.416313744238,1846.8517009510833,38.52935304049538,39.573619749422406,1975.5461649693061,1782.000835030694,28,Fear,59.3,
2026-07-31,1916.66,1933.76,1846.93,1860.49,17437.19794964,ETH,52.33629521956252,1867.695739767489,1847.3865402153242,32.91374909656906,38.24164561885174,1969.5696539897876,1795.3743460102128,25,Extreme Fear,59.3,
2026-08-01,1860.8,1873.56,1821.0,1843.51,11191.90924275,ETH,47.86642368589213,1865.4970361522614,1847.234517936013,26.78444402275204,35.950205299631804,1965.8821853867694,1802.8598146132304,27,Fear,59.3,
2026-08-02,1843.5,1896.06,1841.87,1882.88,14398.41906464,ETH,51.27734400920132,1867.0773055929658,1848.6323896462754,24.817672878845087,33.723698815474464,1952.923423379862,1826.641576620138,27,Fear,59.3,
2026-08-03,1883.16,1883.63,1827.01,1858.77,20193.61221237,ETH,44.95596747674498,1866.322095993605,1849.029945635388,21.07062798989341,31.19308465035825,1952.8626674969246,1823.5733325030756,28,Fear,59.3,
2026-08-04,1858.77,1879.84,1847.16,1868.45,23266.58552087,ETH,43.00872160813395,1866.5155418123684,1849.7915212572698,18.666981675230318,28.687864055332668,1949.5836635957155,1822.0363364042844,25,Extreme Fear,59.3,
2026-08-05,1868.3,1925.48,1852.67,1907.01,22057.28416984,ETH,47.1497772587691,1870.1968561930635,1852.0353969335515,19.64706525549309,26.87970429536475,1951.5174283842007,1824.4705716157996,27,Fear,59.3,
2026-08-06,1907.18,1918.0,1890.72,1902.26,13724.1139069,ETH,53.070613148991065,1873.1116874482402,1854.0050008191638,19.812121447970867,25.466187725885973,1950.7809142424173,1831.377085757582,25,Extreme Fear,59.3,
2026-08-07,1902.02,1940.0,1891.39,1913.0,10782.32139636,ETH,56.51153599130476,1876.7378976802195,1856.3185432996843,20.57241195257484,24.48743257122375,1952.4219964983788,1834.8820035016204,29,Fear,59.3,
2026-08-08,1913.01,1924.85,1911.29,1915.15,5614.3526411,ETH,55.30364578044076,1880.2299069820187,1858.6256718009402,21.10514768177859,23.81097559333472,1954.3758823824564,1837.3101176175437,30,Fear,59.3,
2026-08-09,1915.11,1935.85,1906.16,1908.63,7529.03875432,ETH,43.00031220730568,1882.811733620018,1860.5866360984485,20.761904761022606,23.2011614268723,1954.8137297048233,1837.3792702951769,31,Fear,59.3,
2026-08-10,1908.99,1929.19,1866.61,1871.15,13693.13704852,ETH,46.6233370569717,1881.7515760181982,1861.0008877437022,17.266521791818832,22.014233499861607,1950.8910502975475,1835.5759497024521,30,Fear,59.3,
2026-08-11,1871.31,1895.7,1852.43,1881.01,12351.63605987,ETH,42.9708126876198,1881.6841600165437,1861.785562598888,15.117757108874912,20.63493822166427,1945.276684332486,1835.9543156675138,29,Fear,59.3,
2026-08-12,1881.0,1923.16,1872.01,1878.32,16537.0157336,ETH,44.4132929610108,1881.378327287767,1862.4339749148378,13.04738298852908,19.117427175037236,1945.2766924002826,1836.083307599717,27,Fear,59.3,
2026-08-13,1877.84,1897.98,1861.89,1884.56,8533.11716552,ETH,43.950245005653954,1881.6675702616067,1863.3016660380265,11.774384655031781,17.648818671036146,1944.6947433759324,1839.0932566240672,29,Fear,59.3,
2026-08-14,1884.56,1889.28,1862.1,1880.21,7739.74911793,ETH,54.61869964399475,1881.535063874188,1863.964740795806,10.29583171962804,16.178221280754524,1944.6185018594101,1839.85349814059,29,Fear,59.3,
2026-08-15,1880.37,1884.72,1874.21,1881.19,4147.09410247,ETH,59.54020660320033,1881.50369443108,1864.6402439342771,9.098266522717495,14.762230329147117,1932.4994425200887,1844.744557479911,34,Fear,59.3,
2026-08-16,1881.19,1889.96,1868.03,1873.89,3802.5232245,ETH,47.282510126352705,1880.8115403918907,1865.002980899272,7.473983060513092,13.304580875420312,1932.1068538894142,1843.4161461105855,34,Fear,59.3,
2026-08-17,1874.09,1916.84,1870.8,1912.46,11644.23882223,ETH,64.92466781564465,1883.6886730835372,1866.8640475357397,9.193031822947205,12.482271064925692,1930.7168976784121,1844.0641023215878,31,Fear,59.3,
2026-08-18,1912.45,1921.53,1884.01,1916.04,8515.74389347,ETH,63.693387811474935,1886.629702803216,1868.7925232925288,10.72068504908384,12.129953861757324,1932.032165197414,1843.5318348025858,41,Fear,59.3,
2026-08-19,1916.38,2334.0,1905.01,2251.9,71698.48072296,ETH,86.60708599571191,1919.8360934574725,1883.8163985484987,38.58764201977169,17.421491493360204,2073.397441577689,1735.6905584223107,46,Fear,59.3,
2026-08-20,2251.5,2357.88,2221.35,2326.33,64322.08447679,ETH,89.21128062875637,1956.790084961342,1901.1699315333535,65.9184186545283,27.120876925593823,2179.3752120022946,1676.2967879977052,62,Greed,59.3,
2026-08-21,2326.21,2546.62,2324.05,2515.72,58121.7233863,ETH,91.89046427578538,2007.601895419406,1925.2700121661694,101.68824742889024,42.03435102625311,2321.693576340083,1601.199423659917,72,Greed,59.3,
2026-08-22,2515.73,2529.06,2375.09,2422.94,31194.9748246,ETH,81.34390084317867,2045.3599049267355,1944.7865429249764,121.1529480650463,57.85807043401175,2401.0575353568643,1575.8414646431356,71,Greed,59.3,
2026-08-23,2422.29,2484.0,2355.47,2462.4,31290.35030293,ETH,82.84636463931103,2083.2726408424896,1965.0851704734907,138.17021553699897,73.9204994546092,2477.0629845964627,1560.199015403537,66,Greed,59.3,
2026-08-24,2462.86,2532.59,2424.23,2482.69,33118.14777347,ETH,87.02802199132944,2119.583309856811,1985.3834573091488,151.54681864988925,89.44576329366522,2546.1096687733884,1552.5763312266113,73,Greed,59.3,
2026-08-25,2481.79,2531.92,2415.31,2442.55,22527.41698416,ETH,82.79793472420161,2148.943918051648,2003.3116064336373,157.09798269964267,102.97620717486073,2597.697413661773,1554.5425863382266,74,Greed,59.3,
2026-08-26,2442.55,2514.64,2432.08,2507.08,19929.82848667,ETH,84.24991829175295,2181.5017436833177,2023.067282023439,164.8045872091875,115.34188318172609,2654.9310268074973,1557.7909731925024,65,Greed,59.3,
2026-08-27,2506.99,2565.3,2482.04,2511.32,30911.11770171,ETH,84.21552571241406,2211.48522153029,2042.2144961474846,169.3026438795123,126.13403532128333,2705.3236778042024,1567.2303221957977,71,Greed,59.3,
2026-08-28,2512.02,2534.5,2406.16,2442.73,35098.72608516,ETH,78.69590058563064,2232.507474118446,2057.921024887212,165.42582054289642,133.99239236560598,2737.426679301983,1587.885320698017,73,Greed,59.3,
2026-08-29,2442.83,2460.39,2430.6,2457.38,6099.23121233,ETH,78.98894154818328,2252.9504310167704,2073.5861195244424,161.67188977438445,139.5282918473617,2766.1952883115705,1613.9917116884294,68,Greed,59.3,
2026-08-30,2457.4,2533.96,2386.17,2416.95,21095.34747154,ETH,76.44068786881414,2267.859482742519,2087.0514001224174,153.66317604097958,142.35526868608528,2781.454616877819,1653.3123831221817,69,Greed,59.3,
2026-08-31,2416.75,2489.0,2400.6,2467.12,12816.86251654,ETH,76.70383422882122,2285.9740752204725,2101.9560834102763,149.6395607108725,143.81212709104273,2797.93295393844,1695.4450460615599,62,Greed,59.3,
2026-09-01,2467.12,2484.42,2381.99,2417.26,21875.96299203,ETH,73.1015283641526,2297.909159291339,2114.320968639331,140.80442550116095,143.21058677306638,2801.243896529232,1746.028103470768,69,Greed,59.3,
2026-09-02,2417.26,2427.59,2355.48,2390.98,21717.48807396,ETH,58.970125380527314,2306.370144810309,2125.1703641302906,130.18129192660717,140.60472780377455,2795.6459016847903,1802.2680983152102,63,Greed,59.3,
2026-09-03,2390.96,2529.43,2369.61,2507.42,37079.07191404,ETH,61.07922912205568,2324.6474043730086,2140.160574751502,129.66343750854503,138.41646974472866,2793.774194661235,1866.8608053387652,65,Greed,59.3,
2026-09-04,2507.37,2546.4,2431.71,2456.27,25297.18306177,ETH,45.62230305886513,2336.6130948845534,2152.5570457010363,123.69972322082549,135.47312043994802,2774.0223995316273,1944.1206004683727,74,Greed,59.3,
2026-09-05,2456.45,2493.1,2445.18,2480.62,17245.7680611,ETH,54.72337777195452,2349.704631713231,2165.4222824296385,119.5600641837541,132.29050918870922,2738.494648305639,2040.3213516943615,73,Greed,59.3,
2026-09-06,2480.36,2525.75,2462.79,2514.35,23374.19606271,ETH,54.29445317020747,2364.672392466574,2179.1057456687313,117.6449459731075,129.3613965455889,2690.5082673400707,2148.4967326599294,73,Greed,59.3,
2026-09-07,2514.35,2535.53,2465.84,2489.67,19219.48118014,ETH,50.572844855886025,2376.035811333249,2191.2847559890324,112.83503915881602,126.05612506823431,2581.051974423373,2315.3160255766275,71,Greed,59.3,
2026-09-08,2489.75,2507.05,2441.0,2484.92,24765.90899834,ETH,53.69173128866428,2385.9343739393175,2202.7998817240828,107.40180687800466,122.3252614301884,2556.0400742725715,2363.6299257274286,69,Greed,59.3,
2026-09-09,2485.04,2522.8,2443.0,2468.02,27826.90160188,ETH,46.2886245296644,2393.396703581198,2213.20068640666,100.57290059671504,117.97478926349375,2539.7608328225806,2394.0781671774193,66,Greed,59.3,
2026-09-10,2467.64,2483.95,2404.95,2437.29,30753.26389537,ETH,43.302997955528205,2397.3870032556347,2221.988515395843,91.62509196498559,112.70484980379211,2533.173252978011,2392.822747021989,69,Greed,59.3,
2026-09-11,2437.32,2664.81,2432.05,2515.99,60658.9901404,ETH,56.50829750186558,2408.169093868759,2233.518001477121,89.84860267268687,108.13360037757106,2538.972280381898,2396.3287196181022,56,Greed,59.3,
2026-09-12,2516.22,2545.0,2508.54,2525.44,17417.04547586,ETH,56.10272228399267,2418.8300853352353,2244.965938343986,88.18669678643528,104.1442196593439,2546.5800680945054,2395.024931905495,63,Greed,59.3,
2026-09-13,2525.44,2527.23,2461.69,2475.94,21848.78680706,ETH,55.204785685295334,2424.0218957593047,2254.0237563570436,81.93093921988566,99.70156357145227,2546.0795938295087,2394.8504061704916,61,Greed,59.3,
2026-09-14,2475.95,2613.99,2465.0,2515.81,46270.44864329,ETH,54.37552795700857,2432.366268872095,2264.289896270747,79.2765315626616,95.61655716969415,2551.1338271479394,2397.12217285206,57,Greed,59.3,
2026-09-15,2515.27,2519.59,2356.45,2396.41,75625.8433105,ETH,48.33447829629508,2429.09751715645,2269.4710829731466,66.76864486187878,89.84697470813109,2551.3228105555168,2385.8661894444836,69,Greed,59.3,
2026-09-16,2396.78,2431.11,2367.0,2416.61,51085.9812762,ETH,52.06743566992016,2427.962288324046,2275.2412431775324,57.81951830300477,83.44148342710582,2547.130647010198,2380.5873529898017,51,Neutral,59.3,
2026-09-17,2416.59,2481.58,2411.8,2445.34,31858.55492294,ETH,44.166948547374766,2429.5420802945873,2281.911789986422,52.441034323218446,77.24139360632836,2547.129802843108,2380.8491971568924,50,Neutral,59.3,
2026-09-18,2445.24,2646.63,2434.85,2611.32,66151.34001084,ETH,61.98278127270199,2446.067345722352,2294.8297726368696,60.870073549007884,73.96712959486426,2577.62708598549,2365.7459140145106,56,Greed,59.3,
2026-09-19,2611.32,2665.0,2602.47,2631.55,27959.65706417,ETH,61.73913043478263,2462.9294052021382,2308.0345008219015,68.39413478232518,72.85253063235645,2606.867955811837,2357.9650441881627,71,Greed,59.3,
2026-09-20,2631.99,2649.29,2563.33,2645.06,33381.1660481,ETH,60.49660311902735,2479.4867320019443,2321.2511999373573,74.58735501033652,73.19949550795246,2635.100312992457,2347.5266870075434,71,Greed,59.3,
2026-09-21,2644.67,2806.69,2641.76,2775.84,76713.68496018,ETH,69.63484418097237,2506.427938183586,2339.078228387269,89.0221873255864,76.36403387147925,2696.885500107851,2321.5994998921487,70,Greed,59.3,
2026-09-22,2775.49,2776.79,2715.34,2753.25,34588.33900026,ETH,67.97085336940941,2528.8663074396236,2355.3202732500354,97.51497973981031,80.59422304514547,2735.727463386149,2318.9845366138507,78,Extreme Greed,59.3,
2026-09-23,2753.49,2787.89,2635.3,2683.99,47615.04113433,ETH,63.516202921407356,2542.968461308749,2368.2092932764253,97.53258086504093,83.98189460912457,2755.6655073044353,2316.7034926955653,71,Greed,59.3,
2026-09-24,2683.99,2704.82,2627.68,2687.24,27133.01750177,ETH,66.20001296260287,2556.0840557352267,2380.7203117670974,96.69414777665952,86.52434524263157,2773.7188702709223,2321.747129729078,71,Greed,59.3,
2026-09-25,2687.22,2742.42,2667.23,2691.35,26890.20032781,ETH,62.582154234709975,2568.3809597592967,2392.9018778823274,95.2631913937189,88.27211447284904,2790.6403450300954,2325.8986549699043,71,Greed,59.3,
2026-09-26,2691.35,2697.17,2663.17,2695.35,11850.21898384,ETH,62.287210193662204,2579.923599781179,2404.762597640791,93.37553962482025,89.29279950324329,2806.487393768111,2328.151606231889,74,Greed,59.3,
2026-09-27,2695.38,2722.39,2669.07,2688.02,14904.21847069,ETH,66.33294313350993,2589.750545255617,2415.8707392434817,90.24777211785067,89.48379402616477,2819.280109000726,2335.193890999274,70,Greed,59.3,
2026-09-28,2688.02,2719.04,2635.57,2687.45,35889.04361318,ETH,64.0702364166967,2598.6323138687426,2426.520913864257,86.72330729480791,88.9316966798934,2830.0899751482525,2344.6370248517474,74,Greed,59.3,
2026-09-29,2687.48,2747.95,2651.1,2676.7,35800.7326877,ETH,77.95687127211788,2605.7293762443114,2436.33186508524,82.11612480046097,87.56858230400692,2836.836120695926,2358.758879304073,73,Greed,59.3,
2026-09-30,2676.7,2737.61,2656.5,2684.11,38030.60307173,ETH,77.37973387922206,2612.8548874948287,2446.0486610334733,78.16182370317483,85.68723058384052,2839.578839616115,2380.698160383885,71,Greed,59.3,
2026-10-01,2684.11,2719.98,2672.35,2705.61,34343.3241801,ETH,77.03991522430232,2621.2871704498443,2456.227543456184,75.88809123432202,83.72740271393683,2848.3490391574032,2390.8899608425963,74,Greed,59.3,
2026-10-02,2705.62,2776.46,2650.41,2668.1,50389.39687144,ETH,58.04705215419495,2625.542882227131,2464.5362722495684,70.24960464209744,81.03184309956896,2851.986739135499,2401.5182608645,72,Greed,59.3,
2026-10-03,2668.1,2689.77,2665.01,2687.02,11146.73576903,ETH,57.89069390309818,2631.131711115574,2473.2611293701484,66.540709395857,78.13361635882657,2852.336348530262,2422.276651469738,67,Greed,59.3,
2026-10-04,2687.03,2738.82,2686.23,2726.49,21481.96127687,ETH,60.78685918664718,2639.8006464687037,2483.19167884099,66.02518509300626,75.71193010566252,2858.405011377342,2437.2759886226577,65,Greed,59.3,
2026-10-05,2726.03,2737.16,2678.88,2709.39,27046.07280872,ETH,37.40379876407476,2646.126951335185,2492.0622059807183,63.50475796008459,73.27049567654693,2838.9743528446106,2488.0046471553896,70,Greed,59.3,
2026-10-06,2709.72,2724.02,2683.07,2697.24,24820.6010288,ETH,38.94524927959578,2650.7735921228955,2500.108398113544,59.837132622781155,70.58382306579378,2809.332574749316,2545.7094252506836,73,Greed,59.3,
2026-10-07,2697.15,2699.33,2533.1,2572.75,51613.64440102,ETH,31.9743323826809,2643.6805382935413,2502.957089789158,46.350906132048294,65.73723967904468,2774.2535363403717,2593.5294636596277,71,Greed,59.3,
2026-10-08,2572.82,2585.31,2405.35,2472.9,57642.6819662,ETH,23.548721492743653,2628.1550348123105,2501.778379826888,27.291316646355426,58.04805507250683,2804.355493989418,2549.585506010582,64,Greed,59.3,
2026-10-09,2472.9,2518.11,2469.04,2484.63,15614.1977891,ETH,24.96002713309757,2615.107304374828,2501.1058940371868,12.983304181537733,49.03510489431301,2822.4439814633815,2516.805018536619,59,Greed,59.3,
2025-10-10,220.97,224.45,155.38,188.84,1134810.55004835,SOL,,188.84,188.84,0.0,0.0,,,64,Greed,59.3,
2025-10-11,188.85,191.09,172.79,177.8,548577.45576979,SOL,,183.05714285714285,183.2096,-0.24769230769229011,-0.13760683760682785,,,27,Fear,59.3,
2025-10-12,177.84,199.11,173.33,197.32,410834.03369325,SOL,,188.27105740181267,188.10243434208772,0.28970486832389497,0.037520910725435584,,,24,Extreme Fear,59.3,
2025-10-13,197.32,209.26,190.09,208.75,368089.24432353,SOL,,194.14424692954103,193.57808454618151,0.9396995046605525,0.3431369655815049,,,38,Fear,59.3,
2025-10-14,208.75,211.32,191.31,202.51,600067.42025341,SOL,,196.15048746130282,195.51017731766018,1.0248098668095622,0.5459192422438256,,,38,Fear,59.3,
2025-10-15,202.55,208.81,192.08,193.95,299445.18556791,SOL,,195.69117095083857,195.22346600761128,0.6906791062491777,0.5851572138820185,,,34,Fear,59.3,
2025-10-16,193.93,198.33,182.14,184.86,382388.61119321,SOL,,193.66864178583896,193.55951671190047,0.05270876942694258,0.45040871702238616,,,28,Fear,59.3,
2025-10-17,184.87,187.61,174.2,182.02,494668.11089802,SOL,,191.68367068072305,191.90723526828364,-0.5109872699381697,0.21936718230022267,,,22,Extreme Fear,59.3,
2025-10-18,182.03,188.32,181.95,187.64,175296.81130921,SOL,,191.0453569017777,191.35377539912827,-0.6147326312937196,0.026685987369508727,,,23,Extreme Fear,59.3,
2025-10-19,187.65,192.28,183.32,187.93,235462.05952403,SOL,,190.5844387297961,190.94655882727017,-0.6644454353761091,-0.12816757144954055,,,29,Fear,59.3,
2025-10-20,187.93,194.53,184.0,189.72,279029.54704961,SOL,,190.46344627258958,190.81144601542806,-0.5956871220266748,-0.2304581777389915,,,29,Fear,59.3,
2025-10-21,189.72,197.79,182.79,185.75,349782.5555819,SOL,,189.83457263576017,190.29083003759376,-0.7552486803010368,-0.34316116882544356,,,34,Fear,59.3,
2025-10-22,185.72,187.44,177.1,180.15,296692.08383681,SOL,,188.59513641850606,189.31016584867598,-1.179898921238049,-0.5202439480497663,,,25,Extreme Fear,59.3,
2025-10-23,180.15,193.55,179.75,191.4,260286.1560679,SOL,51.31633072809544,188.94127245292876,189.50127559703876,-0.8304239357200345,-0.5851338329005596,,,27,Fear,59.3,
2025-10-24,191.4,196.59,188.78,193.58,254759.0489896,SOL,52.3838261919131,189.4957006625332,189.85574930053875,-0.4269071461847318,-0.5523344705895677,,,30,Fear,59.3,
2025-10-25,193.55,195.23,191.32,193.89,111333.88030566,SOL,59.07092118615401,190.00630474587285,190.1903977325565,-0.09655394197832834,-0.45853823556027823,,,37,Fear,59.3,
2025-10-26,193.89,202.22,191.97,200.02,164349.28468205,SOL,51.792828685258975,191.1411671558068,190.97161374924679,0.53593695515886,-0.2550613042564588,,,40,Fear,59.3,
2025-10-27,200.06,205.2,197.42,198.71,234138.07905277,SOL,42.29825099723842,191.98013940185734,191.56282627651373,0.9311481334270297,-0.013467245059870398,,,51,Neutral,59.3,
2025-10-28,198.71,203.9,190.35,194.24,280687.19671684,SOL,43.4789465384009,192.22573872654357,191.76002942676172,0.9368007369719749,0.17936536209117165,,,50,Neutral,59.3,
2025-10-29,194.24,201.61,189.38,194.07,342303.8451174,SOL,50.10905125408942,192.42267166941878,191.9245181872781,0.918771511697571,0.32897143257121314,207.06986943428709,176.2451305657129,51,Neutral,59.3,
2025-10-30,194.07,198.21,178.72,184.63,423954.26984901,SOL,49.792306303052186,191.60355993600658,191.4211916126449,0.2692861682762384,0.31692325488707124,207.13394811149163,175.76005188850837,34,Fear,59.3,
2025-10-31,184.64,190.06,183.64,187.11,203332.41490621,SOL,54.62643155789856,191.13784304202824,191.13232055976744,-0.0704117754505944,0.23888039414800466,206.40109279062776,177.42390720937223,29,Fear,59.3,
2025-11-01,187.12,187.35,183.85,186.33,111574.1323128,SOL,48.6944389077138,190.6458179454719,190.819241673274,-0.38602046726089156,0.11315808836248716,205.82165990732852,176.90434009267148,33,Fear,59.3,
2025-11-02,186.34,188.1,182.06,187.96,137359.44298537,SOL,50.02912055911474,190.37406254851763,190.63755811143758,-0.5145330201649188,-0.012975783712837084,202.2941874885016,178.35281251149846,37,Fear,59.3,
2025-11-03,187.75,189.0,163.1,166.02,493705.57259022,SOL,33.4635780072565,187.93493516582183,189.1104451209212,-2.1333718065497465,-0.43866318983128566,203.41092232304146,173.5870776769586,42,Fear,59.3,
2025-11-04,166.02,168.34,145.72,155.05,684720.06134869,SOL,30.485634375794575,184.67158252394157,187.0446928399303,-4.138829616786154,-1.1809398688286035,207.4280457329948,165.6799542670052,21,Extreme Fear,59.3,
2025-11-05,155.01,163.97,147.34,162.43,402928.94102661,SOL,38.98557931377425,182.48265408345705,185.58314824789804,-5.1298913644393735,-1.9726443920299648,208.93452667632596,161.93047332367405,23,Extreme Fear,59.3,
2025-11-06,162.43,162.91,153.38,155.24,266620.22917152,SOL,26.32888190625819,179.82151700854067,183.81707190426633,-6.35697952444437,-2.8512108131219724,211.19068748272014,156.99631251727988,27,Fear,59.3,
2025-11-07,155.19,164.27,149.62,161.7,334116.28996316,SOL,30.238036201338943,178.06326735288172,182.55376901558265,-6.774787253305448,-3.6371422711837527,211.60793944959875,153.98506055040122,24,Extreme Fear,59.3,
2025-11-08,161.7,164.75,155.92,157.99,119669.97968313,SOL,28.646205091601246,176.1274881612746,181.17539087432954,-7.291780670473486,-4.368975917214216,212.03490696090805,150.564093039092,20,Extreme Fear,59.3,
2025-11-09,157.98,166.5,155.15,164.49,159059.56877718,SOL,28.95890086462157,175.01138730534845,180.25466126023582,-7.135692472948392,-4.922867776288878,211.38323121624725,148.6927687837527,22,Extreme Fear,59.3,
2025-11-10,164.49,170.34,163.36,167.25,272853.9294815,SOL,31.68374476013041,174.27072716942624,179.54831840616038,-6.728022630950676,-5.284185012228119,210.83806968181145,147.38793031818855,29,Fear,59.3,
2025-11-11,167.25,172.0,153.88,154.54,269303.90085511,SOL,28.909902252443672,172.39631873739324,178.21020586030372,-7.27284949109864,-5.682170161058622,211.3954607093735,144.26953929062645,26,Fear,59.3,
2025-11-12,154.56,161.05,151.13,153.31,283646.45515968,SOL,28.587938642571956,170.59051516223766,176.89665010085614,-7.70649491628771,-6.087240507171393,210.55526981349885,141.3007301865012,24,Extreme Fear,59.3,
2025-11-13,153.31,157.15,141.0,144.65,416849.52595603,SOL,28.82415254237287,168.14527482784618,175.21826922949145,-8.604958925262792,-6.590988535266531,209.73351280800264,137.22948719199738,15,Extreme Fear,59.3,
2025-11-14,144.65,145.55,135.67,138.71,466398.45691911,SOL,25.27079501328427,165.37988256871395,173.34215397068172,-9.65536819529541,-7.204063421447653,208.7883674986012,132.6566325013988,16,Extreme Fear,59.3,
2025-11-15,138.73,144.5,138.61,139.51,208455.7990246,SOL,26.082958724969316,162.95681669469624,171.62447051301092,-10.305678296644544,-7.824547483359304,205.57659434007223,129.81740565992777,10,Extreme Fear,59.3,
2025-11-16,139.51,143.27,134.47,137.07,249286.82171965,SOL,24.21724592157257,160.53882504685586,169.89015462221363,-10.881132881766888,-8.435991555006115,201.89582588875123,127.3341741112488,10,Extreme Fear,59.3,
2025-11-17,137.08,143.0,128.78,130.84,399510.11561351,SOL,28.802120993010334,157.77167795292854,167.95147403580017,-11.680765264607004,-9.085054140946324,198.900846005664,123.98915399433598,14,Extreme Fear,59.3,
2025-11-18,130.84,142.0,128.9,140.61,434907.05087756,SOL,41.17143555881633,156.17627510035177,166.60809335468147,-11.426224019676823,-9.553350363937415,193.98795009441957,123.55604990558041,11,Extreme Fear,59.3,
2025-11-19,140.62,142.63,130.44,136.92,306085.57356303,SOL,33.666282494557535,154.38982139461484,165.16373993532812,-11.378680835715954,-9.9184552829075,190.67885438802222,122.09414561197781,15,Extreme Fear,59.3,
2025-11-20,136.91,144.62,131.09,133.49,516969.5120497,SOL,35.369299071707246,152.45449810330882,163.63718636710396,-11.474646757108388,-10.229720057226213,186.22237009926778,121.18862990073222,11,Extreme Fear,59.3,
2025-11-21,133.5,134.9,121.55,128.57,529540.4900223,SOL,27.242753125429303,150.24652723310626,161.96212451021464,-11.797509815647658,-10.543299350011296,181.33245569475167,120.30254430524833,14,Extreme Fear,59.3,
2025-11-22,128.57,129.82,125.11,127.52,128253.03694129,SOL,28.276058748039347,148.14882256217174,160.33086984028887,-11.996306130930208,-10.833916528899318,174.56382572473092,121.02717427526908,11,Extreme Fear,59.3,
2025-11-23,127.5,133.41,127.48,130.53,333708.9723691,SOL,24.519807923169253,146.5248315430443,158.9308405392383,-11.781452172726404,-11.023431912223865,172.40508044735807,119.63691955264196,13,Extreme Fear,59.3,
2025-11-24,130.52,139.81,128.43,138.39,655866.94721947,SOL,29.885698355171442,145.77596148724777,157.97327690291192,-10.868177243006642,-10.992379896375587,171.42337234546702,118.95262765453303,19,Extreme Fear,59.3,
2025-11-25,138.41,140.44,133.08,138.91,507073.69762324,SOL,36.87657430730478,145.1446249555684,157.0911232416451,-9.98816188637042,-10.79153069551599,169.07557104812167,118.94842895187833,20,Extreme Fear,59.3,
2025-11-26,138.91,144.68,135.5,143.02,409415.9571236,SOL,41.758769822200875,144.94946563800312,156.44454603696443,-8.86441009131957,-10.406097979239908,167.90155629873334,118.90044370126668,15,Extreme Fear,59.3,
2025-11-27,142.95,144.25,140.5,140.83,156202.37612296,SOL,46.58684774839172,144.57142638033872,155.73184755326665,-8.0539015494669,-9.935650300218253,165.30501804031454,119.4099819596855,22,Extreme Fear,59.3,
2025-11-28,140.84,143.51,136.0,137.36,230830.90511205,SOL,48.73808188446439,143.9102095545066,154.8986523005487,-7.5983566101523365,-9.468184890315792,163.14157087567534,119.51042912432466,25,Extreme Fear,59.3,
2025-11-29,137.35,138.07,134.87,135.95,100928.3409498,SOL,46.7097966728281,143.18090631588188,154.04453883500085,-7.2651262210549135,-9.027568125509529,158.88497698579926,120.91302301420073,28,Fear,59.3,
2025-11-30,135.96,140.13,133.3,133.55,141000.68527578,SOL,46.74435812060675,142.29916178634696,153.12612570644112,-7.1093042911660405,-8.64391185417665,152.3387664535899,124.08923354641009,28,Fear,59.3,
2025-12-01,133.45,133.73,123.16,126.7,426047.31047073,SOL,46.214337966349675,140.87192167044654,151.94849395399382,-7.443882191981714,-8.403904167879531,149.59490322683703,124.04909677316292,24,Extreme Fear,59.3,
2025-12-02,126.66,142.56,125.98,138.66,500582.05648833,SOL,48.28556356602777,140.66966107239125,151.3594664403508,-6.68073592703044,-8.05926850496737,146.30549875324755,125.87350124675243,23,Extreme Fear,59.3,
2025-12-03,138.68,146.0,137.78,144.72,343441.16077208,SOL,56.58338960162053,141.0398316640413,151.0666609522577,-5.529749086425369,-7.55336225523397,146.3213879472789,125.86461205272114,28,Fear,59.3,
2025-12-04,144.7,146.85,137.9,139.04,226721.66798837,SOL,54.51292893153357,140.85715036243153,150.538854485858,-5.012455664732755,-7.045179035794572,146.3567106089022,125.8622893910978,26,Fear,59.3,
2025-12-05,139.04,140.7,130.88,133.31,302728.66803868,SOL,53.804173354735155,140.16803340313697,149.786257780042,-5.001821968654866,-6.636506399145942,145.9885250037163,125.6104749962837,28,Fear,59.3,
2025-12-06,133.31,134.15,131.36,132.23,96514.76135037,SOL,53.77827691320391,139.44351478976196,149.0227695703357,-5.021625101056969,-6.313529366151799,145.8488655684364,125.2661344315636,23,Extreme Fear,59.3,
2025-12-07,132.22,136.25,127.79,132.35,208923.29809092,SOL,51.530955585464326,138.79631165986837,148.30078718399372,-4.970342791220389,-6.044891536557673,145.80004915012674,125.46595084987324,20,Extreme Fear,59.3,
2025-12-08,132.32,139.34,131.54,133.25,373997.62509567,SOL,45.10289634146343,138.2904400900081,147.65169474229057,-4.802308045120384,-5.796374457418899,145.20377997384298,125.32622002615706,20,Extreme Fear,59.3,
2025-12-09,133.28,144.88,131.65,137.88,449746.69464209,SOL,49.08994522000353,138.2530156162921,147.23191453057345,-4.249664635259961,-5.487032113734503,145.29461488886014,125.33138511113985,22,Extreme Fear,59.3,
2025-12-10,137.91,142.59,135.41,136.3,454418.80666478,SOL,43.78468368479467,138.07498551980677,146.76404396659,-3.893287805460716,-5.168282939451465,145.40613577889843,125.5008642211016,26,Fear,59.3,
2025-12-11,136.29,137.82,129.1,136.36,485183.73032914,SOL,45.696129404968225,137.91869208797357,146.32035521573204,-3.564932378401295,-4.847612575631368,145.2564955753646,126.42950442463544,29,Fear,59.3,
2025-12-12,136.44,140.11,130.38,132.23,467821.1360221,SOL,45.12264689104391,137.40037557377832,145.72151487120163,-3.59426413795498,-4.596942730748079,144.827493987283,127.32950601271705,29,Fear,59.3,
2025-12-13,132.29,134.4,131.59,133.17,153418.49884778,SOL,47.33307751343054,137.01501011060512,145.18982152548938,-3.5017241172163267,-4.377898898044895,144.68228965744777,127.73871034255215,23,Extreme Fear,59.3,
2025-12-14,133.15,133.67,127.8,129.34,191407.78613193,SOL,46.069094304388415,136.3159860084671,144.52051408164394,-3.6930442078526085,-4.240927904980464,144.6936968331953,126.82230316680464,21,Extreme Fear,59.3,
2025-12-15,129.38,135.41,123.69,127.75,552789.95749623,SOL,51.0871816110996,135.53594536623422,143.81445448955196,-3.9269640154350327,-4.178135106890551,144.68391879918394,125.71608120081603,16,Extreme Fear,59.3,
2025-12-16,127.79,130.09,124.9,129.15,354585.7434776,SOL,37.397296580970064,134.95451404634912,143.19883903423442,-3.9543075862914634,-4.133369591261068,143.60327392208447,125.40972607791558,11,Extreme Fear,59.3,
2025-12-17,129.14,133.94,121.35,123.22,619537.27138413,SOL,21.409574468085125,133.88625211221392,142.36243728692693,-4.4015091881249475,-4.186997521664469,143.51976709693858,123.73223290306144,16,Extreme Fear,59.3,
2025-12-18,123.21,128.91,116.87,119.55,729718.30345145,SOL,22.618713121663404,132.58130410346197,141.40993159786385,-4.993185674949018,-4.348235178853109,144.28213491649325,121.18886508350674,17,Extreme Fear,59.3,
2025-12-19,119.55,127.81,117.59,126.21,449979.50911425,SOL,40.279299014238774,132.00142713344798,140.77688360449798,-4.870595991416934,-4.45270735511863,144.0432218793226,120.4537781206774,16,Extreme Fear,59.3,
2025-12-20,126.21,126.81,125.27,125.79,117386.22533592,SOL,41.02063580591191,131.43616040498006,140.15422320768556,-4.752398831726737,-4.512645656752491,143.9809993383347,119.7400006616653,20,Extreme Fear,59.3,
2025-12-21,125.79,126.56,123.33,125.99,204300.94426235,SOL,41.151919866444075,130.9405834533669,139.56711065825493,-4.5897099587863295,-4.528058518457789,144.01311068645623,119.63688931354375,20,Extreme Fear,59.3,
2025-12-22,126.0,128.71,124.2,125.78,354063.98453699,SOL,39.40425531914893,130.47103341223223,138.9969038126569,-4.4266215221669825,-4.5077711178322595,143.20853665115112,119.15346334884886,25,Extreme Fear,59.3,
2025-12-23,125.84,126.82,122.15,123.91,212595.70015406,SOL,28.50107725453985,129.874106508541,138.37427401357206,-4.3971234530473,-4.485641583682045,140.75382722273702,119.52717277726299,24,Extreme Fear,59.3,
2025-12-24,123.95,124.2,120.57,122.45,172253.16606676,SOL,28.606734630831,129.19870498984105,137.71843332968606,-4.44003717671815,-4.476520701895829,139.58343813625606,119.03856186374395,24,Extreme Fear,59.3,
2025-12-25,122.45,124.36,119.64,119.97,151572.14164353,SOL,26.444380569129038,128.35918631038885,136.98890135890218,-4.6203830509357005,-4.505293172696705,139.53676611721107,117.75123388278894,23,Extreme Fear,59.3,
2025-12-26,119.97,125.0,119.16,122.17,282272.78949272,SOL,34.692635423006706,127.79620045095068,136.38093297847084,-4.533906332681369,-4.511015804851622,139.26320898165608,117.01879101834395,20,Extreme Fear,59.3,
2025-12-27,122.19,124.96,121.78,124.63,107350.10176461,SOL,37.579988365328674,127.50820939384388,135.89970419185195,-4.21864753668936,-4.452542149927745,138.7977237296092,116.71227627039084,23,Extreme Fear,59.3,
2025-12-28,124.64,125.49,123.0,125.14,83796.88262189,SOL,43.23889246619445,127.29281247704024,135.45983251941826,-3.8829615860139484,-4.338626035132262,138.13524004976506,116.56375995023494,24,Extreme Fear,59.3,
2025-12-29,125.17,130.0,122.19,123.13,345230.9920536,SOL,42.66200762388817,126.91420695198195,134.95661003713823,-3.735752375134652,-4.218051301428443,136.33026841843167,116.89373158156833,24,Extreme Fear,59.3,
2025-12-30,123.14,126.32,122.43,124.88,198401.34689958,SOL,43.292491360351846,126.72920440624387,134.54600527486357,-3.438470244299836,-4.062135088239648,134.64007192055004,117.44192807944991,23,Extreme Fear,59.3,
2025-12-31,124.86,127.21,123.15,124.43,266366.13647802,SOL,52.29601518026567,126.52010913163089,134.13442601688067,-3.20220825716936,-3.890149720469767,132.5561138519329,118.33288614806708,21,Extreme Fear,59.3,
2026-01-01,124.45,127.03,123.96,126.72,148333.19503931,SOL,64.35722867440933,126.53828708996842,133.83320594249375,-2.7981915238501927,-3.6717580795653513,131.5646791335248,118.77332086647517,20,Extreme Fear,59.3,
2026-01-02,126.79,133.16,125.71,132.22,350541.85177022,SOL,62.620747585048335,127.05496306283214,133.7677598028319,-2.0116059534074253,-3.3397276524114416,131.27656389723168,118.96643610276833,28,Fear,59.3,
2026-01-03,132.18,133.86,129.56,133.3,145150.78705871,SOL,65.34532080098082,127.62285018510754,133.74880890530005,-1.2863693593603358,-2.9290559918991192,132.25166598641542,118.38733401358456,29,Fear,59.3,
2026-01-04,133.3,135.45,133.07,134.13,121395.27439309,SOL,66.21513944223109,128.21455749165116,133.764232516741,-0.6373756114155924,-2.47071991410412,133.55840503664848,117.71859496335149,25,Extreme Fear,59.3,
2026-01-05,134.06,139.8,133.13,137.89,405646.83556113,SOL,71.13438045375217,129.0943435387279,133.93096004446213,0.17797704279121263,-1.940980521154759,135.6109462816131,116.54005371838687,26,Fear,59.3,
2026-01-06,137.89,143.43,136.15,141.0,547110.74066977,SOL,78.58815657410507,130.1769000751323,134.21628783294395,1.0625962088501524,-1.3402651737292273,138.4872271534427,115.4417728465573,44,Fear,59.3,
2026-01-07,140.96,141.29,134.3,136.29,192639.87109886,SOL,70.8811104405552,130.7327410505362,134.29989319181513,1.368170521795406,-0.7985780335966456,139.48731375677139,116.11568624322861,42,Fear,59.3,
2026-01-08,136.29,139.91,132.6,138.26,339425.47161029,SOL,78.02635611400551,131.41715442601534,134.45937627067087,1.749002472520914,-0.28906193159983606,140.95485553804573,115.85314446195426,28,Fear,59.3,
2026-01-09,138.26,140.92,134.85,135.79,344035.78694769,SOL,70.69908814589665,131.8147476878841,134.51290713862662,1.8305548133153025,0.13486141789790576,141.8081721527349,115.9998278472651,27,Fear,59.3,
2026-01-10,135.79,136.87,135.19,135.67,99719.13598347,SOL,68.06282722513087,132.16527473885205,134.55940971218232,1.864019294982171,0.4806929936506769,142.55543287133457,116.22056712866544,25,Extreme Fear,59.3,
2026-01-11,135.66,141.35,135.59,139.45,235332.34486969,SOL,71.14986698196866,132.82760763580097,134.75576721160377,2.1703293946939084,0.8186202741219154,143.85511998895964,116.28788001104033,29,Fear,59.3,
2026-01-12,139.47,144.12,138.26,139.08,493498.64807479,SOL,74.77477477477483,133.3960733769841,134.92922334968696,2.3560810446104483,1.1261124284107757,144.85348706541032,116.80651293458965,27,Fear,59.3,
2026-01-13,139.08,148.66,137.71,145.43,510075.66193953,SOL,77.92878499592285,134.49018294834076,135.3500591584417,2.9810211604144854,1.4970941749960156,146.85149655183199,117.10650344816798,26,Fear,59.3,
2026-01-14,145.43,148.38,143.34,146.69,637714.14449725,SOL,79.60106382978725,135.59936435601495,135.8041349088321,3.5371278767850356,1.9051009155161485,148.44362396776177,118.18637603223821,48,Neutral,59.3,
2026-01-15,146.7,146.71,140.96,142.38,321263.45399854,SOL,69.76274608783444,136.21583990753297,136.06722932414763,3.5888605009278933,2.2418528327056815,149.01311379351347,119.63788620648648,61,Greed,59.3,
2026-01-16,142.36,145.44,140.22,144.84,215721.50586315,SOL,67.24986331328597,136.99991704822455,136.41794168663066,3.7846396225344563,2.5504101907500045,149.99585050545,120.67614949454997,49,Neutral,59.3,
2026-01-17,144.84,144.9,143.26,143.68,152763.04150845,SOL,64.15711947626842,137.60724138749325,136.70803876682697,3.8023976762670486,2.80080768790442,150.54810906688033,121.97789093311962,50,Neutral,59.3,
2026-01-18,143.66,143.95,137.72,137.8,221982.6743504,SOL,54.39942459841767,137.62476605380292,136.7516274127939,3.3040992273118945,2.9014659958023183,149.88004196966986,124.11295803033013,49,Neutral,59.3,
2026-01-19,137.79,137.79,130.02,133.36,468242.4767273,SOL,44.65675866949755,137.23703679614218,136.61633622950177,2.521980704241855,2.825568937480331,149.1297037124213,125.71129628757872,44,Fear,59.3,
2026-01-20,133.36,134.48,124.52,125.66,373370.45457077,SOL,33.6739037888463,136.18452152277064,136.1795850720028,1.2664312243064728,2.513741394813037,148.91354932631762,126.05045067368238,32,Fear,59.3,
2026-01-21,125.66,132.0,125.19,129.41,595394.53941937,SOL,42.52498913515863,135.5686254039102,135.90990442584172,0.5673620694272472,2.124465529703399,148.56812814139528,126.66487185860471,24,Extreme Fear,59.3,
2026-01-22,129.42,130.8,126.63,128.32,196602.7420609,SOL,38.98980948161276,134.90962976533808,135.60773240872365,-0.07373218083066035,1.684825987567242,148.9037375868135,125.93926241318646,20,Extreme Fear,59.3,
2026-01-23,128.35,130.04,125.15,127.29,283442.22533896,SOL,40.27459954233411,134.21690777540684,135.27678131124742,-0.6573153504819231,1.216397719932395,149.34782968764023,124.89417031235979,24,Extreme Fear,59.3,
2026-01-24,127.27,127.92,126.49,127.02,63644.13344835,SOL,40.13683010262258,133.56261906799045,134.94844348979782,-1.1285792441942135,0.747402327087038,149.7485617992924,123.78243820070762,25,Extreme Fear,59.3,
2026-01-25,127.02,127.25,117.12,118.74,425224.57552065,SOL,28.58324715615305,132.21506262555135,134.30425556524244,-2.14530237958175,0.16886138573350842,151.0670095560497,120.54899044395033,25,Extreme Fear,59.3,
2026-01-26,118.73,125.39,118.46,124.08,287573.35660423,SOL,35.93398349587396,131.4754887174259,133.89811759502697,-2.4915364665932884,-0.36321818474639833,150.87129764568465,119.0527023543154,20,Extreme Fear,59.3,
2026-01-27,124.08,127.69,123.0,127.03,221038.81515371,SOL,31.570512820512818,131.07134207257653,133.62543378222472,-2.4991256970162112,-0.7903996872097044,150.7801998781946,118.2178001218054,29,Fear,59.3,
2026-01-28,127.03,128.16,124.61,125.16,200532.9441061,SOL,28.695824262814185,130.53393367034622,133.28949562680603,-2.6257375362160644,-1.1574672570173994,150.5369501665583,117.15104983344168,29,Fear,59.3,
2026-01-29,125.16,125.26,115.21,117.62,468357.13547383,SOL,26.971726190476204,129.35991255498195,132.6679657547998,-3.296391522121837,-1.5852521100442751,151.0957984846801,114.77520151531988,26,Fear,59.3,
2026-01-30,117.62,118.92,112.0,117.43,537888.47819597,SOL,23.383181200233068,128.27535225284808,132.06382391996752,-3.799419292361762,-2.0280855465127314,151.3970644901158,112.64993550988416,16,Extreme Fear,59.3,
2026-01-31,117.43,118.67,96.43,105.44,870104.4663674,SOL,19.3196405648267,126.19937146940764,131.00872055106842,-5.106559155252668,-2.643780268266235,152.69091320290477,107.95508679709523,20,Extreme Fear,59.3,
2026-02-01,105.45,106.56,97.93,100.63,505689.03733442,SOL,19.657142857142844,123.87484277309534,129.8053091009756,-6.4561267774332265,-3.4062495701050977,153.9784752912551,102.82252470874494,14,Extreme Fear,59.3,
2026-02-02,100.67,106.02,95.81,104.46,613770.98928118,SOL,26.17084432717678,122.10982919262506,128.80168874492063,-7.134413638948914,-4.151882383878136,152.73709355877529,99.96690644122472,14,Extreme Fear,59.3,
2026-02-03,104.45,104.96,96.58,97.75,557587.99203824,SOL,26.605196982397317,119.89526747213586,127.57257763794517,-8.11973839139705,-4.945453585385559,151.40239317788172,96.4076068221183,17,Extreme Fear,59.3,
2026-02-04,97.73,99.51,89.05,91.94,717236.34651825,SOL,19.640252795333012,117.35384635055773,126.16265989363481,-9.262608006465996,-5.808884469604815,150.92238466379868,91.84361533620134,14,Extreme Fear,59.3,
2026-02-05,91.92,93.2,77.42,78.18,1375012.04805337,SOL,16.294702877117516,113.79254533631459,124.26474043676839,-11.150015509578438,-6.877110677602676,151.26009041335544,84.83990958664457,12,Extreme Fear,59.3,
2026-02-06,78.22,89.72,67.4,87.42,1519511.54490235,SOL,25.862695241554675,111.39501535403906,122.80786662477519,-11.76465699770786,-7.854619941626008,148.83481828756598,81.63918171243404,9,Extreme Fear,59.3,
2026-02-07,87.41,89.12,84.14,87.55,467063.33752284,SOL,26.064281382656162,109.22726542886677,121.41419244231156,-12.101771694128928,-8.704050292128189,146.73097460024255,78.71802539975747,6,Extreme Fear,59.3,
2026-02-08,87.55,88.96,85.75,86.95,284252.58411317,SOL,28.74147385314967,107.20204142711894,120.05231602086111,-12.27583848536338,-9.4184079307763,144.81298927835573,75.99501072164426,7,Extreme Fear,59.3,
2026-02-09,86.95,88.58,82.8,86.72,376861.53322522,SOL,23.184036749928225,105.34002257120623,118.73556151391317,-12.290664497695388,-9.992859244160808,143.62956173421946,73.28443826578052,14,Extreme Fear,59.3,
2026-02-10,86.73,87.42,81.88,82.94,358561.23234686,SOL,18.726060434104127,103.3036418803327,117.32190670014548,-12.463732624448951,-10.487033920218911,141.6162882812307,70.65071171876929,9,Extreme Fear,59.3,
2026-02-11,82.95,84.3,78.03,79.23,554467.49557891,SOL,18.249688925756942,101.11511432440223,115.8179798126923,-12.75322510883278,-10.940272157942035,139.48976104072509,67.86823895927492,11,Extreme Fear,59.3,
2026-02-12,79.26,82.2,76.54,78.32,471219.07967377,SOL,20.091324200913235,99.04281858649941,114.33789554567481,-12.907286489660123,-11.333675024285894,136.94028605368746,65.52071394631255,5,Extreme Fear,59.3,
2026-02-13,78.33,85.54,77.47,84.29,370332.56638839,SOL,26.81869054280918,97.70164583686866,113.15217663186758,-12.40468276765209,-11.547876572959238,133.39218617269694,64.79581382730308,9,Extreme Fear,59.3,
2026-02-14,84.29,88.83,84.16,88.04,369342.26037168,SOL,36.24288425047438,96.82330997741137,112.16146894087133,-11.57040947883371,-11.552383154134134,130.88936415548116,64.22863584451883,9,Extreme Fear,59.3,
2026-02-15,88.04,91.2,84.85,86.09,588539.38283746,SOL,37.959589267969534,95.84755006130585,111.13315820444083,-10.940467962221689,-11.430000115751605,126.88988363685931,64.42911636314068,8,Extreme Fear,59.3,
2026-02-16,86.1,86.85,82.53,86.42,334690.85603925,SOL,34.14205344585092,94.99049649155859,110.15864249369335,-10.295922076821071,-11.203184507965442,121.35567945651557,65.90232054348441,12,Extreme Fear,59.3,
2026-02-17,86.41,87.62,82.78,85.02,375328.95646876,SOL,37.657552840798914,94.08408429283638,109.16756407580814,-9.78527962546572,-10.919603531465441,115.24625836207464,67.99774163792536,10,Extreme Fear,59.3,
2026-02-18,85.04,86.01,80.47,81.56,391973.86523665,SOL,39.45550589191386,92.94552726221119,108.0793768870512,-9.549691475565453,-10.6456211202854,110.39662289990488,69.2413771000951,8,Extreme Fear,59.3,
2026-02-19,81.59,82.61,79.62,82.49,270370.46430834,SOL,55.921956581478405,91.99502181402643,107.07094138399226,-9.182099398085114,-10.352916775845307,104.23980374370326,71.90419625629671,9,Extreme Fear,59.3,
2026-02-20,82.49,85.47,81.75,84.62,461602.52419733,SOL,45.218579234972694,91.32456338110543,106.18635693314684,-8.619550896975724,-10.006243600071354,101.02524829218525,73.03675170781476,7,Extreme Fear,59.3,
2026-02-21,84.65,86.7,83.95,85.2,228064.50441205,SOL,46.047763202152716,90.76778345420476,105.35963125832218,-8.034312490698028,-9.611857378196657,98.71363222484241,73.80536777515759,8,Extreme Fear,59.3,
2026-02-22,85.16,85.54,82.45,82.73,192969.51742395,SOL,43.32278481012659,90.03707415216138,104.46832975551872,-7.681264846811658,-9.225738871919631,94.28447593337039,76.06152406662962,9,Extreme Fear,59.3,
2026-02-23,82.7,82.78,77.16,77.86,646966.0795495,SOL,37.77593818984548,88.93006504865639,103.42050028872066,-7.705605043856991,-8.921712106307087,91.71589666073325,76.64110333926675,5,Extreme Fear,59.3,
2026-02-24,77.88,79.6,75.64,78.96,377546.88660114,SOL,44.07032181168057,88.02369374038696,102.4574098284624,-7.5491142068131865,-8.647192526408293,90.46418012393036,76.59481987606966,8,Extreme Fear,59.3,
2026-02-25,79.02,92.05,78.72,88.05,559017.34548419,SOL,61.325115562403674,88.02608522275138,101.89023204219917,-6.615364385392567,-8.240826898205134,90.75662997437188,77.28937002562812,11,Extreme Fear,59.3,
2026-02-26,88.06,89.23,84.36,85.89,345779.76264469,SOL,59.41776561333665,87.83189534569541,101.26044483350044,-5.980709535343252,-7.788803425632745,90.55116270704758,77.34183729295242,11,Extreme Fear,59.3,
2026-02-27,85.85,88.28,80.32,81.87,434769.35818298,SOL,46.8357740585774,87.28990406972929,100.49732601001932,-5.7359945032533375,-7.378241641156854,90.10113298666911,77.22386701333087,13,Extreme Fear,59.3,
2026-02-28,81.86,85.67,77.16,84.38,443980.20251905,SOL,45.054054054054035,87.02536698558747,99.86311071800843,-5.278674022497725,-6.958328117425021,89.79655169115534,77.27144830884467,11,Extreme Fear,59.3,
2026-03-01,84.36,88.86,81.71,83.58,398898.92769779,SOL,46.49930264993026,86.71215142777731,99.22245780242143,-4.92403527145602,-6.551469548231214,89.45805634869238,77.29594365130761,14,Extreme Fear,59.3,
2026-03-02,83.63,90.29,82.39,86.59,431699.62444911,SOL,50.220607318972235,86.7010467403641,98.7255025413639,-4.349959426426082,-6.111167523870183,89.802267520577,77.31673247942297,10,Extreme Fear,59.3,
2026-03-03,86.65,87.43,82.5,86.99,487722.62445102,SOL,52.624567013056215,86.72731524466428,98.263890279653,-3.8187042775356304,-5.652674874603268,90.01953382212443,77.87546617787558,14,Extreme Fear,59.3,
2026-03-04,86.97,94.1,84.8,90.89,639517.42630017,SOL,62.286015275217274,87.105741474004,97.97387516027368,-3.047853414042393,-5.131710582491089,90.7958304258633,78.35616957413669,10,Extreme Fear,59.3,
2026-03-05,90.89,92.96,87.94,88.79,397305.52447605,SOL,58.04803270311704,87.25885601143531,97.61271461826215,-2.576696550903634,-4.620707776173596,91.29672134482784,78.30527865517216,22,Extreme Fear,59.3,
2026-03-06,88.8,89.3,83.67,84.69,511537.81790927,SOL,50.085137436146915,87.0253234720847,97.10457812461254,-2.5052545890062987,-4.197617138740134,90.94778547444685,78.31921452555315,18,Extreme Fear,59.3,
2026-03-07,84.69,85.05,82.31,83.23,196144.54009897,SOL,47.65420338175756,86.68029383092166,96.55907077896154,-2.537197698307864,-3.865533250653679,90.79543365716341,78.18556634283661,12,Extreme Fear,59.3,
2026-03-08,83.23,84.08,80.29,81.58,320598.42384155,SOL,48.603351955307254,86.21663046876762,95.97019773582205,-2.664933118612282,-3.6254132242453987,90.61286882388944,77.88413117611057,12,Extreme Fear,59.3,
2026-03-09,81.59,87.08,81.56,85.0,613198.98756893,SOL,58.98791540785499,86.1060276367254,95.5389677303238,-2.461822827521985,-3.3926951449007148,90.61136468149587,77.88363531850413,8,Extreme Fear,59.3,
2026-03-10,84.96,88.84,84.84,85.9,480610.8138887,SOL,58.78036437246965,86.08729784200003,95.16010278854569,-2.2028415349923876,-3.1547244229190494,90.73784368999588,78.19115631000415,13,Extreme Fear,59.3,
2026-03-11,85.88,88.08,84.36,86.58,441432.67422046,SOL,47.637415621986506,86.13208896807504,94.82288742109415,-1.9205877196694843,-2.907897082269136,90.93798430455088,78.40001569544914,15,Extreme Fear,59.3,
2026-03-12,86.6,87.68,84.75,86.83,362968.934992,SOL,51.60958904109589,86.19553545231038,94.50877792158728,-1.6576187584930295,-2.6578414175139145,91.12232180273347,78.43667819726653,18,Extreme Fear,59.3,
2026-03-13,86.81,92.98,86.75,88.2,623777.63529463,SOL,61.920903954802256,86.3777595720426,94.26087217415012,-1.3234116210834657,-2.390955458227824,91.45349772501243,78.40550227498755,15,Extreme Fear,59.3,
2026-03-14,88.19,88.71,86.54,88.05,169009.07283385,SOL,57.58577924762298,86.52978148217498,94.01683311439908,-1.0584525578679802,-2.124454878155855,91.77548072306953,78.61551927693046,16,Extreme Fear,59.3,
2026-03-15,88.07,93.2,87.41,92.33,303110.08331324,SOL,65.81134803035778,87.05707424196767,93.95055874168156,-0.49737870629041936,-1.799039643782768,92.28137592166607,79.55662407833395,15,Extreme Fear,59.3,
2026-03-16,92.31,97.67,91.18,96.17,627699.89047448,SOL,66.80701754385964,87.8855222770551,94.03775246532183,0.2542004759827279,-1.3883916198296689,93.80015066711385,79.75884933288614,23,Extreme Fear,59.3,
2026-03-17,96.2,96.94,93.2,94.65,474162.16023673,SOL,62.93045239702904,88.50047495853757,94.06180373075718,0.7188946410964547,-0.9669343676444441,94.95374556099719,79.2652544390028,28,Fear,59.3,
2026-03-18,94.65,95.63,88.6,90.11,380378.32975235,SOL,48.71116986120291,88.64679545172423,93.90657333128836,0.7126149769390224,-0.6310244987277507,95.2531546296845,79.38784537031549,26,Fear,59.3,
2026-03-19,90.07,91.43,86.98,88.88,265385.99188424,SOL,50.153113303844826,88.66799586979712,93.70913789182774,0.6014547595074475,-0.384528647080711,95.1987784519221,80.14322154807792,23,Extreme Fear,59.3,
2026-03-20,88.91,90.45,88.14,89.86,198790.49679191,SOL,59.8401218119528,88.77635990297748,93.55795962930581,0.5856855946009176,-0.19048579874438526,95.36658870778605,80.52341129221394,11,Extreme Fear,59.3,
2026-03-21,89.85,90.81,87.16,87.56,160719.38307309,SOL,57.98598303209147,88.66578171017969,93.32239868903703,0.383181176703971,-0.07575240365471399,95.28075261550416,81.00724738449586,12,Extreme Fear,59.3,
2026-03-22,87.56,89.15,85.1,86.19,372910.84781991,SOL,58.59112933283637,88.44071060898095,93.04230053950856,0.11086972193317024,-0.038427978537137135,95.28130146149334,80.96669853850665,10,Extreme Fear,59.3,
2026-03-23,86.21,92.21,85.11,91.43,403337.36836652,SOL,61.22164048865619,88.71246423019714,92.97898701345274,0.3142613382765944,0.0321098848256092,95.62952257172307,81.06247742827694,8,Extreme Fear,59.3,
2026-03-24,91.41,92.18,88.41,90.78,337583.16471504,SOL,58.59154929577463,88.90042205273762,92.89263946991686,0.4181806958226275,0.10932404702501287,95.616095761474,81.06490423852598,11,Extreme Fear,59.3,
2026-03-25,90.79,93.45,90.74,91.66,307328.62502257,SOL,58.88111888111887,89.15129280589717,92.84423994223704,0.5650326588858263,0.2004657693971756,95.90861170348565,81.05938829651437,14,Extreme Fear,59.3,
2026-03-26,91.66,91.93,85.41,86.48,387889.58605084,SOL,49.47807933194155,88.90844797836144,92.59436068649347,0.26043004880864373,0.21245862527946924,95.84716489830257,81.29983510169743,10,Extreme Fear,59.3,
2026-03-27,86.47,86.97,81.83,83.05,302500.58715826,SOL,42.764821579095255,88.37586174468018,92.21963803413763,-0.25480424108984323,0.11900605200560672,95.8663944189457,81.26260558105429,13,Extreme Fear,59.3,
2026-03-28,83.05,84.2,81.68,82.02,278057.41679833,SOL,41.7329311763093,87.79805607843589,91.81920664262351,-0.7377391504287942,-0.05234298848127352,95.80192871762411,81.3710712823759,12,Extreme Fear,59.3,
2026-03-29,82.04,83.14,78.95,81.34,178173.11643847,SOL,33.28262853665959,87.21096002226429,91.40781753504005,-1.1619445791064607,-0.27426330660631104,96.16678003116421,80.64021996883578,9,Extreme Fear,59.3,
2026-03-30,81.38,84.95,81.1,82.49,402869.62502816,SOL,27.335984095427435,86.78178180583123,91.0577395998923,-1.3893199754109133,-0.49727464036723157,96.36863985127425,80.09736014872573,8,Extreme Fear,59.3,
2026-03-31,82.49,84.5,80.05,83.11,440878.20485952,SOL,30.29371584699453,86.447983436803,90.74575563434033,-1.5021717647361328,-0.698254065241012,96.48635800222375,79.63264199777625,11,Extreme Fear,59.3,
2026-04-01,83.12,86.63,80.8,81.17,467858.58816108,SOL,33.24587706146927,85.96816673061741,90.3698793936734,-1.7282272517511643,-0.9042487025430425,96.74026865058565,78.81273134941435,8,Extreme Fear,59.3,
2026-04-02,81.19,81.72,76.7,78.95,379434.23158156,SOL,32.05637874954826,85.33015153688774,89.92163261934053,-2.0627351311946143,-1.135945988273357,97.10237204894622,77.52562795105376,12,Extreme Fear,59.3,
2026-04-03,78.98,80.86,78.88,80.39,217646.22197543,SOL,33.16743690010664,84.88104682842261,89.54751563863219,-2.1864353371424414,-1.3460438580471739,97.18641582210992,76.6755841778901,9,Extreme Fear,59.3,
2026-04-04,80.39,81.58,79.58,80.82,120027.62882939,SOL,37.16679360243714,84.5118607357038,89.20497205153154,-2.2241328492384156,-1.5216616562854224,96.62702932805117,76.08397067194882,11,Extreme Fear,59.3,
2026-04-05,80.84,82.06,78.54,81.86,209841.34980811,SOL,41.650597763208644,84.27078247666967,88.91670100910868,-2.1453588126405663,-1.6464010875564514,94.9847626761657,76.2952373238343,12,Extreme Fear,59.3,
2026-04-06,81.94,83.22,79.63,80.04,332509.96894158,SOL,24.700133274100367,83.88616587289373,88.56832463811156,-2.204377770989325,-1.7579964242430264,93.54600873664074,76.27299126335927,13,Extreme Fear,59.3,
2026-04-07,80.04,87.04,78.38,85.57,404155.77973465,SOL,40.48922964585612,84.03924170805345,88.45065551397195,-1.7843573706414162,-1.7632686135227047,92.97529427227536,76.38970572772465,11,Extreme Fear,59.3,
2026-04-08,85.55,85.87,82.28,82.6,357937.24941896,SOL,34.63364993215737,83.90840154856215,88.22105350556319,-1.6718698829939456,-1.7449888674169527,92.4653539049481,76.27164609505189,17,Extreme Fear,59.3,
2026-04-09,82.61,85.89,81.42,83.37,262499.35455854,SOL,43.797367371360195,83.85945595180533,88.03068504131026,-1.5032615564148841,-1.696643405216539,91.72363650456745,76.36436349543257,14,Extreme Fear,59.3,
2026-04-10,83.34,85.67,82.71,84.85,245685.86185805,SOL,53.89273356401384,83.94950541312886,87.90586972725228,-1.2359672348235478,-1.604508171137941,91.42073640400471,76.3962635959953,16,Extreme Fear,59.3,
2026-04-11,84.85,86.26,83.83,84.95,155430.83503274,SOL,56.602073005858514,84.04045946868153,87.78987954698319,-1.004486307656279,-1.4845037984416087,91.29968942679972,76.3933105732003,15,Extreme Fear,59.3,
2026-04-12,84.94,85.03,81.32,81.54,217045.1969513,SOL,50.40128410914928,83.81314496652854,87.54463647377887,-1.0837020962147932,-1.4043434579962457,89.94996651290718,76.75403348709283,16,Extreme Fear,59.3,
2026-04-13,81.54,86.85,81.42,86.58,305029.36837217,SOL,57.09822978132594,84.06467724732852,87.50678538511603,-0.7313648097478591,-1.2697477283465686,88.96654552102547,77.31745447897453,12,Extreme Fear,59.3,
2026-04-14,86.54,87.74,83.35,83.77,366542.32387187,SOL,51.06451612903225,84.0378884061753,87.36016213101102,-0.6711418648235394,-1.1500265556419629,86.99932994661356,78.49567005338642,21,Extreme Fear,59.3,
2026-04-15,83.75,85.84,82.7,84.92,323586.12767239,SOL,56.206554121151946,84.11808037057554,87.26441764424911,-0.5245724578127948,-1.0249357360761293,86.68361443995128,78.65538556004871,23,Extreme Fear,59.3,
2026-04-16,84.92,90.5,83.85,89.15,490061.67995708,SOL,65.82867783985103,84.57552761648677,87.33840054738582,-0.06632509689158894,-0.8332136082392212,87.92751917496298,78.02148082503703,23,Extreme Fear,59.3,
2026-04-17,89.1,90.75,87.37,88.85,490624.07797136,SOL,63.61003861003861,84.96411602029535,87.39770860802768,0.269524838885431,-0.6126659188142908,88.89428270123686,77.73771729876314,21,Extreme Fear,59.3,
2026-04-18,88.78,89.17,85.81,86.17,223078.30437341,SOL,58.025802580258045,85.0737418379933,87.34954003518524,0.3157945290244868,-0.42697382924653526,89.19349661949134,77.92150338050867,26,Fear,59.3,
2026-04-19,86.17,87.14,82.92,83.5,354512.63645513,SOL,52.34553775743707,84.93067439656082,87.19850797927364,0.1354555349892621,-0.31448795639937577,89.22177853801387,77.99422146198614,27,Fear,59.3,
2026-04-20,83.52,86.32,83.4,85.31,350007.58264273,SOL,57.53934191702431,84.96515854268186,87.1244159901584,0.13700806495137385,-0.22418875212922584,89.37672814426587,78.05927185573411,29,Fear,59.3,
2026-04-21,85.31,86.9,84.35,86.03,359920.28167464,SOL,50.76310550763107,85.061962312432,87.08147942439362,0.19409896897380463,-0.14053120790861973,89.57625703589135,78.34574296410865,33,Fear,59.3,
2026-04-22,86.1,89.34,86.04,86.93,279241.94786378,SOL,57.71286070537943,85.23178392183293,87.07553662236735,0.30841120695527025,-0.050742724935841706,89.59738785838191,79.12261214161809,32,Fear,59.3,
2026-04-23,86.91,87.15,84.55,86.15,282251.9427419,SOL,54.950142450142444,85.31525811140077,87.03922678942976,0.33223521310709714,0.025852862672746082,89.59142561816027,79.70457438183972,46,Fear,59.3,
2026-04-24,86.15,86.95,84.99,86.23,275716.7299571,SOL,52.58620689655174,85.39841646549263,87.00748041061297,0.3534963533486746,0.0913815608079318,89.56299090747858,80.27400909252144,39,Fear,59.3,
2026-04-25,86.22,86.78,85.6,86.21,94171.97614822,SOL,52.36842105263156,85.47219678728159,86.97619531194495,0.3645300519517889,0.14601125903670326,89.58053727390424,80.69146272609575,31,Fear,59.3,
2026-04-26,86.21,87.3,85.86,86.94,174638.83921224,SOL,61.287625418060166,85.60563344375618,86.9747753927039,0.4272541049843852,0.20225982822623967,89.28503608375259,81.6769639162474,33,Fear,59.3,
2026-04-27,86.95,88.08,83.65,84.82,283230.45960695,SOL,45.8095238095238,85.53421222122044,86.8902460707211,0.3024111119879933,0.22229008497859043,89.25861274582206,81.62838725417794,47,Neutral,59.3,
2026-04-28,84.81,84.92,82.96,84.05,161249.09283339,SOL,50.73839662447258,85.39928383682721,86.77882799931292,0.1397288793765199,0.20577784385817635,89.1546197499033,81.8773802500967,33,Fear,59.3,
2026-04-29,84.05,85.52,81.4,83.02,232652.86176365,SOL,44.95753715498938,85.18298530526525,86.63137736771989,-0.07148629059469158,0.15032501696760278,89.18364671566349,81.81335328433653,26,Fear,59.3,
2026-04-30,83.02,83.95,82.17,83.05,113446.52962403,SOL,29.166666666666686,84.98907754947398,86.49088944249353,-0.233760440409867,0.07350792549210881,89.24513929146431,81.5718607085357,29,Fear,59.3,
2026-05-01,83.06,84.84,83.03,83.74,191202.28711361,SOL,33.0006653359947,84.87552504456794,86.38298061161544,-0.3031916428571009,-0.0018319881777331467,89.25264015461327,81.44335984538672,26,Fear,59.3,
2026-05-02,83.75,84.93,83.46,84.25,84939.32726257,SOL,42.53499222395025,84.81865913123947,86.29931135817873,-0.3134503776382189,-0.06415566606983032,89.00058776062887,81.96641223937114,39,Fear,59.3,
2026-05-03,84.25,85.05,83.57,83.91,92797.30697457,SOL,51.946818613485256,84.73605375542671,86.20558816863463,-0.3450382675922299,-0.12033218637431027,88.89443076866519,81.8055692313348,47,Neutral,59.3,
2026-05-04,83.91,85.85,83.27,84.1,221169.71381673,SOL,43.20987654320986,84.67823068659531,86.12299516630257,-0.3506978608251785,-0.16640532126448396,88.88292327255341,81.85007672744659,40,Fear,59.3,
2026-05-05,84.1,86.96,84.04,86.31,198263.89823564,SOL,51.34615384615385,84.82657335181469,86.13033047406171,-0.1748391801566811,-0.1680920930429234,88.97016646916286,81.90183353083715,50,Neutral,59.3,
2026-05-06,86.3,89.99,86.1,89.14,380064.13931652,SOL,58.96188158961878,85.21870304797997,86.2483843290284,0.1906892706927863,-0.09633582029578146,88.96745621957835,81.90354378042166,46,Fear,59.3,
2026-05-07,89.14,90.4,87.61,88.41,327621.55135383,SOL,59.201954397394076,85.50882095329806,86.33317261579522,0.4166652495817402,0.006264393679722904,88.86036142517895,81.96663857482105,47,Neutral,59.3,
2026-05-08,88.41,92.76,87.61,92.01,282054.05573973,SOL,68.29113924050628,86.09983723136176,86.55584135102282,0.8761430980465548,0.18024013455308935,90.24005260953012,81.17094739046988,38,Fear,59.3,
2026-05-09,92.0,94.19,91.86,93.16,246009.09035993,SOL,70.52569403425869,86.74167021140576,86.81488167518505,1.3178862128974913,0.40776935022196986,91.6889278302659,80.68807216973411,38,Fear,59.3,
2026-05-10,93.12,96.85,92.59,96.46,368589.34888223,SOL,74.41025641025638,87.6251547389892,87.19319697479328,1.9122104437813903,0.708657568933854,93.88706994785605,79.60493005214397,47,Neutral,59.3,
2026-05-11,96.47,98.47,94.28,97.35,413629.71939258,SOL,84.29118773946358,88.50923158212518,87.59157922640944,2.427054659932523,1.0523369871335881,95.86832385402212,78.75567614597787,48,Neutral,59.3,
2026-05-12,97.36,97.63,93.54,94.27,291873.68727532,SOL,74.8299319727891,89.03293780259216,87.85352625095992,2.5570659015600796,1.3532827700188865,96.77873718534087,78.57926281465913,49,Neutral,59.3,
2026-05-13,94.27,95.92,90.24,91.11,433170.88652251,SOL,67.81153676794364,89.22176163893653,87.9812536711524,2.3777064504995593,1.5581675061150213,97.12114710850338,78.7328528914966,42,Fear,59.3,
2026-05-14,91.13,93.66,89.79,92.15,302424.37641034,SOL,69.18212478920742,89.48796512658326,88.14476167555291,2.293049252776001,1.7051438554472176,97.56706898857914,78.87893101142083,34,Fear,59.3,
2026-05-15,92.14,92.64,88.45,89.22,235485.96668277,SOL,60.55469953775039,89.46360466050716,88.18693476267592,1.966858590375324,1.7574868024328387,97.67793080643557,79.06906919356445,43,Fear,59.3,
2026-05-16,89.19,89.39,85.5,86.5,168576.85931139,SOL,53.993610223642165,89.19418605477453,88.12077009015843,1.4719017153317822,1.7003697850126276,97.67226860396123,79.03073139603877,31,Fear,59.3,
2026-05-17,86.49,87.22,83.44,85.2,160627.01795147,SOL,52.2142121524202,88.831078231329,88.0062128393097,0.9636374818101103,1.553023324372124,97.66246251437711,79.0785374856229,27,Fear,59.3,
2026-05-18,85.2,85.73,83.43,85.33,178777.38912963,SOL,52.1155830753354,88.5127983918908,87.9012481328334,0.5648135096194977,1.355381361421599,97.61816622124987,79.2508337787501,28,Fear,59.3,
2026-05-19,85.33,85.88,83.55,84.23,170519.84621808,SOL,46.28040057224607,88.12345308328523,87.75725760609224,0.15815867980114717,1.1159368250975088,97.54342527737107,79.44657472262891,25,Extreme Fear,59.3,
2026-05-20,84.22,86.98,83.76,86.06,310987.57489795,SOL,44.287833827893174,87.93586643923989,87.69068959550476,-0.01626500837433298,0.8894964584031404,97.40821641373472,79.88278358626528,27,Fear,59.3,
2026-05-21,86.06,87.9,85.2,87.26,188983.24840036,SOL,47.90375501275976,87.87442403563978,87.67379764032854,-0.05700989501906406,0.7001951877186995,97.30635778190266,80.33664221809731,29,Fear,59.3,
2026-05-22,87.27,87.77,83.91,84.28,228143.85651586,SOL,35.58373741141364,87.54765821405917,87.54069112984276,-0.3260036326375513,0.4949554236474493,97.30446486852104,80.34153513147898,28,Fear,59.3,
2026-05-23,84.3,87.39,81.37,85.66,347769.99064252,SOL,36.13165680473372,87.37605292179614,87.46692980111109,-0.4229531035392,0.31137371821011944,97.21276722364429,80.6082327763557,28,Fear,59.3,
2026-05-24,85.67,86.89,83.61,85.18,159782.53691135,SOL,26.71345995045418,87.17641174700722,87.37723607381142,-0.5323812851515868,0.14262271753777817,97.14822833578015,80.78077166421986,25,Extreme Fear,59.3,
2026-05-25,85.18,86.42,84.65,84.96,114473.39810944,SOL,23.694267515923556,86.974919769933,87.28243213816869,-0.6295984493946776,-0.011821515848713032,97.19439616735646,80.59960383264355,30,Fear,59.3,
2026-05-26,84.98,86.05,83.01,83.6,141144.65449306,SOL,25.56115437471368,86.66810888165543,87.1380078651788,-0.8070808584241576,-0.17087338436380198,97.24660267338064,79.99339732661934,34,Fear,59.3,
2026-05-27,83.64,84.65,82.0,82.31,133978.00987221,SOL,27.9559118236473,86.27191716502173,86.94865511477839,-1.0398425061119383,-0.3446672087134293,97.39242486090805,79.23757513909194,25,Extreme Fear,59.3,
2026-05-28,82.31,82.87,79.83,82.02,207497.64866443,SOL,23.633524206142596,85.8853792408228,86.75535578011821,-1.2334894659968256,-0.5224316601701087,97.1330815136401,78.49791848635991,22,Extreme Fear,59.3,
2026-05-29,82.02,83.08,80.25,81.9,236188.45366735,SOL,27.682926829268283,85.52307203702128,86.56493193201572,-1.3807229589452845,-0.6940899199251439,96.57109911541727,77.93390088458273,23,Extreme Fear,59.3,
2026-05-30,81.92,83.04,81.79,82.6,98927.77919547,SOL,36.43949930458965,85.25733821541364,86.40943048748757,-1.424501645555324,-0.8401722650511799,95.01663768924863,78.10236231075135,23,Extreme Fear,59.3,
2026-05-31,82.62,83.26,81.22,82.32,106157.6578059,SOL,39.22155688622748,84.99030746850282,86.24904687263086,-1.4649037313399873,-0.9651185583089414,92.76619879900618,78.84980120099384,28,Fear,59.3,
2026-06-01,82.32,82.93,79.01,81.17,296390.85986878,SOL,35.53546592489566,84.64300678948294,86.04985210634402,-1.5716016180443404,-1.0864151702560214,91.15832430433001,79.14767569566997,29,Fear,59.3,
2026-06-02,81.18,81.19,72.66,74.12,514585.25068792,SOL,25.13526807673385,83.6863698084579,85.58197762877334,-2.1996799940624783,-1.3090681350173128,91.45762071173486,77.14937928826514,23,Extreme Fear,59.3,
2026-06-03,74.14,75.58,70.84,71.53,333354.34839195,SOL,15.552394499762869,82.58124528024513,85.03087765155647,-2.873306297711352,-1.6219157675561209,91.52442003176886,75.02057996823116,11,Extreme Fear,59.3,
2026-06-04,71.52,72.01,66.66,68.82,654052.80957395,SOL,9.203539823008796,81.3302229818649,84.3951103724927,-3.5845142962486847,-2.014435473294634,92.26450726497282,72.24049273502717,12,Extreme Fear,59.3,
2026-06-05,68.8,69.0,61.37,63.61,913062.26156176,SOL,8.376963350785289,79.71929361967102,83.57995061526826,-4.516491905862537,-2.514846759808215,93.91790833609417,68.29809166390584,12,Extreme Fear,59.3,
2026-06-06,63.62,64.82,60.12,62.16,523855.29050501,SOL,2.8112449799196355,78.1229941995152,82.73989572886595,-5.31087331499694,-3.07405207084596,95.14037895373784,64.77162104626214,12,Extreme Fear,59.3,
2026-06-07,62.17,67.9,61.93,66.47,428923.55976981,SOL,17.438217890706554,77.06363109035632,82.10181913399816,-5.528911477923856,-3.56502395226154,95.1074110600113,62.91858893998871,12,Extreme Fear,59.3,
2026-06-08,66.46,68.17,64.92,66.82,357423.82589409,SOL,18.57241857241854,76.1323919002344,81.50249468681234,-5.608811332437213,-3.9737814282966752,94.91772970272368,61.36727029727632,8,Extreme Fear,59.3,
2026-06-09,66.81,67.45,63.49,64.89,324217.11868489,SOL,18.21270812096496,75.11035627285102,80.85098522146319,-5.7614529684908575,-4.331315736335512,94.41801329301163,59.74998670698839,10,Extreme Fear,59.3,
2026-06-10,64.99,65.68,62.27,63.13,324351.78609815,SOL,17.92642140468223,74.02123297523256,80.15600456617291,-5.9557852696101605,-4.656209642990442,93.58431328874022,58.17068671125981,9,Extreme Fear,59.3,
2026-06-11,63.14,67.28,63.14,66.85,343957.64413594,SOL,27.24272427242721,73.36930270470978,79.63417156685892,-5.74341558963296,-4.873650832318946,92.6872531111104,57.32474688888961,12,Extreme Fear,59.3,
2026-06-12,66.86,68.76,65.88,66.79,261842.88116064,SOL,27.291854523594793,72.7711842769696,79.13045176259557,-5.516363383427162,-5.00219334254059,91.35970375942144,56.765296240578564,12,Extreme Fear,59.3,
2026-06-13,66.77,69.55,66.58,68.87,177821.59554503,SOL,30.18759018759019,72.41653116086029,78.7280605346476,-5.109683013186483,-5.023691276669769,89.86170762529068,56.632292374709316,13,Extreme Fear,59.3,
2026-06-14,68.92,71.24,66.91,71.24,197032.51244164,SOL,34.92106695699508,72.30957378259446,78.43439667828302,-4.5437689574566065,-4.927706812827137,88.24640843889462,56.87559156110536,18,Extreme Fear,59.3,
2026-06-15,71.25,76.02,70.66,73.95,425269.29888262,SOL,40.574412532637076,72.4587034387296,78.25852968585171,-3.8324258212048505,-4.708650614502679,86.9042660137663,57.25273398623368,20,Extreme Fear,59.3,
2026-06-16,73.95,75.56,72.27,73.39,337251.91244827,SOL,48.8525620873939,72.54336676248525,78.06759829635432,-3.276103696367244,-4.422141230875592,85.67846945372406,57.586530546275945,23,Extreme Fear,59.3,
2026-06-17,73.46,74.68,70.77,71.98,385244.83591148,SOL,50.734573947110675,72.49215160225722,77.82885855156034,-2.9153829007378675,-4.120789564848048,84.30387422307842,57.95712577692161,22,Extreme Fear,59.3,
2026-06-18,71.98,72.6,68.14,69.64,528800.00881293,SOL,51.35492399206875,72.2328650929515,77.50771340273106,-2.786209822011415,-3.8538736162807212,82.68327230551719,58.351727694482804,15,Extreme Fear,59.3,
2026-06-19,69.64,69.99,67.85,69.7,241777.34156663,SOL,62.12664277180408,72.00260462994815,77.20151625066451,-2.648467839285587,-3.6127924608816944,80.62707870667708,59.11792129332292,14,Extreme Fear,59.3,
2026-06-20,69.67,74.2,69.37,73.14,310887.99759818,SOL,70.25830258302587,72.10600420904694,77.04223494976526,-2.235952408172224,-3.3374244503398,78.6005876778345,60.2264123221655,23,Extreme Fear,59.3,
2026-06-21,73.14,74.58,72.19,72.42,191066.41485156,SOL,62.65418970650789,72.13454928095256,76.86096410535264,-1.9447115157365005,-3.05888186341914,76.4861037907334,61.4658962092666,23,Extreme Fear,59.3,
2026-06-22,72.38,74.91,71.33,71.88,332644.65664899,SOL,60.67510548523209,72.111408437229,76.66562521306454,-1.737446297724162,-2.7945947502801447,76.11338443849284,61.61461556150717,20,Extreme Fear,59.3,
2026-06-23,71.88,71.95,68.11,69.61,363713.37598725,SOL,59.81697171381032,71.88400767020295,76.38892454694664,-1.7363416814935135,-2.5829441365228187,75.91891631965768,61.61708368034232,23,Extreme Fear,59.3,
2026-06-24,69.61,70.36,64.6,67.98,550866.68871021,SOL,60.142199916353,71.52909788199526,76.0591519433088,-1.8457173615710616,-2.4354987815324676,75.88549248423372,61.56650751576627,17,Extreme Fear,59.3,
2026-06-25,68.04,69.53,63.72,67.61,427071.17590696,SOL,51.84824902723737,71.17281625635255,75.72780217058148,-1.9398924115726714,-2.3363775075405084,75.69666551966401,62.15533448033599,12,Extreme Fear,59.3,
2026-06-26,67.64,73.77,65.8,71.79,525359.10638629,SOL,60.12965964343598,71.22892386941238,75.5733738629259,-1.6581219538032173,-2.2007263967930504,75.48655766591186,63.32844233408814,13,Extreme Fear,59.3,
2026-06-27,71.79,73.09,70.11,70.39,199474.13438632,SOL,53.16666666666665,71.15265806310096,75.37009836432901,-1.530146558445054,-2.0666104291234513,75.53475627947822,63.672243720521806,15,Extreme Fear,59.3,
2026-06-28,70.4,72.27,69.49,71.28,193946.25586674,SOL,50.08880994671404,71.1642346028192,75.20969785024808,-1.3414462167992696,-1.921577586658615,75.65153227912508,64.00146772087494,18,Extreme Fear,59.3,
2026-06-29,71.29,76.34,70.28,75.04,441714.29217218,SOL,52.31226134917268,71.5165769116584,75.20304285321683,-0.8783739129197841,-1.7129368519108488,76.11659967035456,64.55140032964545,12,Extreme Fear,59.3,
2026-06-30,75.05,75.1,71.8,73.56,317803.20219809,SOL,50.34708044099632,71.70234264696438,75.13860813152509,-0.6236206956128143,-1.4950736206512418,75.7092103550522,66.00178964494778,15,Extreme Fear,59.3,
2026-07-01,73.57,78.88,72.16,77.37,488750.40204114,SOL,60.0223131275567,72.2175842245186,75.22611587225829,-0.1129893069985144,-1.2186567579206964,76.6683069161484,66.09469308385161,11,Extreme Fear,59.3,
2026-07-02,77.38,82.65,76.83,80.62,544107.53427051,SOL,69.74820143884891,72.98144020411527,75.43764579665547,0.547624906637239,-0.8654004250091093,78.35528285696756,65.79071714303245,19,Extreme Fear,59.3,
2026-07-03,80.64,83.13,80.23,82.29,261218.56789656,SOL,71.40428425705541,73.82767291283957,75.70637174133608,1.1921787786274507,-0.4538845842817972,80.31946844132248,65.16853155867751,21,Extreme Fear,59.3,
2026-07-04,82.27,83.89,81.3,81.7,269902.97557145,SOL,66.11445783132528,74.54333901167813,75.94142117359728,1.636519518503647,-0.035803763724708226,81.79026870830039,64.7437312916996,22,Extreme Fear,59.3,
2026-07-05,81.72,82.35,79.64,81.51,216352.34506022,SOL,67.46062235881674,75.17667182880294,76.15980144385439,1.95084323757618,0.36152563653546954,82.9321376815463,64.35786231845373,23,Extreme Fear,59.3,
2026-07-06,81.52,83.65,79.16,81.9,302835.5629363,SOL,69.35857805255023,75.78788348073402,76.3849118551167,2.205987538952101,0.730418017018796,84.06155805472264,64.07944194527738,24,Extreme Fear,59.3,
2026-07-07,81.9,82.73,80.3,80.5,278668.55336336,SOL,71.77129148340661,76.2162577097608,76.54629101920055,2.2690665496430427,1.0381477235436456,84.83284013413966,64.16015986586034,27,Fear,59.3,
2026-07-08,80.53,80.71,76.22,77.77,357143.93211048,SOL,68.7476062811183,76.35750700887424,76.59428050906816,2.0748513410894134,1.2454884470527992,85.07328716668492,64.73271283331509,20,Extreme Fear,59.3,
2026-07-09,77.77,78.73,76.63,77.99,260702.70507251,SOL,69.99229583975342,76.50591546261369,76.64901559561807,1.9165932564131936,1.3797094089248783,85.26829658277579,65.36670341722423,22,Extreme Fear,59.3,
2026-07-10,77.99,79.59,77.01,78.07,224755.56292363,SOL,64.36413540713627,76.64810496601308,76.70474144150604,1.7771421273149173,1.4591959526028861,85.53191357571052,65.59608642428947,23,Extreme Fear,59.3,
2026-07-11,78.08,78.77,76.72,76.74,150532.84244415,SOL,64.57090408444238,76.65645906001193,76.70612415313421,1.541536346718246,1.4756640314259584,85.64777637193497,65.91222362806504,26,Fear,59.3,
2026-07-12,76.72,77.73,75.58,76.85,186658.40061936,SOL,63.255592574964275,76.67405369092,76.71176643361481,1.3481524861690986,1.4501617223745866,85.73169160733326,66.32530839266673,26,Fear,59.3,
2026-07-13,76.87,78.12,74.03,74.9,232677.35661419,SOL,49.635416666666664,76.512776082654,76.6407156757359,1.025721797941685,1.3652737374880064,85.53704582193835,67.04895417806166,28,Fear,59.3,
2026-07-14,74.92,78.54,74.47,77.82,275344.58847126,SOL,60.31976744186045,76.63161462059492,76.68696280387188,0.9943504973922614,1.2910890894688576,85.17400659072021,68.39599340927978,22,Extreme Fear,59.3,
2026-07-15,77.82,78.95,76.9,77.22,281854.69361847,SOL,49.56970740103269,76.68510420054099,76.70786652039236,0.9105769656728313,1.2149866647096523,84.45722470348561,70.0737752965144,25,Extreme Fear,59.3,
2026-07-16,77.23,77.53,74.98,75.27,176584.27756198,SOL,33.41599504029753,76.55645836412785,76.65147882811853,0.6790099313040088,1.1077913180285237,84.23066601105229,70.6483339889477,25,Extreme Fear,59.3,
2026-07-17,75.25,75.68,73.32,74.98,141358.00154652,SOL,25.220338983050794,76.41314396738862,76.58592977888559,0.46671085958482195,0.9795752263397833,83.72783400283274,71.61016599716729,27,Fear,59.3,
2026-07-18,74.98,75.57,74.47,75.47,64455.37140642,SOL,28.737201365187644,76.32740360671674,76.54216727519426,0.3341493548391128,0.8504900520396492,83.25894128499235,72.49805871500766,25,Extreme Fear,59.3,
2026-07-19,75.47,76.62,75.28,76.34,90872.24651541,SOL,33.13763861709063,76.32854873337887,76.53423905074742,0.2958843655735848,0.7395689147464364,83.2097551360613,72.6772448639387,28,Fear,59.3,
2026-07-20,76.33,78.33,75.48,77.79,272027.38551881,SOL,37.46186699206832,76.46140793943557,76.5834851511347,0.378202287161983,0.6672955892295458,83.00317274316471,73.30682725683529,29,Fear,59.3,
2026-07-21,77.79,78.82,77.45,78.09,130738.95520445,SOL,42.1190320470896,76.60946176312349,76.64256482523643,0.4623180116226422,0.6263000737081651,83.0253024316024,73.3566975683976,25,Extreme Fear,59.3,
2026-07-22,78.1,78.79,76.97,77.92,122658.50735816,SOL,50.58915946582877,76.72860160283972,76.69266086032266,0.5093908098598376,0.6029182209384997,82.75356218974406,73.35843781025596,33,Fear,59.3,
2026-07-23,77.94,78.5,75.33,75.82,159548.34563382,SOL,42.57357973990415,76.64600145712691,76.65843851266239,0.3729448163829687,0.5569235400273935,82.08048380379833,73.38451619620167,31,Fear,59.3,
2026-07-24,75.82,76.37,73.41,73.88,253470.5421208,SOL,37.27990285367332,76.39454677920598,76.54947905936437,0.10703476664028244,0.4669457853499713,81.59260895750975,73.09039104249024,28,Fear,59.3,
2026-07-25,73.91,74.65,73.51,74.47,102737.57037363,SOL,42.7844882390337,76.21958798109615,76.46793008416593,-0.05545356027988646,0.3624659162239997,80.94271840905269,73.0362815909473,27,Fear,59.3,
2026-07-26,74.47,77.01,74.41,76.7,91382.22781717,SOL,49.57983193277313,76.26326180099655,76.4770309484694,-0.004235542255869973,0.28912562452802576,79.93644952616313,73.52255047383687,26,Fear,59.3,
2026-07-27,76.71,77.42,73.7,74.13,196276.93901279,SOL,47.915538711423906,76.06932890999668,76.38498970979724,-0.16907344214718023,0.19748581119298456,79.28971974471668,73.5322802552833,30,Fear,59.3,
2026-07-28,74.14,74.49,72.31,73.74,193567.42498769,SOL,37.20200752823089,75.85757173636046,76.28126374684133,-0.3274042931433172,0.09250779032572419,79.24745966852252,73.17154033147746,29,Fear,59.3,
2026-07-29,73.72,74.42,72.25,73.57,198363.66480244,SOL,38.23339780786589,75.64961066941844,76.1749388153096,-0.461282831179048,-0.018250333975230276,79.12264657236125,72.85435342763876,29,Fear,59.3,
2026-07-30,73.6,74.9,73.05,74.44,107910.89088887,SOL,47.12404712404713,75.53964606310761,76.10690146842799,-0.49151492986388234,-0.11290325315296072,78.8527915746143,72.76120842538568,28,Fear,59.3,
2026-07-31,74.46,75.23,72.5,72.79,147447.25525458,SOL,43.06523115896138,75.28967823918858,75.97682592641421,-0.641223668931957,-0.21856733630876002,78.90276889278759,72.3162311072124,25,Extreme Fear,59.3,
2026-08-01,72.78,73.13,70.54,71.88,127712.2795222,SOL,38.926588525601495,74.97970749017126,75.81616492957643,-0.8238020409116018,-0.3396142772293284,78.99278888793371,71.7292111120663,27,Fear,59.3,
2026-08-02,71.9,74.24,71.89,73.54,112993.47293246,SOL,41.76470588235297,74.84882499106472,75.72690294239851,-0.8250380640903074,-0.43669903460152426,79.01103626722677,71.57496373277321,27,Fear,59.3,
2026-08-03,73.56,74.2,71.9,73.49,142748.39600603,SOL,36.21794871794872,74.72529544642242,75.63918067543568,-0.8205929191261845,-0.5134778115064563,78.67739623349716,71.47560376650283,28,Fear,59.3,
2026-08-04,73.49,74.38,72.98,73.69,124044.58140664,SOL,35.80645161290326,74.63117767856579,75.56274172953034,-0.7918043534818366,-0.5691431199015324,78.40324360981045,71.39675639018957,25,Extreme Fear,59.3,
2026-08-05,73.7,74.74,73.22,73.97,137902.34297422,SOL,37.347853939782226,74.57107061687798,75.50028088638977,-0.7378896156884878,-0.6028924190589235,78.35752600755316,71.31247399244685,27,Fear,59.3,
2026-08-06,73.97,74.26,72.29,72.63,134772.24221997,SOL,39.2592592592593,74.39460965170719,75.38772018821656,-0.7941343126714315,-0.6411407977814252,78.37389382311015,71.06110617688985,25,Extreme Fear,59.3,
2026-08-07,72.62,74.29,72.39,73.64,127220.57753695,SOL,49.137931034482776,74.32600877427923,75.31918175350775,-0.7485809064654205,-0.6626288195182243,78.2946747930345,70.9573252069655,29,Fear,59.3,
2026-08-08,73.6,76.73,73.54,75.94,206705.34635049,SOL,54.702495201535484,74.4727352493448,75.34352769955288,-0.5208842958440982,-0.6342799147833991,78.23952460468293,70.97247539531709,30,Fear,59.3,
2026-08-09,75.95,77.71,75.69,76.21,108722.31645387,SOL,48.20775420629111,74.63066840849531,75.37750718307264,-0.3150150505343561,-0.5704269419335904,77.93046634449344,71.12353365550656,31,Fear,59.3,
2026-08-10,76.2,77.09,75.52,75.91,186759.09767261,SOL,57.80701754385963,74.74697128045031,75.39838935920078,-0.1740631910962236,-0.4911541917661171,77.46161696189439,71.37438303810559,30,Fear,59.3,
2026-08-11,75.93,76.61,74.58,76.22,187703.23783105,SOL,60.95406360424027,74.88088298222759,75.43060953980302,-0.03691785175328732,-0.4003069237635511,77.04130380014676,71.62469619985323,29,Fear,59.3,
2026-08-12,76.21,77.22,75.3,75.56,137076.87030021,SOL,58.42506350550382,74.94262089293417,75.4356836990213,0.018303344050821124,-0.31658487020067666,77.0006048021796,71.63939519782039,27,Fear,59.3,
2026-08-13,75.56,76.54,75.0,76.19,147210.75088812,SOL,57.562662057044065,75.05601899357654,75.46526486219528,0.11161563883453596,-0.23094476839363412,77.23280302447398,71.63819697552603,29,Fear,59.3,
2026-08-14,76.21,76.25,74.56,75.33,171852.97933095,SOL,61.78107606679028,75.08092635779687,75.45996033509415,0.1148476004049428,-0.16178629463391872,77.30433029255299,71.652669707447,29,Fear,59.3,
2026-08-15,75.32,75.65,74.98,75.29,59916.44826115,SOL,67.20484359233102,75.09993305254261,75.45329519650838,0.1128800762747062,-0.10685302045219373,77.06583132809929,71.75016867190068,34,Fear,59.3,
2026-08-16,75.26,75.62,74.05,74.55,84307.61243436,SOL,55.617352614015516,75.04993913867509,75.41787171552706,0.05102084710050292,-0.0752782469416544,77.0842184963507,71.7737815036493,34,Fear,59.3,
2026-08-17,74.55,76.16,74.37,75.96,140932.86774824,SOL,61.93236714975846,75.13267194425009,75.43913172894628,0.11445283737781153,-0.0373320300777612,77.25879230158395,71.82120769841606,31,Fear,59.3,
2026-08-18,75.96,77.34,75.15,77.0,101956.07134165,SOL,64.78999106344952,75.30242904022737,75.50034247260103,0.24580892277896282,0.01929616049358362,77.60008570387403,71.82291429612597,41,Fear,59.3,
2026-08-19,77.04,87.28,76.56,85.33,484566.84932896,SOL,79.52182952182953,76.21402640020679,75.88582058900258,1.0104234178993465,0.2175216119747363,80.80734654126869,69.70465345873131,46,Fear,59.3,
2026-08-20,85.34,88.01,83.96,87.66,276717.73831868,SOL,87.14780029658925,77.25456945473354,76.34755466928425,1.78383450759911,0.5307841910996112,83.71967309597267,68.2793269040273,62,Greed,59.3,
2026-08-21,87.64,94.97,87.57,93.72,531423.00024518,SOL,89.71518987341774,78.75142677703062,77.02882923866811,2.8528735720795027,0.9952020672955897,87.91352097091556,66.26947902908444,72,Greed,59.3,
2026-08-22,93.75,102.67,87.69,93.81,627864.64649854,SOL,88.72995231902907,80.12038797911885,77.68691641157129,3.6651078981296337,1.529183233462399,91.1042153609438,65.10578463905621,71,Greed,59.3,
2026-08-23,93.81,97.44,91.59,95.41,387927.46882871,SOL,89.34426229508199,81.51035270828994,78.3819413724864,4.387341539355205,2.1008148946409606,94.11685930972678,64.28514069027321,66,Greed,59.3,
2026-08-24,95.42,98.99,93.27,98.99,423437.95183599,SOL,91.69075144508672,83.09941155299096,79.19010285260624,5.188779958664256,2.71840790744562,97.54798484708323,63.38401515291675,73,Greed,59.3,
2026-08-25,98.97,103.07,95.36,96.59,544911.39131477,SOL,84.2122942559624,84.32582868453731,79.87245364094944,5.566103165149926,3.2879469589864816,99.82494049631039,63.36905950368963,74,Greed,59.3,
2026-08-26,96.61,102.42,95.01,102.07,361482.93913308,SOL,88.32032379300378,85.93893516776127,80.74294796008385,6.235446382016647,3.877446843592516,102.92970216599862,63.208297834001385,65,Greed,59.3,
2026-08-27,102.1,110.61,100.54,109.15,569013.85576388,SOL,90.15594541910333,88.04903197069216,81.85695283504964,7.253587690013774,4.552675012876768,107.33140891678448,62.35759108321551,71,Greed,59.3,
2026-08-28,109.16,110.07,102.29,104.14,795048.58928685,SOL,81.87652135428192,89.51184724608385,82.73079995791626,7.568956661355969,5.155931342572608,109.89725473753273,62.611745262467245,73,Greed,59.3,
2026-08-29,104.14,105.83,103.04,105.61,189727.90265679,SOL,82.51823251823251,90.9753156782581,83.62802559612398,7.847049654156663,5.69415500488942,112.37224867481854,63.076751325181476,68,Greed,59.3,
2026-08-30,105.62,107.44,100.36,101.8,309022.11920602,SOL,77.42000402495472,91.95937788932558,84.34065365131869,7.671572088358474,6.089638421583231,113.77338240839845,64.26461759160156,69,Greed,59.3,
2026-08-31,101.75,104.96,100.91,103.04,291593.914801,SOL,77.34248788368336,92.96670717211418,85.07396294102807,7.545581720984131,6.380827081463412,115.10080711784231,65.61919288215769,62,Greed,59.3,
2026-09-01,103.04,104.35,98.28,99.93,493888.03314569,SOL,72.22329908897075,93.5997337928311,85.65655384309984,7.112790615824636,6.527219788335658,115.64140377105194,67.51559622894807,69,Greed,59.3,
2026-09-02,99.95,100.63,97.33,100.4,474004.2707466,SOL,67.23073404985138,94.21793981166465,86.23472935925479,6.7301447002054715,6.567804770709622,116.01361298754446,69.56438701245554,63,Greed,59.3,
2026-09-03,100.4,105.87,99.19,103.95,495482.52903428,SOL,68.12013348164628,95.10267255605879,86.92944719073768,6.636844969159753,6.58161281039965,116.41940065573499,72.02059934426501,65,Greed,59.3,
2026-09-04,103.94,104.75,100.12,101.94,372041.3479684,SOL,60.04889975550122,95.72424777823528,87.51809740795343,6.32777144803795,6.530844537927311,116.10592704168957,74.99907295831045,74,Greed,59.3,
2026-09-05,101.94,104.38,101.62,103.17,313673.02597146,SOL,61.132254995242626,96.40113434385026,88.13189859903885,6.111628131510997,6.447001256644048,115.23652890510733,78.73047109489265,73,Greed,59.3,
2026-09-06,103.17,107.33,103.16,106.54,417040.73355816,SOL,62.702579319790004,97.32284940350026,88.85378615952122,6.141468802246976,6.385894765764635,114.30826475548687,82.71673524451316,73,Greed,59.3,
2026-09-07,106.56,107.03,102.98,103.78,324133.20399167,SOL,55.5710630379158,97.90986309409115,89.43912883779454,5.874689056503115,6.283653623912332,112.11402189225556,87.58897810774444,71,Greed,59.3,
2026-09-08,103.79,104.81,101.7,103.37,530307.83071437,SOL,58.26829268292683,98.40623917644649,89.98543837080685,5.566019010048635,6.140126701139593,111.00803588983625,90.49896411016375,69,Greed,59.3,
2026-09-09,103.38,105.15,100.2,101.54,476184.16952905,SOL,49.290495314591716,98.69112652404228,90.43855912001419,5.114770181516192,5.935055397214914,109.64293871855698,93.25206128144303,66,Greed,59.3,
2026-09-10,101.55,102.15,98.49,98.64,371569.4511896,SOL,34.157371118480555,98.68647865822024,90.76018471992566,4.471600641424871,5.642364446056906,109.17670582864274,94.21029417135726,69,Greed,59.3,
2026-09-11,98.62,105.72,97.87,102.43,674966.9107712,SOL,47.323943661971846,99.02679878020022,91.21782517376164,4.219070652560617,5.357705687357648,108.62421489254399,95.624785107456,56,Greed,59.3,
2026-09-12,102.44,102.56,101.21,101.75,142178.83486299,SOL,43.80616174582799,99.27436252745477,91.63085219156659,3.9188939302021453,5.069943335926548,108.1301934028585,96.75280659714149,63,Greed,59.3,
2026-09-13,101.75,102.32,99.15,99.25,201436.37265947,SOL,45.728643216080414,99.27214775223159,91.92964268677879,3.439622778153449,4.743879224371929,108.11108061117079,96.79791938882923,61,Greed,59.3,
2026-09-14,99.25,104.81,98.95,102.56,529207.88377805,SOL,49.24812030075188,99.57104341111963,92.34651996035711,3.288973040471447,4.452897987591832,107.69097358822837,97.81502641177163,57,Greed,59.3,
2026-09-15,102.53,102.84,95.73,96.82,614948.06491148,SOL,45.49927641099854,99.3209485555633,92.52195075885503,2.6755697070701814,4.097432331487502,108.09459427398627,96.88640572601372,69,Greed,59.3,
2026-09-16,96.81,98.84,96.03,98.54,473030.27496793,SOL,47.40223463687151,99.24995323233027,92.75795295963886,2.301700204181884,3.7382859060263782,106.87628443356637,97.04371556643365,51,Neutral,59.3,
2026-09-17,98.58,101.95,98.37,101.52,720821.2409668,SOL,46.55123474311666,99.45632112030026,93.10156302485186,2.220273098451756,3.4346833445114537,106.63918174513198,97.01881825486801,50,Neutral,59.3,
2026-09-18,101.52,114.3,100.83,112.69,983138.55878686,SOL,62.10858301419237,100.6593828366366,93.86973783441087,3.022228806512956,3.352192436911754,108.8489199231014,95.51708007689861,56,Greed,59.3,
2026-09-19,112.69,114.05,110.03,111.02,464485.43169687,SOL,58.755297791657355,101.6012571242151,94.5422978168393,3.4828809560596596,3.378330140741335,110.38669475734449,94.90130524265552,71,Greed,59.3,
2026-09-20,111.04,111.43,107.38,111.14,480030.67284055,SOL,55.531505531505516,102.46841556746828,95.19318873250516,3.813672458341955,3.465398604261459,111.675812303885,94.42218769611502,71,Greed,59.3,
2026-09-21,111.15,119.97,110.69,118.87,785381.74172329,SOL,66.20837808807732,103.95946869769844,96.12169200405663,4.6460171116005,3.701522305729267,115.00932857568198,92.98267142431804,70,Greed,59.3,
2026-09-22,118.9,119.46,115.53,118.53,508480.33130388,SOL,66.30808950086058,105.28406245245313,97.00044997047138,5.2180704198617605,4.004831928555766,117.5350792257511,92.2699207742489,78,Extreme Greed,59.3,
2026-09-23,118.58,119.78,112.99,115.01,542016.95503876,SOL,63.9817313680714,106.16823859313922,97.70670744447798,5.325997422974552,4.269065027439523,118.85740791602501,92.05359208397499,71,Greed,59.3,
2026-09-24,115.01,117.76,112.48,117.02,423534.09219891,SOL,69.4373942470389,107.15476235739929,98.46409209487547,5.510202369310747,4.517292495813768,120.44926267543705,91.96973732456296,71,Greed,59.3,
2026-09-25,117.02,122.91,115.85,122.14,563867.72940272,SOL,70.27360625385721,108.51705668854481,99.39255981193452,6.00016120339896,4.8138662373308065,122.98409916362775,91.33190083637228,71,Greed,59.3,
2026-09-26,122.12,122.39,119.84,121.37,270432.22083549,SOL,70.14373716632443,109.6855060804953,100.254420871788,6.254229677930823,5.10193892545081,124.94626721937955,90.85273278062043,74,Greed,59.3,
2026-09-27,121.37,124.91,120.09,121.98,353560.11888365,SOL,74.27900021362956,110.80318734590483,101.10640499416802,6.430673871049066,5.367685914570462,126.84479577479513,90.77420422520487,70,Greed,59.3,
2026-09-28,121.98,122.9,117.21,118.83,386666.88247231,SOL,67.43837084673096,111.5328975871862,101.8014484271393,6.244347539491926,5.543018239554756,127.95818860149403,91.20681139850593,74,Greed,59.3,
2026-09-29,118.83,121.67,116.33,119.1,470763.26586921,SOL,77.05196697425934,112.22081598835108,102.4798234595867,6.04874317671073,5.644163226985951,128.89614336593434,92.02485663406567,73,Greed,59.3,
2026-09-30,119.11,122.79,117.0,118.06,531595.09570856,SOL,74.09876543209877,112.75165089850097,103.09081117378805,5.743597386193244,5.66405005882741,129.28215444768492,93.5808455523151,71,Greed,59.3,
2026-10-01,118.06,119.55,116.7,118.39,292360.50442751,SOL,72.28533685601057,113.26422808954634,103.69077973938764,5.465393733950776,5.624318793852084,129.81074296546325,94.64825703453675,74,Greed,59.3,
2026-10-02,118.39,123.74,117.12,118.62,554306.49499677,SOL,61.01820884429581,113.75111644504214,104.27623971028517,5.203491798616085,5.540153394804885,130.1487705844496,95.99722941555041,72,Greed,59.3,
2026-10-03,118.62,120.07,118.5,119.58,89351.33883481,SOL,66.33587786259542,114.28101495003831,104.87638752012927,5.015580119380928,5.435238739720094,130.08696358185423,98.09203641814577,67,Greed,59.3,
2026-10-04,119.59,122.25,119.58,121.57,221481.19863682,SOL,68.57855361596009,114.94364995458028,105.53103935412466,4.969944699816139,5.342179931739303,130.39937224594783,99.68062775405218,65,Greed,59.3,
2026-10-05,121.57,122.04,118.93,120.76,238959.44993089,SOL,54.46808510638298,115.47240904961843,106.12825381631396,4.812937522666374,5.236331449924718,129.15510496123906,103.31889503876094,70,Greed,59.3,
2026-10-06,120.77,121.97,118.89,120.69,330726.62986494,SOL,55.17241379310345,115.94673549965313,106.69930297952101,4.62949386509699,5.1149639329591725,127.34220600004176,107.34679399995824,73,Greed,59.3,
2026-10-07,120.69,120.69,115.2,116.25,393786.7709451,SOL,52.844036697247695,115.97430499968466,107.07384030237742,4.078824402726966,4.9077360269127315,124.80435411282397,111.357645887176,71,Greed,59.3,
2026-10-08,116.24,116.74,105.57,109.5,663546.57967644,SOL,35.83270535041447,115.38573181789515,107.16898386503456,3.062444346423419,4.538677690814869,125.30253480122902,110.54046519877097,64,Greed,59.3,
2026-10-09,109.52,111.92,108.7,109.55,192635.4726467,SOL,20.680018630647368,114.85521074354104,107.26235708932614,2.2352241388189356,4.077986980415682,125.54108260712907,110.15491739287093,59,Greed,59.3,
2025-10-10,2.8035,2.8375,1.4,2.37396,84792006.90803438,XRP,,2.37396,2.37396,0.0,0.0,,,64,Greed,59.3,
2025-10-11,2.37652,2.50602,2.09031,2.38495,35348860.8910289,XRP,,2.3797166666666665,2.3795648999999996,0.0002465705128211759,0.00013698361823398663,,,27,Fear,59.3,
2025-10-12,2.38497,2.58422,2.315,2.52997,24963031.04673996,XRP,,2.4346431117824774,2.43171843487535,0.004811241296808433,0.0020526629946989233,,,24,Extreme Fear,59.3,
2025-10-13,2.53076,2.6475,2.51637,2.60678,25825019.31094861,XRP,,2.4840105322128854,2.4781440479808077,0.009542627539059989,0.0045899138566098535,,,38,Fear,59.3,
2025-10-14,2.60731,2.62219,2.38983,2.50468,38047159.08158498,XRP,,2.4889673990598027,2.4838841293044243,0.00784990174719935,0.005559686551335429,,,38,Fear,59.3,
2025-10-15,2.50448,2.54794,2.37486,2.41206,16587107.4722837,XRP,,2.4729142113974136,2.4706851230293703,0.002724306498946394,0.004791140913056677,,,34,Fear,59.3,
2025-10-16,2.4124,2.46641,2.285,2.32853,26631230.69228781,XRP,,2.4459530194965393,2.447860817273682,-0.004393762656719868,0.0024666868504765686,,,28,Fear,59.3,
2025-10-17,2.32853,2.39829,2.19,2.29415,27859304.79441221,XRP,,2.4200852305379765,2.425851790604258,-0.010731106898881126,-0.000704991172060551,,,22,Extreme Fear,59.3,
2025-10-18,2.29416,2.39242,2.29045,2.36063,7886821.1748738,XRP,,2.4106999230094277,2.417392532694995,-0.011658005461623322,-0.003235191811133643,,,23,Extreme Fear,59.3,
2025-10-19,2.36049,2.41991,2.31961,2.39173,10282018.77894577,XRP,,2.4078933160902825,2.414340285578577,-0.010543971086928394,-0.0048727826429663685,,,29,Fear,59.3,
2025-10-20,2.392,2.552,2.35678,2.49602,16135514.88767339,XRP,,2.420228098954783,2.4233377960449123,-0.004034972283591287,-0.004689474523529937,,,29,Fear,59.3,
2025-10-21,2.49601,2.5323,2.40241,2.42382,16340605.16721647,XRP,,2.4207073346865178,2.4233873951284206,-0.0031740208602579756,-0.004364018632331757,,,34,Fear,59.3,
2025-10-22,2.42382,2.43874,2.3275,2.36508,12460063.76613539,XRP,,2.4135881219062654,2.4177488059656453,-0.005811526374067899,-0.004670361561303558,,,25,Extreme Fear,59.3,
2025-10-23,2.36564,2.42728,2.36188,2.39528,8968531.23435928,XRP,51.17341434955861,2.411328796085155,2.4156940937046816,-0.005959978426981483,-0.004940150371806831,,,27,Fear,59.3,
2025-10-24,2.39579,2.51506,2.38819,2.51106,13581671.86598395,XRP,56.69276732015935,2.4232488306780726,2.4239821520906784,0.0008746822766276807,-0.003734773410609869,,,30,Fear,59.3,
2025-10-25,2.5111,2.6529,2.50323,2.59628,16933559.59599236,XRP,59.6192886469362,2.4433545209863126,2.438274571907472,0.01121835166811369,-0.0006575317421694237,,,37,Fear,59.3,
2025-10-26,2.59628,2.66146,2.59231,2.64608,14965061.83864636,XRP,55.786693246947415,2.4663296085868334,2.4547900853905307,0.022049473328812574,0.003988488343663541,,,40,Fear,59.3,
2025-10-27,2.6458,2.6972,2.60239,2.63404,15449197.64259357,XRP,51.45234847839059,2.4849195770359143,2.4684847746441627,0.029314557057110946,0.009146622775574955,,,51,Neutral,59.3,
2025-10-28,2.63405,2.68906,2.56685,2.60575,16636829.16737416,XRP,55.84442619727758,2.4980513030839373,2.478595861056749,0.032726513809615554,0.013931559183417801,,,50,Neutral,59.3,
2025-10-29,2.60576,2.66428,2.53167,2.5502,12749840.93513653,XRP,58.34581923634606,2.5036198179676994,2.4836946602358676,0.031340360056519856,0.017453929523156955,2.691625404181308,2.249479595818692,51,Neutral,59.3,
2025-10-30,2.5509,2.59361,2.37754,2.43873,25854174.07957103,XRP,56.44037683802042,2.496799049233799,2.480592068970068,0.022518977349129443,0.01847636943201619,2.6907657210015126,2.256816278998488,34,Fear,59.3,
2025-10-31,2.43929,2.55112,2.43399,2.50853,18800816.13687229,XRP,62.03084313549429,2.4980148563070443,2.482464047828109,0.02010297132823613,0.018804108095761447,2.69330004545712,2.2666399545428804,29,Fear,59.3,
2025-11-01,2.50853,2.52216,2.475,2.50527,2814655.94310331,XRP,58.73704303283638,2.498757333285775,2.4839508419774243,0.017769442785923406,0.018595946263217568,2.6911302125042766,2.266339787495723,33,Fear,59.3,
2025-11-02,2.50527,2.55255,2.47948,2.52718,8173681.83202721,XRP,58.2737768004398,2.501633184602669,2.4866977337418192,0.017253550842255994,0.018326193306704763,2.6799072094240737,2.2696027905759264,37,Fear,59.3,
2025-11-03,2.52602,2.53153,2.26074,2.30942,23251986.0470467,XRP,39.98948520418015,2.482382497332505,2.475700577610373,0.0015139640111980768,0.014950996313881835,2.682368278723275,2.247615721276725,42,Fear,59.3,
2025-11-04,2.30942,2.36333,2.06683,2.20506,29546815.88030261,XRP,38.65564521147503,2.4548622635306314,2.459286335560908,-0.018084045822506223,0.008323958894996117,2.700478710512872,2.2088052894871284,21,Extreme Fear,59.3,
2025-11-05,2.20509,2.37637,2.10125,2.34307,17423271.88331717,XRP,48.94532560256841,2.4438601118265013,2.4523857677638845,-0.023359908094608528,0.0019718269845228507,2.6997169069213447,2.2110210930786556,23,Extreme Fear,59.3,
2025-11-06,2.34275,2.414,2.17963,2.21179,15517963.75345013,XRP,41.98404585288285,2.4211908676086074,2.43838226060127,-0.036588519109176154,-0.005755188455775889,2.709423944067385,2.1930780559326153,27,Fear,59.3,
2025-11-07,2.2118,2.37,2.15251,2.31355,23146031.17415697,XRP,41.264562011835366,2.4107469561900174,2.4312519787944784,-0.039148885757331886,-0.012444278782013644,2.711371701104697,2.186422298895303,24,Extreme Fear,59.3,
2025-11-08,2.31355,2.33568,2.24051,2.28456,9047478.66119075,XRP,35.49167814722418,2.398578031233722,2.4230204644475064,-0.04279883527055173,-0.018522714819067764,2.7151442183550407,2.171932781644959,20,Extreme Fear,59.3,
2025-11-09,2.28456,2.39379,2.24,2.36571,10502737.14519919,XRP,37.32080352378283,2.3954258013638228,2.419857970849861,-0.03921859513371073,-0.0226659941871353,2.7095781020754677,2.164467897924533,22,Extreme Fear,59.3,
2025-11-10,2.36571,2.58021,2.34513,2.52519,31280837.99050761,XRP,45.65666722529466,2.407809047453536,2.425579036905073,-0.02422813642320687,-0.022978670361937525,2.71736940905116,2.166813590948839,29,Fear,59.3,
2025-11-11,2.52522,2.5692,2.38,2.3904,14875993.0216261,XRP,42.08021653905279,2.406155197341456,2.423696722793852,-0.0222128483381816,-0.02282540881614108,2.7173741491964347,2.169340850803565,26,Fear,59.3,
2025-11-12,2.3915,2.4493,2.31583,2.38714,15185624.13921682,XRP,43.76338657364911,2.4043561227365546,2.421768253043771,-0.020623654331239916,-0.022384834521453206,2.717291811621318,2.1686091883786816,24,Extreme Fear,59.3,
2025-11-13,2.38769,2.5254,2.27543,2.32089,30786608.83780709,XRP,45.33144224521813,2.396488324869232,2.4165177191211527,-0.024101576483134046,-0.02272832224896504,2.711007210060248,2.155876789939752,15,Extreme Fear,59.3,
2025-11-14,2.32132,2.3375,2.22334,2.24342,25375930.07729522,XRP,39.56037897820797,2.3821078251732937,2.4076224392582,-0.03237033989266935,-0.02465735178358044,2.694638042414682,2.1369599575853178,16,Extreme Fear,59.3,
2025-11-15,2.24301,2.3,2.21111,2.23592,11905917.23259663,XRP,39.4287149618908,2.3684153497848413,2.398904979535975,-0.03903367470421548,-0.027533363022913603,2.6629253968846105,2.127656603115389,10,Extreme Fear,59.3,
2025-11-16,2.236,2.2775,2.15519,2.21327,20839702.41925772,XRP,37.68700331840183,2.3539237974087674,2.38958781477792,-0.04551680744502695,-0.031130799065570793,2.6286918213466977,2.119813178653302,10,Extreme Fear,59.3,
2025-11-17,2.21327,2.3033,2.11302,2.1621,28613347.58125348,XRP,43.35270548316068,2.3360508794496115,2.3782939744737717,-0.05396308311231435,-0.03569801473378562,2.5987696144045795,2.105370385595421,14,Extreme Fear,59.3,
2025-11-18,2.1621,2.24,2.10584,2.21611,26969686.90741126,XRP,50.52232526919841,2.3249008029979192,2.3703253178530703,-0.05582875497058781,-0.03972469801916136,2.5705528350040674,2.1001781649959326,11,Extreme Fear,59.3,
2025-11-19,2.21613,2.2175,2.025,2.10774,37766856.30206297,XRP,38.5554355966658,2.3047542419815907,2.3575502973361915,-0.0649539463075195,-0.04477108430066683,2.569452483033432,2.068179516966568,15,Extreme Fear,59.3,
2025-11-20,2.10774,2.14768,1.97281,1.99757,29071003.67617698,XRP,39.36366705725805,2.276308983670324,2.340200618753524,-0.0798214368470953,-0.051781751211535054,2.565700379295157,2.0208356207048426,11,Extreme Fear,59.3,
2025-11-21,1.9977,2.02813,1.81779,1.94946,40085050.53564437,XRP,30.905105048407208,2.246093861218184,2.3215360273158328,-0.09425521445703522,-0.06027702201880668,2.559400157630235,1.9715548423697653,14,Extreme Fear,59.3,
2025-11-22,1.9497,1.965,1.88751,1.94945,11640890.43310406,XRP,31.873992578889855,2.218713029694793,2.3039132157644415,-0.10447778617009851,-0.06911765617897177,2.5357306772078205,1.937451322792179,11,Extreme Fear,59.3,
2025-11-23,1.94945,2.08412,1.9484,2.04847,20001278.72070281,XRP,33.166005136586506,2.2030211098563472,2.291912626897693,-0.10361604660487922,-0.07601763480060857,2.5319288700042053,1.9151581299957945,13,Extreme Fear,59.3,
2025-11-24,2.04872,2.28669,2.02408,2.22693,35906541.06350398,XRP,34.48566435021429,2.205222096047785,2.2888832961168357,-0.08790136080823574,-0.07839446282250291,2.5329014837831703,1.9163725162168297,19,Extreme Fear,59.3,
2025-11-25,2.22693,2.26397,2.14768,2.20191,21605500.37538045,XRP,38.93149494403794,2.2049175433299633,2.2848586044548167,-0.0765352519984912,-0.0780226102919649,2.5208496089078984,1.9143083910921017,20,Extreme Fear,59.3,
2025-11-26,2.20119,2.25406,2.14432,2.22337,15818654.5148422,XRP,40.584359584670054,2.206612510171847,2.2820331633506945,-0.06508585608555828,-0.07543520174954495,2.521426289740461,1.9148897102595386,15,Extreme Fear,59.3,
2025-11-27,2.22337,2.23437,2.17382,2.2,11660610.0982242,XRP,42.68919556356513,2.206005686700957,2.27828890392781,-0.0571989935561521,-0.07178789504074032,2.512463223395512,1.9124977766044875,22,Extreme Fear,59.3,
2025-11-28,2.2,2.275,2.15751,2.17966,21535102.02502106,XRP,45.8579112855027,2.2035900465188334,2.2738159115248866,-0.05195842148249108,-0.06782194372514182,2.5055755721165784,1.9088954278834211,25,Extreme Fear,59.3,
2025-11-29,2.17982,2.222,2.16634,2.20284,9467735.12305334,XRP,47.893905824228995,2.2035213283083945,2.2706166612140253,-0.04544467115474449,-0.06334643810982185,2.487959521965199,1.9102244780348006,28,Fear,59.3,
2025-11-30,2.20285,2.2148,2.15371,2.15423,12032892.07713379,XRP,46.361395291507456,2.1990085277822624,2.265401074832269,-0.043635327817596714,-0.05940418004127293,2.425558819006179,1.9355291809938213,28,Fear,59.3,
2025-12-01,2.15423,2.16128,1.98441,2.03001,25727999.1155587,XRP,42.53180301916661,2.183546063729222,2.2549113039500543,-0.051473170897657905,-0.05781796662128237,2.3952566202788153,1.9297923797211856,24,Extreme Fear,59.3,
2025-12-02,2.03001,2.18358,1.99598,2.15367,17434069.41017958,XRP,46.72746331236897,2.1808141629579842,2.250423668725917,-0.04730350541687933,-0.0557150620868081,2.3581803877562164,1.9435216122437842,23,Extreme Fear,59.3,
2025-12-03,2.15371,2.22,2.14166,2.19844,15541819.70485067,XRP,55.09321653189577,2.1824250322315892,2.248131149646122,-0.039973836295037035,-0.05256680220465558,2.337646676085639,1.9518103239143614,28,Fear,59.3,
2025-12-04,2.19844,2.21422,2.06942,2.09615,12779926.35184155,XRP,55.585142546344564,2.1745439513046874,2.2414612490084873,-0.041833897158062516,-0.05042021316399387,2.3256079524786886,1.9491220475213116,26,Fear,59.3,
2025-12-05,2.09615,2.11297,2.014,2.03579,12791948.14742041,XRP,54.824144752282706,2.1618745732717337,2.232477047266468,-0.047572732783188076,-0.04985071538323738,2.3148179610238904,1.93989903897611,28,Fear,59.3,
2025-12-06,2.03579,2.05084,2.01688,2.03126,6887839.95272723,XRP,54.54858833079431,2.1499531457962573,2.223726501158942,-0.05188269409890678,-0.05025711209949806,2.3058284718765694,1.9306875281234304,23,Extreme Fear,59.3,
2025-12-07,2.03151,2.11041,1.99,2.0447,15436034.30791546,XRP,49.76834498777207,2.140349984682277,2.215974101056492,-0.05360524966894964,-0.05092674089614232,2.3015230169476517,1.9232529830523486,20,Extreme Fear,59.3,
2025-12-08,2.0447,2.12356,2.02878,2.0725,17102610.03116138,XRP,38.354573561571534,2.1341614795330672,2.2097865207367757,-0.05214555232586093,-0.05117050355565123,2.288578775472523,1.9218362245274765,20,Extreme Fear,59.3,
2025-12-09,2.07251,2.17784,2.04201,2.10674,22088841.22668627,XRP,42.921742752168036,2.131661152530362,2.205359766582823,-0.04769880410975791,-0.050476162815213305,2.288526413266754,1.9217885867332454,22,Extreme Fear,59.3,
2025-12-10,2.10643,2.11048,2.03535,2.04225,17932413.07356208,XRP,37.33957779952468,2.1235107435018543,2.198378898019601,-0.04877503301051345,-0.05013593652058035,2.2862753025999853,1.9285076974000146,26,Fear,59.3,
2025-12-11,2.0422,2.05764,1.97866,2.03441,16661859.57064058,XRP,38.16825528387897,2.115390639384379,2.1913863136191987,-0.0496825115864965,-0.05004525146260866,2.2783535912725,1.9449244087274995,29,Fear,59.3,
2025-12-12,2.03442,2.04804,1.97001,2.00772,12812780.50047973,XRP,37.825015578088696,2.10558039308807,2.18358049205953,-0.05194139005007026,-0.05042447941814622,2.2710567142866207,1.9580482857133787,29,Fear,59.3,
2025-12-13,2.00772,2.04774,2.00703,2.02288,5211886.30569223,XRP,37.11072912190229,2.098046812503752,2.176773076129459,-0.051916704138203595,-0.05072292451202731,2.2724476218994756,1.9540983781005243,23,Extreme Fear,59.3,
2025-12-14,2.02288,2.03089,1.9525,1.97863,6410682.77584562,XRP,37.34396171476345,2.0871705753473635,2.1684058755533133,-0.0548146698781502,-0.05154127391401109,2.26143383256583,1.9402821674341697,21,Extreme Fear,59.3,
2025-12-15,1.97883,2.01379,1.86985,1.89842,19892949.30105373,XRP,39.87348590953167,2.069982464151495,2.1570391329337526,-0.06282403539328962,-0.05379782693509498,2.262581429924513,1.908785570075487,16,Extreme Fear,59.3,
2025-12-16,1.89853,1.94815,1.85234,1.92935,15288272.85552121,XRP,29.86355475763014,2.057178076615916,2.1474807174235315,-0.06592712522697797,-0.05622368721718473,2.248569467027127,1.893395532972874,11,Extreme Fear,59.3,
2025-12-17,1.92927,1.98656,1.84731,1.86226,21131167.43824685,XRP,20.984947869916397,2.0394335359641946,2.1355401283826696,-0.07293364498867816,-0.059565679458891345,2.2438418808100833,1.8643491191899162,16,Extreme Fear,59.3,
2025-12-18,1.86204,1.93319,1.80022,1.80629,27754070.85290396,XRP,22.808630393996182,2.0182117974910923,2.121792688051558,-0.08203690953563059,-0.06405992621376956,2.245533933786732,1.8253200662132678,17,Extreme Fear,59.3,
2025-12-19,1.80654,1.91943,1.77078,1.90805,22383300.93532478,XRP,38.88057103064066,2.008185547244189,2.1128907151119773,-0.08014757797997829,-0.06727745699056822,2.22254264221055,1.8188323577894507,16,Extreme Fear,59.3,
2025-12-20,1.90805,1.95786,1.89312,1.93271,9349025.82859963,XRP,41.71194052444786,2.0013169460751747,2.10540474280911,-0.07579349551073866,-0.06898066487397103,2.2048139607561654,1.8144090392438348,20,Extreme Fear,59.3,
2025-12-21,1.93271,1.94859,1.89501,1.92147,6115737.969521,XRP,39.5978593014029,1.994051220648621,2.0977805763302215,-0.07241173022748382,-0.06966687800248693,2.203000882833903,1.805368117166097,20,Extreme Fear,59.3,
2025-12-22,1.92147,1.9479,1.89132,1.90333,14255801.82744619,XRP,35.483206617811106,1.9857966980210382,2.0897384961219516,-0.07037923281594405,-0.06980934897478087,2.182206895884971,1.8011281041150284,25,Extreme Fear,59.3,
2025-12-23,1.90253,1.90809,1.8629,1.87222,10594089.50034306,XRP,29.766711529833998,1.9754634193404605,2.080761604692179,-0.07045899451322724,-0.0699392780894759,2.14620075388424,1.8045122461157603,24,Extreme Fear,59.3,
2025-12-24,1.87265,1.87696,1.83568,1.86072,8171407.19026586,XRP,32.762320767258544,1.9650247383228574,2.0716991986834845,-0.07063310646300502,-0.07007804377016752,2.1318085035208862,1.795361496479114,24,Extreme Fear,59.3,
2025-12-25,1.86086,1.88729,1.82783,1.83175,6883342.4605155,XRP,31.49832018697049,1.9529009752982178,2.0618363218564477,-0.07226952187482794,-0.07051633940622462,2.127803084562951,1.7789629154370492,23,Extreme Fear,59.3,
2025-12-26,1.83162,1.88133,1.8238,1.84233,8298101.45701268,XRP,34.44325300524861,1.9428431272330056,2.052830735021001,-0.07188563428491301,-0.07079019838952272,2.121041555029047,1.7668314449709528,20,Extreme Fear,59.3,
2025-12-27,1.84246,1.8772,1.84044,1.87186,4786609.82997008,XRP,36.16880975931422,1.9363866485086592,2.0454195509569577,-0.06841472405450055,-0.07031510351202554,2.1085223743189223,1.7620666256810775,23,Extreme Fear,59.3,
2025-12-28,1.87219,1.87813,1.85259,1.86381,4556736.57343185,XRP,38.7373955349786,1.9297855488080398,2.03799509992327,-0.06555641835887571,-0.06936336646457983,2.0881451021663446,1.7615748978336556,24,Extreme Fear,59.3,
2025-12-29,1.86417,1.91559,1.843,1.84863,12426006.37882977,XRP,44.40196982303073,1.9224044958931346,2.030266464883782,-0.06377848968597144,-0.06824639109306994,2.054150996140857,1.7697580038591425,24,Extreme Fear,59.3,
2025-12-30,1.84853,1.88429,1.84251,1.87552,8086931.37005211,XRP,43.89225497537842,1.9181405486642527,2.023960808994324,-0.059517086634867766,-0.06650053018168763,2.032585452050589,1.7746505479494104,23,Extreme Fear,59.3,
2025-12-31,1.87543,1.88158,1.8094,1.83915,17359356.9712971,XRP,47.18136358092451,1.910956954887236,2.016441606150282,-0.05839679686649246,-0.0648797835039869,2.0100654442267065,1.777644555773293,21,Extreme Fear,59.3,
2026-01-01,1.83963,1.87853,1.82353,1.8769,12395442.58293445,XRP,59.01258519898911,1.9078598353835077,2.0107725586894323,-0.0538464081890897,-0.06267310842503775,1.990540536857434,1.7840874631425667,20,Extreme Fear,59.3,
2026-01-02,1.8769,2.03,1.86677,2.006,22289441.07555779,XRP,61.68659173885029,1.9167843737811983,2.01057894079211,-0.039382805211035876,-0.05801504775526904,1.9852079728585244,1.7877320271414754,28,Fear,59.3,
2026-01-03,2.00613,2.05537,1.98332,2.01737,17666952.54224182,XRP,60.431761052787245,1.9259310421500757,2.0108540748810215,-0.026696326268693005,-0.05175130342894215,1.9958901145808503,1.78092388541915,29,Fear,59.3,
2026-01-04,2.0171,2.11903,2.0156,2.09055,20198975.02118192,XRP,68.07491661677926,1.9409001519640943,2.014078701582832,-0.010621622390211805,-0.04352536719071614,2.038531923631921,1.7574950763680786,25,Extreme Fear,59.3,
2026-01-05,2.09002,2.36964,2.08671,2.34735,67407268.8519367,XRP,81.42925903904414,1.977858555140993,2.027546619944924,0.022557094181783865,-0.030308874877038795,2.1642814917593163,1.6735455082406836,26,Fear,59.3,
2026-01-06,2.3482,2.41622,2.20259,2.30245,68587834.05995147,XRP,79.87003068719883,2.0073729789307344,2.0386425500812138,0.0447161382995529,-0.015303872206137265,2.238342837946648,1.6435031620533525,44,Fear,59.3,
2026-01-07,2.30277,2.31951,2.15,2.16342,31172391.95807935,XRP,67.85419370060163,2.0215617423185486,2.043673172770911,0.05048674327292879,-0.002145749085361287,2.264920141396624,1.6526388586033758,42,Fear,59.3,
2026-01-08,2.16373,2.18926,2.06335,2.12151,31037173.4447344,XRP,66.8339840118981,2.0306495025340907,2.04680785005517,0.051091970460503955,0.008501794839971644,2.2829419989847084,1.6559630010152913,28,Fear,59.3,
2026-01-09,2.1213,2.16,2.07024,2.09316,23703393.76995972,XRP,64.27750139456518,2.0363331591297804,2.0486725927044036,0.04872405697121662,0.016546247275987958,2.2951891176062453,1.6597608823937546,27,Fear,59.3,
2026-01-10,2.09313,2.10761,2.07716,2.08803,10842388.12583444,XRP,62.65617498624136,2.041033536616786,2.050254333279272,0.045904611843240684,0.02241792019514186,2.306057659794357,1.665548340205643,25,Extreme Fear,59.3,
2026-01-11,2.0878,2.1068,2.04128,2.07174,10775704.24680386,XRP,62.0574079443317,2.0438253921938427,2.051116984113302,0.04187386131638515,0.02630910842241423,2.314203680193776,1.6742433198062239,29,Fear,59.3,
2026-01-12,2.07153,2.106,2.03238,2.05175,23409208.53383022,XRP,61.713145572394076,2.0445458952889313,2.051142376014345,0.03664499382787634,0.02837628550479172,2.318812234703815,1.6875877652961853,27,Fear,59.3,
2026-01-13,2.05118,2.18357,2.04534,2.16431,23881184.07121843,XRP,65.15592035518982,2.0554346980358855,2.05567775374409,0.04110467506769622,0.030921963418638645,2.334340916730119,1.70241808326988,26,Fear,59.3,
2026-01-14,2.16444,2.19318,2.11,2.13878,21434476.97092779,XRP,65.905785176613,2.0630122755490676,2.0590053473669325,0.04209473522181639,0.03315651778016323,2.3412345367122227,1.7262274632877774,48,Neutral,59.3,
2026-01-15,2.13925,2.14325,2.0522,2.07816,16925307.31809636,XRP,60.43057340685767,2.0643894623314627,2.0597717076959845,0.03755726592517172,0.03403666740944507,2.33993049580639,1.7511145041936091,61,Greed,59.3,
2026-01-16,2.07816,2.08657,2.02479,2.06668,14891303.0947756,XRP,53.58146233208207,2.06459770965138,2.060047883103297,0.03265888911995418,0.033761111751476724,2.3381443777578497,1.7723826222421506,49,Neutral,59.3,
2026-01-17,2.06683,2.08198,2.0525,2.0622,9719033.20102851,XRP,52.667658434989576,2.06437972022815,2.0601338536093206,0.028091716005703482,0.0326272326020911,2.3333260490261707,1.7970399509738297,50,Neutral,59.3,
2026-01-18,2.06212,2.06746,1.98401,1.99081,11918594.78667048,XRP,44.052190921451235,2.057691122604796,2.0573666006883906,0.018500608394057316,0.02980190776002392,2.323249611736364,1.8213343882636361,49,Neutral,59.3,
2026-01-19,1.99037,2.0282,1.84795,1.98446,26922294.98648291,XRP,19.14253158959879,2.051033348544739,2.054458374319028,0.01026902843152655,0.025895331893815147,2.315073109500995,1.8404048904990056,44,Fear,59.3,
2026-01-20,1.98504,1.9894,1.86811,1.8878,16096180.88611346,XRP,17.593822780061558,2.0361931441390513,2.047814890916726,-0.0040054042234278775,0.019915184669742837,2.308016922880002,1.852326077119998,32,Fear,59.3,
2026-01-21,1.88802,1.98767,1.87056,1.94611,21412125.48603021,XRP,30.564350237009208,2.0280033614859887,2.0437632628762423,-0.010493316800868513,0.01383348437511313,2.3003068625645504,1.8669571374354492,24,Extreme Fear,59.3,
2026-01-22,1.94587,1.965,1.90001,1.92185,9893924.93497855,XRP,31.56076837827854,2.018352621057148,2.038909608009215,-0.017391547170427124,0.007588478065588229,2.3055104679507092,1.853338532049291,20,Extreme Fear,59.3,
2026-01-23,1.92185,1.96326,1.88315,1.91729,13475881.75348846,XRP,33.01134058461001,2.00916473370272,2.0340705315918175,-0.022961585905555415,0.0014784652710332286,2.310498829148786,1.838342170851213,24,Extreme Fear,59.3,
2026-01-24,1.91729,1.92484,1.90674,1.91152,3901570.7033645,XRP,32.970574047274496,2.0002876091661674,2.0291972071033104,-0.027524052867332838,-0.004322038356887779,2.3123038982321216,1.818634101767878,25,Extreme Fear,59.3,
2026-01-25,1.9115,1.91397,1.81,1.83356,16675791.81616324,XRP,29.464408883983992,1.9851300406667158,2.0214218074180157,-0.037002561389785305,-0.01085814296369066,2.269438902775408,1.8101200972245919,25,Extreme Fear,59.3,
2026-01-26,1.834,1.94577,1.83144,1.90195,16073437.21134858,XRP,38.079322638146145,1.9775679860660917,2.016676030373115,-0.03855256634792381,-0.01639702764068873,2.2210725322903606,1.8184364677096394,20,Extreme Fear,59.3,
2026-01-27,1.90195,1.9265,1.87175,1.91287,8942993.20376295,XRP,26.12971823498141,1.9716861864127435,2.0125546355713566,-0.03845665435306711,-0.020808952983260905,2.201978268312875,1.812475731687125,29,Fear,59.3,
2026-01-28,1.91308,1.93945,1.89201,1.90843,8680597.00274451,XRP,27.219683933622107,1.9659354777489766,2.008422604194426,-0.03829736831496233,-0.02430663604966239,2.1882900926789346,1.804855907321066,29,Fear,59.3,
2026-01-29,1.90834,1.91,1.77512,1.80463,30980477.67673466,XRP,25.077901488784008,1.951271004340996,2.000339179289282,-0.04601507637680391,-0.02864832411515147,2.186282133886163,1.7780108661138374,26,Fear,59.3,
2026-01-30,1.80472,1.80972,1.70988,1.73257,32367208.66102236,XRP,22.58472142446871,1.9313886769348318,1.989722895863366,-0.05728478366950451,-0.034375616026086214,2.190414236456718,1.7383327635432824,16,Extreme Fear,59.3,
2026-01-31,1.73296,1.75199,1.50041,1.64564,41485590.04858239,XRP,19.893032668401275,1.9054110280839691,1.9760868748433458,-0.07239506672886442,-0.04197950616670998,2.204112512120967,1.6820244878790334,20,Extreme Fear,59.3,
2026-02-01,1.64519,1.6781,1.55182,1.58837,26457983.74590972,XRP,20.307519773344353,1.8765886157469558,1.960728001325406,-0.08797649316297473,-0.05117890356602886,2.2197054700592354,1.6200935299407646,14,Extreme Fear,59.3,
2026-02-02,1.58932,1.6561,1.52962,1.61777,34391496.50414595,XRP,23.835143350505902,1.8530592790940241,1.9471475936045606,-0.09683653242580048,-0.06031042933803554,2.1981548214695814,1.5869901785304186,14,Extreme Fear,59.3,
2026-02-03,1.61815,1.63205,1.52589,1.57702,21576186.99505971,XRP,25.90180205328619,1.8279644388962886,1.93249692709703,-0.10592491891669109,-0.06943332725380849,2.1779487326595564,1.5510202673404438,17,Extreme Fear,59.3,
2026-02-04,1.57606,1.60966,1.49085,1.5087,28213858.80650549,XRP,16.601255287631886,1.7989400201820493,1.9157280361801403,-0.11728775020180615,-0.07900421184344315,2.1705010013866617,1.5015219986133386,14,Extreme Fear,59.3,
2026-02-05,1.5087,1.5116,1.13565,1.21169,97157377.4246344,XRP,11.71974384958709,1.7455530212702395,1.8878803201468413,-0.14854439596786229,-0.09291224866836781,2.2116459358695404,1.3748780641304594,12,Extreme Fear,59.3,
2026-02-06,1.21258,1.54353,1.11028,1.4681,83916742.45290732,XRP,30.957326844323106,1.7203297472674697,1.871281832873967,-0.15088784704751412,-0.10450736834422429,2.1858861924852784,1.3412278075147217,9,Extreme Fear,59.3,
2026-02-07,1.4685,1.48697,1.3848,1.42259,24126236.23365155,XRP,29.948243477119675,1.6932622320959794,1.8535459264445258,-0.15463446198100006,-0.1145327870715983,2.1693882603206944,1.3009037396793053,6,Extreme Fear,59.3,
2026-02-08,1.42347,1.46753,1.40881,1.43,14344635.93177407,XRP,32.432832442409136,1.6693290885556769,1.8368092159705551,-0.15521653747425046,-0.12266953715214096,2.145426949566433,1.2694190504335665,7,Extreme Fear,59.3,
2026-02-09,1.42993,1.46333,1.37138,1.43646,24656232.58586308,XRP,28.582208357489264,1.648158999851737,1.8209938842620599,-0.15338841835725914,-0.12881331339317198,2.1301767311779316,1.2395352688220682,14,Extreme Fear,59.3,
2026-02-10,1.4365,1.45233,1.39128,1.39925,16577295.02208637,XRP,26.925910618339955,1.6255307422474665,1.8043381803996577,-0.1531762188958199,-0.13368589449370624,2.102446932746739,1.2125790672532606,9,Extreme Fear,59.3,
2026-02-11,1.39913,1.4196,1.34176,1.36882,22948400.33891576,XRP,26.311491962035873,1.6021932457396808,1.7871432548047355,-0.15369166517406652,-0.13768704862978137,2.074364051305219,1.1853589486947809,11,Extreme Fear,59.3,
2026-02-12,1.36892,1.40696,1.34519,1.36229,17524715.80825029,XRP,28.768359412498796,1.580383726972618,1.7703738549232297,-0.15286489823833582,-0.14072261855149412,2.0403123854527636,1.1639106145472364,5,Extreme Fear,59.3,
2026-02-13,1.36243,1.427,1.34751,1.40663,18101648.11786047,XRP,33.92769088147696,1.564587846178984,1.7560201718871573,-0.1469381745878482,-0.14196572975876554,1.997850504469946,1.155883495530054,9,Extreme Fear,59.3,
2026-02-14,1.40671,1.51266,1.40465,1.50878,16813385.68932796,XRP,43.35114652157015,1.5595143800878315,1.746266228873671,-0.1324718914077716,-0.140066962088566,1.9646340495430437,1.1566219504569561,9,Extreme Fear,59.3,
2026-02-15,1.50849,1.67135,1.44371,1.47439,39205029.42378921,XRP,44.336791477859926,1.551775764679552,1.7355428881303823,-0.1223714907538318,-0.13652786782161805,1.911185230807459,1.167314769192541,8,Extreme Fear,59.3,
2026-02-16,1.47418,1.51643,1.44801,1.4869,18556086.88303892,XRP,43.38659632313555,1.5458779433636085,1.7257381355834112,-0.11206561247492242,-0.13163541675227772,1.8459987435986016,1.1899042564013986,12,Extreme Fear,59.3,
2026-02-17,1.48689,1.51199,1.42645,1.47305,20247561.92989452,XRP,44.59912937778562,1.5392571962093908,1.7157760321128204,-0.10381890181241293,-0.12607211376430363,1.7681097813688262,1.2242552186311741,10,Extreme Fear,59.3,
2026-02-18,1.47356,1.4932,1.41036,1.42111,13963099.43621741,XRP,45.37124134650955,1.5285165050939695,1.704161396347545,-0.10031789122480306,-0.12092126925640269,1.7084221709678133,1.2455908290321869,8,Extreme Fear,59.3,
2026-02-19,1.4212,1.43709,1.38167,1.40619,15124786.91596703,XRP,64.64476101557088,1.5173958789760067,1.6924188308173562,-0.09762186515943494,-0.11626138843700853,1.660030547124428,1.2613444528755722,9,Extreme Fear,59.3,
2026-02-20,1.40611,1.43879,1.378,1.4287,15277164.21468346,XRP,45.42030872233588,1.5093325943479254,1.6820281049610897,-0.09260147524813211,-0.11152940579923275,1.6294403266879058,1.2702406733120943,7,Extreme Fear,59.3,
2026-02-21,1.42843,1.46413,1.41931,1.43017,8474916.67739566,XRP,50.98156013674504,1.5021359762787445,1.6721065372279522,-0.08749556880527387,-0.10672263840044059,1.6093641371254677,1.2744968628745323,8,Extreme Fear,59.3,
2026-02-22,1.43001,1.43323,1.38,1.39246,8152942.30959963,XRP,45.492531578694596,1.4921654095753525,1.66109224468205,-0.08550623694118165,-0.1024793581085885,1.5773125756076087,1.284017424392391,9,Extreme Fear,59.3,
2026-02-23,1.39303,1.42443,1.33,1.35145,24316637.7331607,XRP,40.57476107058118,1.4793730723146241,1.648898609413528,-0.08624458307281047,-0.09923240310143272,1.5527339434898313,1.2860390565101685,5,Extreme Fear,59.3,
2026-02-24,1.35144,1.36675,1.3125,1.34837,18914516.12535656,XRP,43.89693887342865,1.4674636789995703,1.6370658082302132,-0.08608590376937109,-0.09660310323502028,1.5413444710156587,1.2813955289843417,8,Extreme Fear,59.3,
2026-02-25,1.34824,1.49365,1.34081,1.43371,39936298.00941914,XRP,56.87758346581878,1.4643951573150296,1.6290602820107862,-0.0781729366911259,-0.09291706992624127,1.5123900325618147,1.3325519674381854,11,Extreme Fear,59.3,
2026-02-26,1.43382,1.46947,1.38279,1.40265,28181102.1754124,XRP,54.06625292173773,1.4587819521956373,1.620148517534359,-0.07356013033460185,-0.08904568200791328,1.5068611131136038,1.3315358868863962,11,Extreme Fear,59.3,
2026-02-27,1.40265,1.42602,1.33864,1.35625,23943953.81558728,XRP,44.94521812417224,1.4494608520461798,1.6097626843083312,-0.07280917247247598,-0.08579838010082576,1.5079151858867743,1.3238478141132257,13,Extreme Fear,59.3,
2026-02-28,1.35627,1.39327,1.27024,1.3765,30940421.96504812,XRP,34.11776006147345,1.442828038525769,1.600583819194361,-0.0697757211831298,-0.08259384831728651,1.5066121291046306,1.3198008708953695,11,Extreme Fear,59.3,
2026-03-01,1.37684,1.43299,1.33718,1.35254,19346026.9978115,XRP,34.99421196522253,1.4346200251359813,1.590824627679164,-0.0685152286711801,-0.07977812438806518,1.505506450823203,1.3125145491767973,14,Extreme Fear,59.3,
2026-03-02,1.35287,1.42259,1.33369,1.38996,31200266.71072148,XRP,38.751972523902346,1.4305600184047833,1.5829227027294213,-0.06376183276043834,-0.07657486606253977,1.505328789335655,1.3117632106643446,10,Extreme Fear,59.3,
2026-03-03,1.39013,1.39494,1.33628,1.3609,22153800.53512518,XRP,37.43079371483648,1.4242272831543747,1.5741895102992842,-0.061629176659700136,-0.07358572818197182,1.5056791205096165,1.3106208794903835,14,Extreme Fear,59.3,
2026-03-04,1.36073,1.47391,1.3455,1.43095,30831358.6733987,XRP,51.0597966569016,1.4248384397843712,1.5685559000740399,-0.05366799855158755,-0.06960218225589493,1.5071286958958452,1.3160373041041549,10,Extreme Fear,59.3,
2026-03-05,1.4317,1.45231,1.3959,1.40423,15000103.08174029,XRP,49.79413494664315,1.4229649437170742,1.5620937008279099,-0.04895049276968377,-0.06547184435865268,1.507040911365877,1.315885088634123,22,Extreme Fear,59.3,
2026-03-06,1.40384,1.41458,1.34604,1.3633,17074752.25998004,XRP,43.38672491202523,1.4175408538675711,1.5542768963032965,-0.047961637357611275,-0.061969802958444384,1.4902523254981495,1.3181256745018508,18,Extreme Fear,59.3,
2026-03-07,1.3637,1.37499,1.348,1.35666,4740804.78101382,XRP,42.6435562316114,1.4120062270253193,1.5465071848504508,-0.04717000241589675,-0.059009842849934845,1.4801503225605654,1.316454677439435,12,Extreme Fear,59.3,
2026-03-08,1.35712,1.37155,1.32179,1.34033,8036264.22967902,XRP,44.549921589127024,1.4054902023587421,1.5384017297083774,-0.04731489134677469,-0.05667085254930281,1.465324123746123,1.316623876253877,12,Extreme Fear,59.3,
2026-03-09,1.34036,1.38437,1.33323,1.3632,11610127.56774563,XRP,51.276868574906,1.4016456363474592,1.5315146849453887,-0.045064834268627285,-0.05434964889316769,1.4498640629467345,1.321098937053265,8,Extreme Fear,59.3,
2026-03-10,1.36306,1.44232,1.36095,1.38665,18204936.94269129,XRP,53.98351648351647,1.4002823959830675,1.5258206986220528,-0.04091776836665795,-0.051663272787865734,1.4459329477131273,1.321584052286873,13,Extreme Fear,59.3,
2026-03-11,1.3867,1.411,1.37049,1.38454,15035972.88010473,XRP,43.81120201384519,1.398851268410859,1.5202680818441692,-0.037370660950689416,-0.04880475042043047,1.4439534478650462,1.3213985521349538,15,Extreme Fear,59.3,
2026-03-12,1.38454,1.39312,1.3659,1.3853,13821740.76621901,XRP,47.63591769995912,1.3976193343988303,1.5149640215710833,-0.03410508511169019,-0.04586481735868241,1.4378698350770607,1.3231421649229393,18,Extreme Fear,59.3,
2026-03-13,1.38457,1.4529,1.38376,1.39936,32983057.02452932,XRP,56.44182779952781,1.397777576786947,1.510421319049212,-0.030036334829008027,-0.042699120852747526,1.432221373103456,1.325709626896544,15,Extreme Fear,59.3,
2026-03-14,1.39907,1.40852,1.38551,1.4067,5007797.55818032,XRP,54.69381411252721,1.3985887064529812,1.5063458764274402,-0.025920749274191746,-0.03934344653703637,1.4340618150279936,1.3252931849720067,16,Extreme Fear,59.3,
2026-03-15,1.40681,1.46472,1.40265,1.44939,14757093.28975635,XRP,64.2246570513762,1.403207007331323,1.5041081239487961,-0.018995442269520435,-0.03527384568353318,1.4455011753350266,1.3236478246649734,15,Extreme Fear,59.3,
2026-03-16,1.44894,1.55311,1.43615,1.54327,32647861.99233003,XRP,69.31391569452494,1.415940010336703,1.5056466507220752,-0.005864193400801465,-0.029391915226986837,1.4856332786283075,1.3030057213716923,23,Extreme Fear,59.3,
2026-03-17,1.54317,1.60681,1.49516,1.51856,36926233.78069146,XRP,70.08202985682989,1.4252691027517896,1.5061539331095917,0.0025194907379681997,-0.023009634033995828,1.5043229952179193,1.2928010047820808,28,Fear,59.3,
2026-03-18,1.51847,1.54234,1.43661,1.46509,28008153.76882707,XRP,54.540376635812336,1.4288891851825665,1.5045409049395053,0.0047937963915325454,-0.017448947948890153,1.511559449947036,1.291808550052964,26,Fear,59.3,
2026-03-19,1.46532,1.48206,1.42228,1.44753,16486540.42071367,XRP,55.90239912758996,1.4305838050785797,1.5023016114230423,0.005120237199236488,-0.012935110919264824,1.5157597627136123,1.296736237286388,23,Extreme Fear,59.3,
2026-03-20,1.44754,1.46594,1.425,1.44483,13764186.84379511,XRP,62.4067930730134,1.4318789139628885,1.500044363539635,0.0051022614938287525,-0.009327636436646108,1.5195315029435605,1.2997974970564397,11,Extreme Fear,59.3,
2026-03-21,1.445,1.45226,1.40088,1.40901,8227687.76393991,XRP,57.31656184486377,1.429799921412185,1.4964691243587325,0.0021726060619062793,-0.007027587936935631,1.519025741195119,1.305950258804881,12,Extreme Fear,59.3,
2026-03-22,1.40828,1.42594,1.37132,1.38473,11400771.75266196,XRP,56.07054963084496,1.4257026551623082,1.4920809902502283,-0.0020843271488641957,-0.006038935779321344,1.5190224264500598,1.3054305735499403,10,Extreme Fear,59.3,
2026-03-23,1.38471,1.465,1.36133,1.43195,20321562.48570262,XRP,58.81297269580825,1.426270595686143,1.4897197028074234,-0.0016289511615938945,-0.0051569388557758545,1.5200839262398735,1.3114740737601267,8,Extreme Fear,59.3,
2026-03-24,1.4317,1.43436,1.3838,1.4155,15497738.70847488,XRP,53.765826915546285,1.4252914504920433,1.4868053204212703,-0.002565858826331757,-0.004638722849887035,1.5190668997231274,1.3109461002768728,11,Extreme Fear,59.3,
2026-03-25,1.41562,1.43722,1.402,1.4142,11049031.39284471,XRP,53.87976140644619,1.424283136687633,1.483954476114242,-0.003374366153134911,-0.004385851510536611,1.5194434835270625,1.3115665164729375,14,Extreme Fear,59.3,
2026-03-26,1.41412,1.41582,1.33582,1.36002,11779463.31229792,XRP,47.09865491438278,1.4184410327028651,1.4790884347749034,-0.008291399264094279,-0.005166961061248145,1.5196360520903895,1.3110459479096108,10,Extreme Fear,59.3,
2026-03-27,1.36016,1.37145,1.27031,1.3249,26914283.14273218,XRP,41.84839726747242,1.4099373015976504,1.4730348182845698,-0.014850876214618669,-0.007103744091922251,1.5226746085275153,1.3048313914724847,13,Extreme Fear,59.3,
2026-03-28,1.32466,1.357,1.31828,1.33262,6578764.58021916,XRP,41.89674031940492,1.4029084553520201,1.4675222205936806,-0.01920498735361731,-0.009523992744261264,1.523431844219333,1.3033031557806671,12,Extreme Fear,59.3,
2026-03-29,1.33262,1.34199,1.29367,1.32671,8214171.32425829,XRP,35.40635706128664,1.3959813224686566,1.4619942626344147,-0.022868919739980953,-0.012192978143405203,1.526221890472531,1.296864109527469,9,Extreme Fear,59.3,
2026-03-30,1.32679,1.36561,1.31574,1.32307,14049387.98468495,XRP,16.644449830344158,1.3893530199227124,1.4565406503785143,-0.025769277324323214,-0.014908237979588805,1.5293025377437224,1.2874254622562775,8,Extreme Fear,59.3,
2026-03-31,1.32367,1.3488,1.30372,1.3402,12231102.90509803,XRP,22.347286821705453,1.384884563257625,1.451973764787487,-0.026381476526338377,-0.017202885688938723,1.5305018092059268,1.2817921907940732,11,Extreme Fear,59.3,
2026-04-01,1.33987,1.3678,1.33108,1.34753,12482943.01539528,XRP,28.73064119264724,1.3814886936574482,1.4478740434528452,-0.025975747575368358,-0.01895745806622465,1.5310692498805762,1.2774477501194235,8,Extreme Fear,59.3,
2026-04-02,1.34748,1.35653,1.28012,1.32027,17783239.38544955,XRP,27.75641473816681,1.375923357552887,1.4428654002879047,-0.02753643283101259,-0.02067325301918224,1.5325731842856447,1.2680348157143548,12,Extreme Fear,59.3,
2026-04-03,1.31991,1.33549,1.30317,1.31824,10561252.64974396,XRP,27.82157749045166,1.3706794156851847,1.4379738480914142,-0.028607323475293045,-0.022260067110404406,1.5330740901897049,1.258687909810295,9,Extreme Fear,59.3,
2026-04-04,1.3179,1.32265,1.30664,1.31474,3515470.73549061,XRP,31.37471845734379,1.3655940140194749,1.433137080547785,-0.02939953286989372,-0.02368796026230227,1.5284840296473816,1.2498129703526182,11,Extreme Fear,59.3,
2026-04-05,1.31538,1.33128,1.2786,1.32576,8970811.71993865,XRP,37.70484967265752,1.3619727398624788,1.4289228095165727,-0.028806084866953796,-0.02471158518323258,1.4997702270162696,1.2567757729837306,12,Extreme Fear,59.3,
2026-04-06,1.32605,1.35665,1.312,1.32109,14114289.46770037,XRP,21.900030416708887,1.3582561270028788,1.424690786514417,-0.028385393463305375,-0.025446346839247146,1.4727846369688784,1.2640143630311216,13,Extreme Fear,59.3,
2026-04-07,1.32106,1.39634,1.29401,1.379,16774860.68486082,XRP,42.355060321715804,1.3601419337057863,1.4228976535220574,-0.023112714617751662,-0.02497962039494805,1.4582951936527846,1.2698948063472155,11,Extreme Fear,59.3,
2026-04-08,1.37829,1.38909,1.33932,1.34295,15384074.46113807,XRP,36.972976926171064,1.3585790305912906,1.4197602030650283,-0.021594086772265042,-0.024302513670411453,1.4448143642783091,1.2729176357216907,17,Extreme Fear,59.3,
2026-04-09,1.34293,1.36939,1.32227,1.34377,18751731.4653373,XRP,46.30866384989319,1.357232755043576,1.416778141902609,-0.02009277909814755,-0.023460566755958676,1.4297856405325329,1.2778403594674674,14,Extreme Fear,59.3,
2026-04-10,1.34384,1.36609,1.33515,1.3569,10182476.77764536,XRP,58.07591358772464,1.3572025045842642,1.4144284250995576,-0.017640156673001783,-0.0222964847393673,1.4226487503206673,1.279766249679333,16,Extreme Fear,59.3,
2026-04-11,1.3569,1.3754,1.3407,1.35505,10158202.2706213,XRP,55.83355006501957,1.3570068223445964,1.4120983784916528,-0.01566513721590357,-0.020970215234674554,1.4194451418187823,1.2800018581812178,15,Extreme Fear,59.3,
2026-04-12,1.35503,1.35906,1.32,1.32472,8975736.51826307,XRP,49.54077629574926,1.3540716566123423,1.4086696816804882,-0.01635872291839413,-0.02004791677141847,1.4030840462859726,1.285639953714027,16,Extreme Fear,59.3,
2026-04-13,1.32497,1.38369,1.32,1.37634,14280828.63550539,XRP,60.064235783109766,1.356096051506247,1.4074011067499386,-0.012597873869243381,-0.018557908190983453,1.393217645245838,1.2915903547541623,12,Extreme Fear,59.3,
2026-04-14,1.37635,1.39647,1.35274,1.36221,16505179.08313286,XRP,54.206000382189934,1.356651865015783,1.4056279069417088,-0.0106349531065133,-0.01697331717408942,1.3791868099348108,1.3004221900651893,21,Extreme Fear,59.3,
2026-04-15,1.36223,1.40863,1.35103,1.392,15454613.47644564,XRP,57.82619407975785,1.3598653318856366,1.4050931896214167,-0.006599447069309816,-0.014898543153133501,1.3864336836901636,1.2963733163098363,23,Extreme Fear,59.3,
2026-04-16,1.39265,1.46643,1.38717,1.45337,21998825.96931881,XRP,70.91320470115015,1.3683657563873792,1.406987383515995,0.0015330918911160563,-0.01161221614428359,1.4144296116447892,1.2812243883552106,23,Extreme Fear,59.3,
2026-04-17,1.45327,1.51,1.42302,1.47712,30304557.49235442,XRP,73.36882979349296,1.3782525059417425,1.4097390578859565,0.009781854166185822,-0.0073334020821897074,1.4427260097358943,1.267377990264106,21,Extreme Fear,59.3,
2026-04-18,1.47584,1.48286,1.4246,1.43282,15477843.87116444,XRP,65.50664495456218,1.3832131872813598,1.4106446278511935,0.01259918371318447,-0.003346884923114871,1.4534828859618203,1.26723211403818,26,Fear,59.3,
2026-04-19,1.43266,1.44738,1.39178,1.39467,11439722.40216677,XRP,58.447544560766914,1.3842547157220835,1.4100178826128698,0.011619608965238948,-0.0003535861454441064,1.456530855650057,1.2713441443499431,27,Fear,59.3,
2026-04-20,1.39485,1.437,1.39409,1.425,12807756.69158765,XRP,61.98417641224367,1.3879588325126313,1.4106056772584594,0.013139205055903824,0.0023449720948254807,1.4639072436867315,1.2724477563132686,29,Fear,59.3,
2026-04-21,1.42482,1.44916,1.41167,1.43391,12510004.54115123,XRP,57.1398850544821,1.3921362114140885,1.4115199617672696,0.014890806265217327,0.004854138928903851,1.4720230003113342,1.2729699996886659,33,Fear,59.3,
2026-04-22,1.43429,1.4625,1.42726,1.42958,16555020.13093077,XRP,62.27714633938948,1.3955401922234936,1.4122284885670875,0.015748034576255288,0.007032918058374139,1.4774181263970507,1.2785058736029495,32,Fear,59.3,
2026-04-23,1.42958,1.44138,1.41,1.43914,10097728.62265302,XRP,63.18904715806944,1.399503811142825,1.4132842571456747,0.01700280829096168,0.009026896104891649,1.4828741783333084,1.2851398216666916,46,Fear,59.3,
2026-04-24,1.4392,1.45051,1.42417,1.43387,19391016.02557154,XRP,60.88099748367214,1.4026280101517379,1.414091846315256,0.017371730143614705,0.01069586291263626,1.485559930956339,1.2943670690436608,39,Fear,59.3,
2026-04-25,1.43341,1.4382,1.41927,1.42428,4511164.0027452,XRP,59.57723487258942,1.4045963728777577,1.4144915268453737,0.016697788964624705,0.011896248123033951,1.48663163506523,1.3031473649347702,31,Fear,59.3,
2026-04-26,1.42434,1.43647,1.41682,1.4309,5492977.98587462,XRP,65.72012317896485,1.4069876117209033,1.4151352208901686,0.01650757523171209,0.012818513544769582,1.4864967139471985,1.3142632860528014,33,Fear,59.3,
2026-04-27,1.43118,1.44717,1.38356,1.40065,15928951.1150755,XRP,53.84226331594753,1.4064114651977873,1.4145669825926814,0.013757321907273745,0.013006275217270418,1.4869899069647634,1.3159350930352367,47,Neutral,59.3,
2026-04-28,1.4007,1.4007,1.36801,1.38028,9070995.6328765,XRP,52.80076877770546,1.4040358774411617,1.413221961992437,0.00982082945613727,0.01236918606504379,1.4850232458581187,1.3216347541418814,33,Fear,59.3,
2026-04-29,1.38015,1.40618,1.346,1.36862,13539090.48787439,XRP,46.16041516126914,1.4008162522052263,1.41147232421511,0.005694622370936875,0.01103427332622241,1.4831480810230635,1.3259949189769362,26,Fear,59.3,
2026-04-30,1.36862,1.384,1.35833,1.36746,9010629.30051613,XRP,32.41351074718523,1.397783865629118,1.4097458375932022,0.0023044074670142134,0.009288300154380771,1.4824598209799196,1.3277391790200803,29,Fear,59.3,
2026-05-01,1.36744,1.40035,1.36447,1.38549,8822888.92035935,XRP,30.792772397602036,1.3966662414769968,1.4087943565790184,0.0010602855349624019,0.0076426972304970975,1.4809751242772926,1.3322678757227073,26,Fear,59.3,
2026-05-02,1.38574,1.4,1.38147,1.39359,4554407.04045951,XRP,40.30544160529833,1.3963865831599918,1.4081979436735168,0.0007196168666383507,0.006258081157725348,1.4741126833880762,1.3460173166119236,39,Fear,59.3,
2026-05-03,1.39361,1.40404,1.3815,1.38763,5000587.22602281,XRP,47.9311155518984,1.3955905301430809,1.407391144979472,-3.093108488450014e-05,0.005000278709203379,1.4736158522310925,1.3476431477689075,47,Neutral,59.3,
2026-05-04,1.38764,1.4199,1.38314,1.39166,11667000.32546842,XRP,38.410734149054505,1.395233209220017,1.4067740810572247,-0.00029713329189307025,0.003940796308984089,1.4716027501413151,1.3526012498586848,40,Fear,59.3,
2026-05-05,1.39168,1.42157,1.39044,1.41284,7872664.74327924,XRP,43.25155339183915,1.3968338265675837,1.4070120181276602,0.0011872623345339228,0.0033900895140940557,1.4718876007355628,1.3544003992644376,50,Neutral,59.3,
2026-05-06,1.4126,1.45706,1.40777,1.42468,19194666.29116932,XRP,48.502628040581804,1.399365296885275,1.4077050421794826,0.003281221638007592,0.003368315938876763,1.4676514678540113,1.355767532145989,46,Fear,59.3,
2026-05-07,1.42439,1.42552,1.38,1.38663,8945725.23794251,XRP,36.333350684503706,1.3982075426206269,1.4068783842569232,0.0018490678367055757,0.0030644663184425255,1.4548817806483982,1.3594882193516016,47,Neutral,59.3,
2026-05-08,1.3869,1.42647,1.37739,1.41793,8658968.98990374,XRP,46.346383056752536,1.400000493294788,1.4073118745030033,0.0032028039093279226,0.003092133836619605,1.452901315170708,1.359979684829292,38,Fear,59.3,
2026-05-09,1.41793,1.43482,1.41145,1.42018,6742174.55836378,XRP,49.027514231499055,1.4018349939074308,1.4078166115296673,0.004406411313896852,0.0033549893320750546,1.4542168796296016,1.3612151203703988,38,Fear,59.3,
2026-05-10,1.42018,1.50745,1.41147,1.4729,23111831.07925221,XRP,58.174386920980915,1.4082954490166095,1.4103694098240467,0.009504776802034431,0.0045849468260669305,1.4646069154047376,1.3556150845952626,47,Neutral,59.3,
2026-05-11,1.47351,1.48767,1.44,1.47747,15962942.31227385,XRP,66.61188478505318,1.4145840445692741,1.4130013092645228,0.013755464528728334,0.006419050366599213,1.4738178406146192,1.3507601593853806,48,Neutral,59.3,
2026-05-12,1.47737,1.4845,1.41853,1.43667,12854694.7666071,XRP,61.20405324855946,1.416591858701871,1.4139296639344892,0.01367431733319635,0.007870103759918642,1.474671477821644,1.3506155221783558,49,Neutral,59.3,
2026-05-13,1.43679,1.46895,1.41092,1.42664,12444345.37031632,XRP,61.603071754259624,1.4175053260936568,1.4144281965684173,0.012654793877763693,0.008827041783487652,1.4731680279579855,1.3508689720420142,42,Fear,59.3,
2026-05-14,1.42664,1.5496,1.42067,1.48508,37053747.77838,XRP,69.13765050439306,1.4236484782733607,1.4171993259380442,0.016373687863922015,0.010336370999574527,1.4833897690165017,1.3457682309834984,34,Fear,59.3,
2026-05-15,1.48509,1.49997,1.42727,1.43352,17435307.37449315,XRP,57.046034680045736,1.4245458893402687,1.4178394567755261,0.014987708271078759,0.011266638453875374,1.484248943535636,1.345833056464364,43,Fear,59.3,
2026-05-16,1.43351,1.43856,1.39586,1.41334,10263468.10419167,XRP,52.79816383780567,1.42352717212664,1.4176629798360225,0.012121226230606519,0.011437556009221604,1.4829681867996671,1.345357813200333,31,Fear,59.3,
2026-05-17,1.4131,1.42809,1.37208,1.4012,11400394.19885609,XRP,51.88949845442648,1.4214974292044475,1.4170172755687993,0.008768840327587846,0.010903812872894854,1.4829733823488902,1.3454076176511096,27,Fear,59.3,
2026-05-18,1.40091,1.40183,1.36306,1.38937,13450325.82261704,XRP,49.68791735942654,1.4185767538201468,1.4159329118282469,0.005098693684360445,0.009742789035187972,1.4825995623735386,1.3466904376264612,28,Fear,59.3,
2026-05-19,1.38937,1.39668,1.35208,1.36043,13976646.67985612,XRP,43.00547177365541,1.4132906852876232,1.4137560245080079,-0.00014348600987190707,0.007765534026175996,1.4834449743971267,1.3450260256028732,25,Extreme Fear,59.3,
2026-05-20,1.36037,1.37987,1.34649,1.36589,9400074.71751492,XRP,42.018084557525754,1.4089815320771235,1.4118786748265026,-0.003813416141647208,0.005449743992611355,1.483593052549774,1.3447209474502262,27,Fear,59.3,
2026-05-21,1.36567,1.38461,1.35047,1.37232,9110998.09218223,XRP,47.87464725976533,1.4056486655228762,1.4103271551961836,-0.006132325334371469,0.00313333012721479,1.4843153146180152,1.3426816853819847,29,Fear,59.3,
2026-05-22,1.3723,1.37465,1.32844,1.33246,13395273.86056006,XRP,37.62057877813507,1.398995150472108,1.407273164826676,-0.011058965491191675,0.00029487100353349656,1.48965576424793,1.3312282357520704,28,Fear,59.3,
2026-05-23,1.33323,1.37413,1.30001,1.35674,10953926.88925531,XRP,41.362596667029756,1.3951537731547647,1.4052912373727284,-0.012855974602739018,-0.0023352981177210074,1.491131063355336,1.3266639366446638,28,Fear,59.3,
2026-05-24,1.35665,1.36907,1.33121,1.34911,6984445.28980858,XRP,30.786900512183763,1.3909679755935593,1.403087800878168,-0.014726041844266069,-0.004813446863030021,1.4929864883486261,1.320553511651374,25,Extreme Fear,59.3,
2026-05-25,1.34904,1.36439,1.342,1.34903,4620454.39016553,XRP,29.783416231190586,1.387155432356389,1.4009676553404748,-0.016029757866004468,-0.0070567090636249104,1.4934935765222723,1.3136654234777276,30,Fear,59.3,
2026-05-26,1.34903,1.36387,1.32551,1.32722,12421641.08709133,XRP,31.677101818060095,1.3817067566858179,1.398075286626641,-0.01860834151735813,-0.009367035554371557,1.494196582213095,1.3032164177869048,34,Fear,59.3,
2026-05-27,1.32727,1.34091,1.3018,1.30569,11080054.77357376,XRP,30.502627591320916,1.3747961424395672,1.3944519685609322,-0.022134031335445226,-0.011920434710586292,1.4987756833773391,1.2905433166226608,25,Extreme Fear,59.3,
2026-05-28,1.30579,1.33611,1.26584,1.31354,21889244.79452471,XRP,16.958163186686164,1.3692274022162605,1.3912786425065333,-0.024017873438109127,-0.014339922456090861,1.4989699495692514,1.2799100504307486,22,Extreme Fear,59.3,
2026-05-29,1.31355,1.33129,1.29259,1.32794,19004446.93139501,XRP,26.265623595000434,1.3654740020138463,1.3887945427647452,-0.02407139221504817,-0.016286216407882324,1.4966518636804877,1.2730041363195121,23,Extreme Fear,59.3,
2026-05-30,1.32794,1.36426,1.32645,1.33878,12293444.69112423,XRP,32.504223765721804,1.363047274557492,1.3868330125844832,-0.022974275688416368,-0.017623828263989134,1.4836144000455946,1.272629599954405,23,Extreme Fear,59.3,
2026-05-31,1.33879,1.34606,1.319,1.33089,5883909.45267856,XRP,33.16573289278361,1.3601238859607538,1.384638980282986,-0.022482298050727323,-0.01859552222133677,1.467199619798975,1.274386380201025,28,Fear,59.3,
2026-06-01,1.33121,1.33911,1.278,1.29573,14601279.61596487,XRP,29.83287388008273,1.3542698963268611,1.3811520655148422,-0.024645423248698117,-0.019805502426809042,1.460481225478792,1.2670107745212082,29,Fear,59.3,
2026-06-02,1.29559,1.29559,1.19248,1.21015,29752872.00052456,XRP,23.981994459833828,1.341168087567642,1.3744455697969515,-0.03288621443777018,-0.02242164482900127,1.4669314471699555,1.2389115528300447,23,Extreme Fear,59.3,
2026-06-03,1.2105,1.247,1.18603,1.19959,23325410.40431386,XRP,21.708063967335846,1.3282973523322268,1.3675879656164531,-0.03981029624798649,-0.025899375112798315,1.4544610306199262,1.2228329693800741,11,Extreme Fear,59.3,
2026-06-04,1.19947,1.21054,1.14,1.1677,34264430.05664759,XRP,17.964053106212447,1.3136975930272417,1.359748647428436,-0.04732539967560556,-0.03018458002535977,1.4554573395133588,1.1952546604866412,12,Extreme Fear,59.3,
2026-06-05,1.1676,1.17316,1.06971,1.09744,40440543.93947149,XRP,16.40267612076856,1.294037811840431,1.349461309544553,-0.058278766697182904,-0.0358034173597244,1.4682497595130861,1.1508722404869138,12,Extreme Fear,59.3,
2026-06-06,1.09744,1.11379,1.05001,1.09292,21649250.55920964,XRP,10.027272727272745,1.2757543743982644,1.3394001854776592,-0.06655688881212396,-0.041954111650204316,1.4738537025783731,1.1144402974216268,12,Extreme Fear,59.3,
2026-06-07,1.0932,1.17118,1.08807,1.15493,23762974.84026855,XRP,24.74114157864615,1.2647703403608967,1.3321655903846261,-0.06733744733053681,-0.04703077878627082,1.466510059115309,1.0983399408846908,12,Extreme Fear,59.3,
2026-06-08,1.15526,1.18637,1.13151,1.16764,22174852.79351578,XRP,27.155487267323267,1.255940309418148,1.3257132035555073,-0.06616771458290915,-0.05085816594559849,1.4598386220325352,1.0857323779674646,8,Extreme Fear,59.3,
2026-06-09,1.16782,1.176,1.11791,1.1366,20981243.62721478,XRP,26.538499409216243,1.2450911903791861,1.3182965545535534,-0.06697333461055344,-0.05408119967858949,1.452410112295568,1.070231887704432,10,Extreme Fear,59.3,
2026-06-10,1.13714,1.14042,1.08797,1.0964,19689703.4866296,XRP,25.372431809089008,1.2315738094345496,1.3095942272865853,-0.07004812709360064,-0.057274585161591715,1.4446186448013136,1.0504313551986864,9,Extreme Fear,59.3,
2026-06-11,1.09614,1.14868,1.09563,1.14064,14976805.57205255,XRP,31.259484066767868,1.223307099485357,1.3029682043708952,-0.06812976649978131,-0.05944562142922964,1.4362897417104117,1.039578258289588,12,Extreme Fear,59.3,
2026-06-12,1.14145,1.15652,1.125,1.13171,18135897.12229342,XRP,28.47552815742715,1.2149800904406867,1.29625183899574,-0.06656273450291406,-0.060869044043966536,1.4221713602426276,1.0311936397573727,12,Extreme Fear,59.3,
2026-06-13,1.13199,1.16,1.12873,1.14979,7769918.60212773,XRP,29.59379791392233,1.2090537185820887,1.290507943833554,-0.06313417400509125,-0.06132207003619148,1.4061550274297474,1.0272779725702526,13,Extreme Fear,59.3,
2026-06-14,1.15021,1.18686,1.12651,1.18537,13036723.07084965,XRP,35.17401581220966,1.2069006532563273,1.2863846846940823,-0.05689021153128748,-0.06043569833521068,1.387771389823652,1.0292956101763484,18,Extreme Fear,59.3,
2026-06-15,1.1853,1.29338,1.1776,1.2374,41762837.79451559,XRP,44.25467367964856,1.2096733211422526,1.284463626012083,-0.047199355348812366,-0.057788429737931024,1.3750721732488067,1.0330128267511935,20,Extreme Fear,59.3,
2026-06-16,1.23717,1.25528,1.20394,1.21594,19793140.80808845,XRP,50.65274740141147,1.2102430192202551,1.281776303150335,-0.04078082864220822,-0.05438690951878646,1.3639355222807064,1.0351744777192935,23,Extreme Fear,59.3,
2026-06-17,1.21699,1.22619,1.17069,1.18587,23714560.15310871,XRP,48.51842253034427,1.2080272902001417,1.2780151078112871,-0.03768607604366614,-0.0510467428237624,1.3485855541332092,1.0377574458667909,22,Extreme Fear,59.3,
2026-06-18,1.18546,1.19118,1.13203,1.14534,16472054.31354757,XRP,47.62964847559684,1.2023284456362813,1.2728119446383344,-0.038065103756481866,-0.048450415010306294,1.3270817408268543,1.0410012591731457,15,Extreme Fear,59.3,
2026-06-19,1.14492,1.15183,1.11819,1.13531,12772925.88127502,XRP,54.6022409644411,1.1962358596691414,1.2674194946750525,-0.038728386391813086,-0.046506009286607655,1.2983020269253445,1.0494339730746558,14,Extreme Fear,59.3,
2026-06-20,1.135,1.1542,1.13339,1.14892,8366583.4560977,XRP,56.65842290497479,1.191934417880906,1.262772276123444,-0.03772100513885479,-0.044749008457057086,1.2651467030053305,1.0643922969946695,23,Extreme Fear,59.3,
2026-06-21,1.14898,1.152,1.12,1.12362,6574528.6595116,XRP,45.92115890675075,1.185724016255196,1.257315121550175,-0.03852011093045027,-0.04350322895173573,1.2368460333225944,1.0754819666774056,23,Extreme Fear,59.3,
2026-06-22,1.12365,1.1625,1.12044,1.12844,16004841.88790653,XRP,44.78612470738456,1.1805163784136827,1.2522610149646543,-0.038322713919745954,-0.04246712594533778,1.22945775827762,1.07469924172238,20,Extreme Fear,59.3,
2026-06-23,1.12835,1.1325,1.09104,1.10903,16489507.74494902,XRP,46.215926871448566,1.174017616739562,1.2466439199443464,-0.0392797081220877,-0.041829642380687766,1.2238140812858411,1.0712869187141587,23,Extreme Fear,59.3,
2026-06-24,1.10866,1.11241,1.045,1.07173,28543034.25582039,XRP,46.58678989457374,1.1647187424903163,1.2397843247047278,-0.04255735647189596,-0.041975185198929406,1.2254803054978296,1.0600236945021704,17,Extreme Fear,59.3,
2026-06-25,1.07198,1.08799,1.01061,1.04156,32928981.82710831,XRP,35.73649660255671,1.1535224931728019,1.2320105758858357,-0.047047054102949515,-0.04298955897973343,1.2323409379554424,1.0475750620445576,12,Extreme Fear,59.3,
2026-06-26,1.04206,1.0542,1.00798,1.04761,33795226.60064286,XRP,37.79177795842525,1.1438940847023806,1.2247789609820938,-0.04954585362534347,-0.04430081790885544,1.2369023405296105,1.0384826594703895,13,Extreme Fear,59.3,
2026-06-27,1.0476,1.07589,1.04237,1.04607,14842744.88323053,XRP,34.18420250076241,1.1350009860929335,1.2177705617988517,-0.05106182642878765,-0.04565301961284189,1.2391260547576184,1.0253729452423814,15,Extreme Fear,59.3,
2026-06-28,1.04592,1.05725,1.03263,1.04696,7726743.60484693,XRP,26.397462569489377,1.1269972600843705,1.2110719204747369,-0.05159665610174913,-0.046841746910623344,1.2381844510487778,1.0142465489512222,18,Extreme Fear,59.3,
2026-06-29,1.04696,1.07522,1.0309,1.05745,22597356.46897296,XRP,14.248817896451627,1.1206747818948002,1.2050473690546752,-0.05059087700216458,-0.0475915729289316,1.2382058907641182,1.0063101092358817,12,Extreme Fear,59.3,
2026-06-30,1.05732,1.05744,1.02603,1.03854,19442100.21725857,XRP,14.394669235709642,1.1132079835406392,1.1985174992076064,-0.050734829249535096,-0.0482202241930523,1.240787504547315,0.9979424954526851,15,Extreme Fear,59.3,
2026-07-01,1.03854,1.07215,1.02085,1.05162,22490259.25227795,XRP,21.083013828458135,1.1076090759459756,1.1927566696300558,-0.04922601885482791,-0.04842138312540743,1.2395370512428143,0.9902909487571859,11,Extreme Fear,59.3,
2026-07-02,1.05199,1.11128,1.04399,1.08698,28090722.9121187,XRP,37.143108917870975,1.105733705405414,1.1886084657754803,-0.04466218143940548,-0.04766954278820705,1.2376364089303726,0.9877185910696274,19,Extreme Fear,59.3,
2026-07-03,1.08709,1.14399,1.0817,1.13427,25030592.34878148,XRP,49.8031943077738,1.1083279140049447,1.1864774966056608,-0.03680513296775656,-0.045496660824116957,1.2360803330594892,0.9877226669405105,21,Extreme Fear,59.3,
2026-07-04,1.13369,1.18315,1.13054,1.15626,27295172.60904368,XRP,51.34629493763759,1.1126853763681668,1.1852924705888657,-0.02847570601351257,-0.042092469861996086,1.2316457079031382,0.9892462920968618,22,Extreme Fear,59.3,
2026-07-05,1.15627,1.16832,1.12413,1.15617,19761527.61648438,XRP,56.578681434172736,1.1166385239710896,1.1841503887047775,-0.02163247172159566,-0.038000470233916006,1.214398099626284,0.9983709003737161,23,Extreme Fear,59.3,
2026-07-06,1.15618,1.16337,1.10852,1.1438,21165038.75641709,XRP,53.01247352318189,1.1191077490646435,1.1825679882865547,-0.017011220104905078,-0.03380262020811382,1.1996281796162112,1.0059268203837888,24,Extreme Fear,59.3,
2026-07-07,1.1444,1.15078,1.1072,1.11123,12775109.38804482,XRP,50.41029466616934,1.1183915900587624,1.1797703653653004,-0.015794897951781683,-0.030201075756847395,1.1878312052210305,1.0102597947789693,27,Fear,59.3,
2026-07-08,1.11159,1.11524,1.06835,1.08991,17461113.09703145,XRP,53.60542598762491,1.1158023545988607,1.1762463632039526,-0.01636268090229498,-0.02743339678593691,1.1823956205876807,1.0101523794123193,20,Extreme Fear,59.3,
2026-07-09,1.08991,1.10209,1.08207,1.09259,8875780.37939572,XRP,61.35867871611092,1.1136921405444082,1.1729656622392033,-0.016407266622595174,-0.025228170753268563,1.1782794184511067,1.0099965815488934,22,Extreme Fear,59.3,
2026-07-10,1.09238,1.11717,1.0885,1.10386,9607842.10788768,XRP,62.23624102675661,1.1127983095858214,1.1702555892278086,-0.015356189718859437,-0.02325377454638674,1.172175100982664,1.011594899017336,23,Extreme Fear,59.3,
2026-07-11,1.10395,1.11848,1.0959,1.09638,6716056.91460102,XRP,60.6683913651978,1.1113057359871041,1.1673584589812365,-0.014954392261504745,-0.021593898089410344,1.1694591773107743,1.011586822689226,26,Fear,59.3,
2026-07-12,1.09589,1.1031,1.08,1.08544,7521102.69886157,XRP,57.82622844126261,1.108954305442813,1.1641459189185375,-0.01534187981138313,-0.020343494433804902,1.1652769844564645,1.0114690155435355,26,Fear,59.3,
2026-07-13,1.08544,1.10172,1.0525,1.06617,12189268.1835643,XRP,51.71235566726888,1.1050648231298166,1.1603036668688873,-0.01700783866234845,-0.019676363279513612,1.1630989534208513,1.0093610465791487,28,Fear,59.3,
2026-07-14,1.06632,1.1206,1.06001,1.11084,15176243.69484303,XRP,62.893216349240305,1.1055898392089256,1.158363886535431,-0.01455583675337735,-0.018652257974286362,1.165489947335918,1.0108810526640821,22,Extreme Fear,59.3,
2026-07-15,1.11114,1.12901,1.09822,1.11252,12968345.11456929,XRP,61.32054427838499,1.1062198538262977,1.1565660615144115,-0.01233485706118298,-0.017388777791665685,1.166499602726162,1.0169673972738378,25,Extreme Fear,59.3,
2026-07-16,1.11317,1.11702,1.08459,1.08638,8501896.77920736,XRP,49.88450877733289,1.1044162307511751,1.1538136293640986,-0.012539447249513946,-0.016418911683235338,1.165576877398554,1.021767122601446,25,Extreme Fear,59.3,
2026-07-17,1.08623,1.0949,1.069,1.08818,7478044.73048593,XRP,39.24487795771692,1.1029402097737921,1.151239727780573,-0.012413249280307959,-0.015617779202649862,1.1641949926463755,1.0273600073536246,27,Fear,59.3,
2026-07-18,1.08829,1.0971,1.08144,1.09205,7852828.91078182,XRP,33.6324241651797,1.1019501907034452,1.148918532729149,-0.01186419674863326,-0.014867062711846542,1.1625359675973987,1.033528032402601,25,Extreme Fear,59.3,
2026-07-19,1.09235,1.1006,1.0883,1.09699,4536246.34727859,XRP,35.278606965174134,1.1014992642758583,1.1468820950204435,-0.010904748790905971,-0.01407459992765843,1.161635438584818,1.038382561415182,28,Fear,59.3,
2026-07-20,1.09604,1.11966,1.08174,1.1116,10717003.65822079,XRP,42.0783310371974,1.1024175129780545,1.145498467352865,-0.008863303823904545,-0.013032340706907652,1.1582005625427296,1.0491234374572702,29,Fear,59.3,
2026-07-21,1.1109,1.16424,1.11064,1.14289,17463412.10584648,XRP,57.83818577936225,1.1060968299800553,1.145396173372007,-0.004666806442200411,-0.011359233853966203,1.159611789170882,1.0568392108291182,25,Extreme Fear,59.3,
2026-07-22,1.14261,1.1567,1.12833,1.14164,10172863.8385829,XRP,64.22013304744627,1.1093280272546007,1.1452488708734134,-0.0014254844885157603,-0.009372483980876116,1.1633906870912751,1.0585263129087248,33,Fear,59.3,
2026-07-23,1.14181,1.14459,1.10018,1.10721,11233144.15241888,XRP,53.421643886912584,1.109135479322364,1.143757135053896,-0.001616295099787557,-0.007821246204658404,1.1608888217888704,1.0583221782111296,31,Fear,59.3,
2026-07-24,1.1073,1.12088,1.08425,1.09103,10560852.65772864,XRP,47.064744909631635,1.1074895266566926,1.1416893837672435,-0.0030380835260004346,-0.006864613668926809,1.1532438033439465,1.059444196656053,28,Fear,59.3,
2026-07-25,1.09101,1.10725,1.0848,1.09685,4471535.90898022,XRP,50.10834985476514,1.1065222969606285,1.139930959810877,-0.0036531247884969975,-0.006222315892840847,1.1441072020418281,1.0626487979581714,27,Fear,59.3,
2026-07-26,1.09669,1.11562,1.09455,1.11194,4682223.26133815,XRP,55.99439015562794,1.1070148154187538,1.1388332650663986,-0.0028896029882443663,-0.005555773311921552,1.1381117026625391,1.065458297337461,26,Fear,59.3,
2026-07-27,1.11224,1.11353,1.062,1.06522,14093163.65061959,XRP,49.80884542637531,1.1032152867443181,1.1359464449740466,-0.0059854237653085285,-0.005641703402598948,1.1389818270117031,1.0599871729882968,30,Fear,59.3,
2026-07-28,1.06528,1.06924,1.04429,1.0678,11306923.51326004,XRP,39.57364341085272,1.0999957152221047,1.133274012789992,-0.0081369024508946,-0.006140743212258079,1.1401754450265678,1.0565825549734322,29,Fear,59.3,
2026-07-29,1.06797,1.0923,1.06141,1.07243,13088435.15559346,XRP,40.425125388106046,1.0974897411110025,1.1308879537053498,-0.00936046093736187,-0.006784686757278838,1.1406995980194676,1.0540424019805326,29,Fear,59.3,
2026-07-30,1.07243,1.09408,1.06736,1.08201,5234782.56773259,XRP,48.86664246070855,1.0960824919190921,1.128971156258795,-0.009448200937546503,-0.007317389593332371,1.1400181056947547,1.0525388943052452,28,Fear,59.3,
2026-07-31,1.08223,1.08893,1.05639,1.06081,11050177.87352133,XRP,43.55059145105803,1.0928759017446272,1.1262981497106532,-0.011100439388325833,-0.008073999552331065,1.1410260995233745,1.047973900476625,25,Extreme Fear,59.3,
2026-08-01,1.06093,1.06662,1.04631,1.05952,5055327.94701051,XRP,42.24035112828587,1.0898435470405687,1.1236793798892841,-0.012371333452158462,-0.008933466332296544,1.14217261439541,1.04423538560459,27,Fear,59.3,
2026-08-02,1.0599,1.09178,1.05987,1.08569,6296813.88395926,XRP,47.55241725870736,1.0894659518550622,1.1221895899814829,-0.01113842899011952,-0.00937445886386114,1.1416346125539811,1.0467253874460192,27,Fear,59.3,
2026-08-03,1.0857,1.08649,1.0611,1.07483,7036372.00267017,XRP,41.904090889074816,1.0881354107773287,1.1203323388165527,-0.01091186932330368,-0.009681940955749648,1.1399051099273252,1.044853890072675,28,Fear,59.3,
2026-08-04,1.07424,1.0823,1.06862,1.07311,7505036.52796245,XRP,32.33596597812878,1.0867694643430255,1.1184804705686209,-0.010747221500874371,-0.009894997064774593,1.1376859301258255,1.0431320698741744,25,Extreme Fear,59.3,
2026-08-05,1.0731,1.07595,1.05388,1.06121,9095896.77137118,XRP,30.681654417062944,1.0844458766754768,1.1162345559846987,-0.011445036209702941,-0.010205004893760264,1.1381863320008638,1.040114667999136,27,Fear,59.3,
2026-08-06,1.06121,1.06252,1.02865,1.0343,23316439.0366119,XRP,31.831547470720125,1.079887160614068,1.1130214172044905,-0.014007996038840842,-0.01096560312277638,1.1412939030155578,1.0316190969844425,25,Extreme Fear,59.3,
2026-08-07,1.0343,1.04175,1.0125,1.0206,22074904.733304,XRP,32.22990361810565,1.0744974187400602,1.1093970273785483,-0.01694925520928936,-0.012162333540078977,1.145011974680588,1.020756025319412,29,Fear,59.3,
2026-08-08,1.02028,1.04798,1.01961,1.03865,9115299.94945494,XRP,36.16920152091252,1.0712385624909628,1.1066226190534982,-0.017620620596952463,-0.013253990951453675,1.1447288221194218,1.015205177880578,30,Fear,59.3,
2026-08-09,1.03873,1.04683,1.02555,1.02907,5536521.54197495,XRP,29.77695348723705,1.0674050568099651,1.1035813239772643,-0.01871003085108769,-0.014345198931380478,1.1426020434451232,1.0090789565548768,31,Fear,59.3,
2026-08-10,1.02901,1.0397,1.005,1.01095,10488566.07384932,XRP,34.60774859606329,1.0622727789181488,1.0999487047929581,-0.02079580776405554,-0.01563532069791549,1.134157979538093,1.004329020461907,30,Fear,59.3,
2026-08-11,1.01146,1.02513,0.99012,1.02221,18877683.62778268,XRP,37.67637995350597,1.0586307081074071,1.0969001134239655,-0.02129474058464287,-0.016767204675260966,1.1218043959243849,1.0047396040756151,29,Fear,59.3,
2026-08-12,1.02184,1.02489,1.0,1.00461,5840405.63786224,XRP,32.86854602404772,1.0537197346430962,1.0932808765105593,-0.022846955864691543,-0.017983154913147083,1.118418627084211,0.9978653729157894,27,Fear,59.3,
2026-08-13,1.00455,1.01425,0.9975,1.00855,11917834.76755165,XRP,30.899635985439502,1.0496133951300868,1.0899580822388704,-0.023488412783662316,-0.019084206487250132,1.1160801748013243,0.9919558251986759,29,Fear,59.3,
2026-08-14,1.00863,1.01301,0.98471,0.99859,11928155.53613794,XRP,32.8178504363195,1.0449749046637145,1.0863750048561092,-0.024517834440554997,-0.020170932077911107,1.112434665286347,0.9857753347136534,29,Fear,59.3,
2026-08-15,0.99864,1.0069,0.99721,1.00175,5372459.62505685,XRP,34.209807030011504,1.0410453678761034,1.0830563635691595,-0.02479287608695424,-0.021095320879719735,1.1029565503082772,0.9842344496917225,34,Fear,59.3,
2026-08-16,1.00163,1.00266,0.98941,0.99245,4497101.39817298,XRP,21.92580994821155,1.0366276071600933,1.0795031588038906,-0.02546770499977913,-0.021969797703731617,1.1025689333170754,0.9773450666829248,34,Fear,59.3,
2026-08-17,0.99258,1.00751,0.98764,1.00223,11219900.20803837,XRP,27.997333010061837,1.033500551963721,1.0764728273488287,-0.024926015914413124,-0.02256104134586792,1.1000144132430685,0.9733425867569315,31,Fear,59.3,
2026-08-18,1.00241,1.00545,0.98811,1.00107,9101881.85612421,XRP,28.092689453837735,1.0305523199670188,1.073515842943875,-0.024310094084969425,-0.022910851893688224,1.0960047522603311,0.9702162477396689,41,Fear,59.3,
2026-08-19,1.00142,1.13487,0.99538,1.10537,45127772.3182739,XRP,58.59746125691144,1.037353927242745,1.0747650299503733,-0.015230268217873988,-0.02137473515852538,1.101700974552293,0.9668560254477072,46,Fear,59.3,
2026-08-20,1.10521,1.34369,1.0875,1.268,93125800.41813359,XRP,79.76766698935138,1.058321752038861,1.0823428974228857,0.005030453110322464,-0.01609369750475581,1.1689194608015414,0.9203565391984591,62,Greed,59.3,
2026-08-21,1.26846,1.47633,1.25915,1.45425,132140289.25460938,XRP,88.36999416022225,1.0943152291262404,1.0969275368524911,0.03570446038290953,-0.005734065927222739,1.2859183011082482,0.8428306988917517,72,Greed,59.3,
2026-08-22,1.45424,1.7,1.3359,1.46177,214989259.1401602,XRP,88.14916330063473,1.1277202082965845,1.1112351288877873,0.059929799865592326,0.0073987072313402786,1.3673337169076025,0.7990232830923975,71,Greed,59.3,
2026-08-23,1.46179,1.55077,1.43488,1.51989,67554183.08400472,XRP,90.69142762394297,1.163372007542352,1.1272608579549328,0.08286315929076937,0.022491597643226106,1.4500986029314735,0.7607643970685267,66,Greed,59.3,
2026-08-24,1.52077,1.5306,1.45304,1.48115,60247628.87910039,XRP,87.69319566472134,1.1922609159475943,1.14113890333528,0.0967962111562386,0.037352520345828616,1.5086411570908491,0.7430258429091511,73,Greed,59.3,
2026-08-25,1.48075,1.54971,1.39438,1.4335,44968696.22238632,XRP,81.1531411431428,1.2141917417705415,1.1526040759797018,0.10280818955624427,0.05044365418791175,1.5495797062830383,0.739316293716962,74,Greed,59.3,
2026-08-26,1.43368,1.44999,1.3572,1.42282,68659846.2447689,XRP,82.01289058313813,1.2331579470641296,1.1632008069424202,0.1054948599316865,0.06145389533666672,1.5837578363868794,0.7439901636131208,65,Greed,59.3,
2026-08-27,1.42298,1.47414,1.39336,1.45357,37492795.55676409,XRP,82.72205882352941,1.253195406421937,1.174587863091418,0.10885057193597358,0.07093323065652811,1.6187380786611936,0.7523069213388065,71,Greed,59.3,
2026-08-28,1.45387,1.472,1.3631,1.38376,62839078.94990615,XRP,76.03027640737989,1.2650649149290343,1.1827907120405927,0.10467033978059725,0.07768065248134194,1.6388444563355777,0.7667115436644221,73,Greed,59.3,
2026-08-29,1.38361,1.40347,1.37704,1.39661,12909493.92190146,XRP,76.34015529524777,1.2770235590263954,1.191175801849136,0.10122747595764392,0.08239001717660234,1.6573764250632652,0.7849335749367348,68,Greed,59.3,
2026-08-30,1.3966,1.433,1.335,1.35751,19793269.24698403,XRP,73.42109990504787,1.2843405082058144,1.1976987262989602,0.09425739773790198,0.08476349328886228,1.667011627753416,0.8099543722465841,69,Greed,59.3,
2026-08-31,1.35767,1.39579,1.33914,1.37943,23888922.67555822,XRP,73.8287764693991,1.2929850074598315,1.2048254583649232,0.08947095585360465,0.08570498580181075,1.67661620945229,0.8360717905477097,62,Greed,59.3,
2026-09-01,1.37954,1.39669,1.33777,1.35111,22837978.14606649,XRP,71.37936089123426,1.298269097690756,1.2105621190054447,0.08244213721660199,0.085052416084769,1.6785325749900193,0.8688054250099807,69,Greed,59.3,
2026-09-02,1.35111,1.35671,1.30948,1.35075,36525130.2941544,XRP,67.16664334685882,1.3030400888097782,1.2160596939679145,0.0759669985441167,0.08323533257663855,1.6769592953843868,0.904598704615613,63,Greed,59.3,
2026-09-03,1.35071,1.48323,1.33975,1.45113,61450037.44022276,XRP,64.03402559583111,1.3165028080088894,1.2252781550665004,0.07803568478589296,0.08219540301848945,1.6800380991144486,0.9467739008855516,65,Greed,59.3,
2026-09-04,1.45113,1.462,1.38268,1.39896,41406165.32967695,XRP,44.66693674402453,1.3239989163717178,1.2320892203913865,0.07460544540514413,0.08067741149582039,1.6706845420893086,0.9958484579106917,74,Greed,59.3,
2026-09-05,1.39888,1.42799,1.39404,1.41238,26622926.77625937,XRP,45.289640833921446,1.3320335603379256,1.239159459591681,0.0721382727232931,0.07896958374131494,1.6523544521700608,1.0561715478299392,73,Greed,59.3,
2026-09-06,1.4126,1.43261,1.3986,1.42357,25205770.82530379,XRP,39.91075543637659,1.3403550548526597,1.2463912578224126,0.07027586366800809,0.07723083972665357,1.624149443393276,1.126510556606724,73,Greed,59.3,
2026-09-07,1.42362,1.43085,1.37753,1.39644,35804408.23110097,XRP,40.905674961887776,1.3454536862296906,1.252275531862463,0.06585163020683882,0.07495499782269062,1.5707998080591528,1.2193971919408473,71,Greed,59.3,
2026-09-08,1.39653,1.45019,1.38081,1.4172,39820993.03391158,XRP,48.14283110017319,1.3519760783906278,1.258743168245101,0.06329097287734364,0.07262219283362123,1.521496598701532,1.299883401298468,69,Greed,59.3,
2026-09-09,1.41721,1.44565,1.37807,1.39493,39591670.58364964,XRP,46.90406944475279,1.3558809803551162,1.2640838363913545,0.05878697100521557,0.0698551484679401,1.5057742760359265,1.3282987239640731,66,Greed,59.3,
2026-09-10,1.39465,1.39629,1.32886,1.33398,36750464.09596154,XRP,37.559037097143325,1.3538899821410146,1.2668248663982888,0.04972614935607922,0.06582934864556791,1.5052720097338022,1.3167739902661977,69,Greed,59.3,
2026-09-11,1.3344,1.43261,1.31506,1.35614,49144186.306361,XRP,46.810476234468084,1.3540945292191042,1.2703274255472499,0.04382828453858645,0.06142913582417162,1.4998552733139063,1.3116277266860936,56,Greed,59.3,
2026-09-12,1.35612,1.37421,1.354,1.36616,22077551.85160284,XRP,46.4605370219691,1.3551913901991857,1.2740855707630114,0.039507298889109865,0.05704476843715928,1.4767654360098146,1.319344563990185,63,Greed,59.3,
2026-09-13,1.36602,1.37,1.33235,1.34064,18530803.36669456,XRP,47.975130230213416,1.3538685365447143,1.2766955517438598,0.033635902167857834,0.05236299518329898,1.4633335083260475,1.3187254916739524,61,Greed,59.3,
2026-09-14,1.34078,1.49234,1.33501,1.42315,84425292.38626705,XRP,54.58127252913068,1.3601668514042857,1.2824388705518273,0.03523448419912589,0.04893729298646437,1.4616752781116222,1.3193487218883777,57,Greed,59.3,
2026-09-15,1.42283,1.46,1.26409,1.28257,117357050.97216547,XRP,44.185809779104886,1.3531125921857141,1.282444012889246,0.024871042950740385,0.04412404297931958,1.4677037292912867,1.299295270708713,69,Greed,59.3,
2026-09-16,1.28239,1.317,1.2461,1.29828,60718094.27847188,XRP,45.661987201746136,1.348127811077922,1.2830650327014752,0.017721326383474567,0.03884349966015058,1.4613607611261612,1.2901092388738387,51,Neutral,59.3,
2026-09-17,1.2983,1.31944,1.2861,1.296,46316197.06950503,XRP,34.691219136716214,1.3433889191617472,1.2835722868780963,0.011735863815007797,0.03342197249112202,1.463951525091282,1.2787424749087182,50,Neutral,59.3,
2026-09-18,1.29516,1.414,1.2908,1.39609,91158704.90660454,XRP,49.74125029300926,1.348179926510679,1.2879847508719866,0.014897044266299453,0.029716986846157506,1.4638959473670572,1.2787460526329424,56,Greed,59.3,
2026-09-19,1.3961,1.45484,1.39235,1.41018,49780095.02533147,XRP,49.801894607931416,1.3538162968278902,1.2927767262839582,0.01832797431484301,0.027439184339894604,1.4678622328748683,1.2800467671251317,71,Greed,59.3,
2026-09-20,1.41017,1.41738,1.36744,1.41013,42591793.75083334,XRP,48.7649783136073,1.358935724388991,1.2973788199317717,0.020803170514530178,0.026111981574821717,1.4707677154314556,1.2802112845685445,71,Greed,59.3,
2026-09-21,1.41009,1.5748,1.40373,1.53636,99090253.29397126,XRP,60.876527471160735,1.3750652039899918,1.306750639685102,0.0325749832576856,0.0274045819113945,1.5032418722921193,1.2662621277078807,70,Greed,59.3,
2026-09-22,1.53601,1.61,1.49266,1.57231,105321829.23146547,XRP,61.779134581795546,1.3929965490818108,1.3171647416099312,0.04429449485692927,0.03078256450050145,1.539654975797568,1.2520050242024323,78,Extreme Greed,59.3,
2026-09-23,1.57173,1.6578,1.48,1.50078,100610587.82138383,XRP,57.47876835248067,1.402795044619828,1.324365346198442,0.04726557095484463,0.034079165791370096,1.54776051509489,1.2488644849051096,71,Greed,59.3,
2026-09-24,1.50048,1.54807,1.45162,1.53423,48109551.67112884,XRP,64.72058455974242,1.4147436769271164,1.3325953394527426,0.05172307421155553,0.03760794747540719,1.5664178193447893,1.2437341806552107,71,Greed,59.3,
2026-09-25,1.5342,1.62929,1.51863,1.56815,91215986.71503821,XRP,65.32019134883586,1.4286897062973785,1.3418327844874733,0.057331852270665395,0.041552728434458834,1.5899607771727116,1.2357682228272884,71,Greed,59.3,
2026-09-26,1.5684,1.5806,1.502,1.52708,39337428.3437947,XRP,61.128938559849516,1.4376342784521623,1.3490973867400702,0.05779660029680245,0.04480150280692756,1.6023563989049154,1.2337236010950845,74,Greed,59.3,
2026-09-27,1.52687,1.54562,1.5028,1.51642,32118645.72223029,XRP,62.41173812348191,1.444796616774693,1.3556590626784333,0.05665169803469694,0.047171541852481444,1.6131431735630393,1.2349348264369608,70,Greed,59.3,
2026-09-28,1.51672,1.533,1.46942,1.49612,43029521.6023325,XRP,55.648619776749086,1.4494623788860845,1.3611673386259608,0.05348971822211257,0.04843517712640767,1.6197630106488585,1.2362069893511416,74,Greed,59.3,
2026-09-29,1.4961,1.56056,1.46444,1.49011,59800882.66874229,XRP,70.29373802166856,1.4531576171691678,1.3662239170178017,0.04992338397325513,0.048732818495777167,1.6257878981873837,1.2397001018126164,73,Greed,59.3,
2026-09-30,1.49024,1.54357,1.48446,1.48893,38091847.53224633,XRP,69.18741571224413,1.456409651971971,1.3710359234135847,0.04646618894667731,0.0482794925859572,1.629235442533715,1.251747557466285,71,Greed,59.3,
2026-10-01,1.4891,1.50965,1.47398,1.49386,35016506.87508125,XRP,69.80739198334201,1.4598142290654283,1.3758525568892361,0.04362130749911075,0.047347855568587914,1.6331900776577082,1.2615649223422918,74,Greed,59.3,
2026-10-02,1.49365,1.55506,1.44698,1.48441,51067283.42868724,XRP,60.80181987182624,1.4620502082412985,1.3801097140866563,0.04014145670686875,0.04590657579624409,1.6357157381425502,1.2708642618574497,72,Greed,59.3,
2026-10-03,1.48455,1.4958,1.4794,1.48606,10709628.42567857,XRP,59.57162318986832,1.4642329165829986,1.384264629665541,0.03708924931457824,0.044143110499910924,1.6355211240463892,1.2856008759536108,67,Greed,59.3,
2026-10-04,1.48606,1.52698,1.48505,1.52016,14397487.83979089,XRP,62.78140464186975,1.4693171968936352,1.3895938628394995,0.036995477148939804,0.042713583829716704,1.64138062088866,1.28944237911134,65,Greed,59.3,
2026-10-05,1.5201,1.53087,1.48629,1.50748,22240189.29797511,XRP,45.443069931835396,1.4727865426305773,1.3942168510815072,0.03548889807729827,0.04126864667923302,1.6308229350864012,1.3224910649135986,70,Greed,59.3,
2026-10-06,1.50776,1.52382,1.4908,1.49698,16918698.99398088,XRP,37.075798648045804,1.4749859478459793,1.3982467805596195,0.03306649113424909,0.03962821557023624,1.615974728465877,1.3572092715341229,73,Greed,59.3,
2026-10-07,1.49698,1.49964,1.40678,1.42082,41644173.3554166,XRP,36.4959805444842,1.4700617707690722,1.399132005288173,0.024716326251417176,0.03664583770647243,1.5920256604034106,1.393640339596589,71,Greed,59.3,
2026-10-08,1.42047,1.42869,1.3177,1.37915,50655119.83379029,XRP,24.51689233600628,1.46179706433552,1.3983483968661827,0.014568404177959238,0.03223035100076979,1.5948772473184598,1.3890947526815403,64,Greed,59.3,
2026-10-09,1.37964,1.40583,1.37297,1.37901,17085569.45049062,XRP,15.03881700554524,1.4542709675777457,1.3975900280162161,0.006440563189603399,0.027072393438536513,1.5993061559480979,1.3815488440519021,59,Greed,59.3,
